Entity, Code, Year, (current US$), (current international $)Afghanistan,AFG,2003,198.728543552291
Afghanistan,AFG,2004,219.141352785465
Afghanistan,AFG,2005,250.29412990949
Afghanistan,AFG,2006,272.563077018147
Afghanistan,AFG,2007,369.835795969823
Afghanistan,AFG,2008,373.361116300036
Afghanistan,AFG,2009,445.893297923744
Afghanistan,AFG,2010,553.300289383064
Afghanistan,AFG,2011,603.53702306241
Afghanistan,AFG,2012,669.009050888028
Afghanistan,AFG,2013,631.744970641527
Albania,ALB,2003,1890.68155733514
Albania,ALB,2004,2416.58823505194
Albania,ALB,2005,2709.14293061386
Albania,ALB,2006,3005.01290331851
Albania,ALB,2007,3603.01368536638
Albania,ALB,2008,4370.53964653148
Albania,ALB,2009,4114.13654490945
Albania,ALB,2010,4094.35883191918
Albania,ALB,2011,4437.17806843608
Albania,ALB,2012,4247.61430826246
Albania,ALB,2013,4414.72313957332
Algeria,DZA,2003,2094.33550572581
Algeria,DZA,2004,2598.90802346666
Algeria,DZA,2005,3100.12237758677
Algeria,DZA,2006,3464.61007870202
Algeria,DZA,2007,3935.18334285931
Algeria,DZA,2008,4905.25486576261
Algeria,DZA,2009,3868.83123040908
Algeria,DZA,2010,4463.39467488951
Algeria,DZA,2011,5432.25020268075
Algeria,DZA,2012,5564.82565958068
Algeria,DZA,2013,5471.86676584854
American Samoa,ASM,2003,8914.52543261668
American Samoa,ASM,2003,8914.52543261668
American Samoa,ASM,2004,8639.30885529158
American Samoa,ASM,2004,8639.30885529158
American Samoa,ASM,2005,8508.40691498359
American Samoa,ASM,2005,8508.40691498359
American Samoa,ASM,2006,8456.94799658994
American Samoa,ASM,2006,8456.94799658994
American Samoa,ASM,2007,8980.53641434813
American Samoa,ASM,2007,8980.53641434813
American Samoa,ASM,2008,9871.99719445906
American Samoa,ASM,2008,9871.99719445906
American Samoa,ASM,2009,12058.26382343
American Samoa,ASM,2009,12058.26382343
American Samoa,ASM,2010,10352.8227618312
American Samoa,ASM,2010,10352.8227618312
American Samoa,ASM,2011,10375.9942154736
American Samoa,ASM,2011,10375.9942154736
American Samoa,ASM,2012,11660.329531052
American Samoa,ASM,2012,11660.329531052
American Samoa,ASM,2013,11553.6912144936
American Samoa,ASM,2013,11553.6912144936
Andorra,AND,2003,32438.6839009185
Andorra,AND,2004,38255.9504989711
Andorra,AND,2005,41185.9890206932
Andorra,AND,2006,43666.985144989
Andorra,AND,2007,48510.4672826221
Andorra,AND,2008,47712.2990809422
Andorra,AND,2009,43215.6870129515
Andorra,AND,2010,39627.6635163399
Andorra,AND,2011,40919.1832785953
Andorra,AND,2012,38167.0957462493
Andorra,AND,2013,40215.4353174077
Angola,AGO,2003,779.468305598703
Angola,AGO,2004,1041.08684392862
Angola,AGO,2005,1443.99192856374
Angola,AGO,2006,2062.41514942577
Angola,AGO,2007,2878.83714393079
Angola,AGO,2008,3868.57888289748
Angola,AGO,2009,3347.84485033644
Angola,AGO,2010,3529.05348173757
Angola,AGO,2011,4299.01288877922
Angola,AGO,2012,4598.24998765441
Angola,AGO,2013,4804.61688354724
Antigua and Barbuda,ATG,2003,9739.82555981112
Antigua and Barbuda,ATG,2004,10352.8373995306
Antigua and Barbuda,ATG,2005,11371.9389450961
Antigua and Barbuda,ATG,2006,12724.3937661984
Antigua and Barbuda,ATG,2007,14252.2945243095
Antigua and Barbuda,ATG,2008,14703.3192278764
Antigua and Barbuda,ATG,2009,13012.4669181422
Antigua and Barbuda,ATG,2010,12126.8761392994
Antigua and Barbuda,ATG,2011,11929.3499142745
Antigua and Barbuda,ATG,2012,12565.4419725532
Antigua and Barbuda,ATG,2013,12224.8641551267
Argentina,ARG,2003,3330.43700583548
Argentina,ARG,2004,4251.57434819873
Argentina,ARG,2005,5076.8838291729
Argentina,ARG,2006,5878.76102735207
Argentina,ARG,2007,7193.61763973522
Argentina,ARG,2008,8953.35927526277
Argentina,ARG,2009,8161.30696648652
Argentina,ARG,2010,10276.2604977053
Argentina,ARG,2011,12726.9083594731
Argentina,ARG,2012,12969.7071238969
Argentina,ARG,2013,12976.6364245411
Armenia,ARM,2003,930.166156701539
Armenia,ARM,2004,1191.96191990706
Armenia,ARM,2005,1643.75839706397
Armenia,ARM,2006,2158.00290895457
Armenia,ARM,2007,3138.80870341248
Armenia,ARM,2008,4010.02699722693
Armenia,ARM,2009,2993.83253109033
Armenia,ARM,2010,3218.38165488465
Armenia,ARM,2011,3526.97814267659
Armenia,ARM,2012,3684.80481032649
Armenia,ARM,2013,3843.5912130934
Aruba,ABW,2003,20834.5101990131
Aruba,ABW,2004,22567.8249248908
Aruba,ABW,2005,23302.8319880055
Aruba,ABW,2006,24014.9442670501
Aruba,ABW,2007,25921.026051998
Aruba,ABW,2008,27546.8993898034
Aruba,ABW,2009,24631.4348604167
Aruba,ABW,2010,24271.9404205267
Aruba,ABW,2011,25324.7203624669
Australia,AUS,2003,23465.3855857164
Australia,AUS,2004,30472.3797728289
Australia,AUS,2005,34016.7148304822
Australia,AUS,2006,36118.2838130869
Australia,AUS,2007,40991.9828858155
Australia,AUS,2008,49664.6850434485
Australia,AUS,2009,42742.9989811703
Australia,AUS,2010,51874.0804819957
Australia,AUS,2011,62245.100292102
Australia,AUS,2012,67677.6347662796
Australia,AUS,2013,67792.3038620501
Austria,AUT,2003,32102.9305523558
Austria,AUT,2004,36693.4026205182
Austria,AUT,2005,38242.0425174699
Austria,AUT,2006,40430.993614499
Austria,AUT,2007,46586.6502529235
Austria,AUT,2008,51386.3766511975
Austria,AUT,2009,47654.1872090808
Austria,AUT,2010,46657.0629004957
Austria,AUT,2011,51126.7413919311
Austria,AUT,2012,48333.572726737
Austria,AUT,2013,50504.7153221994
Azerbaijan,AZE,2003,883.64399654717
Azerbaijan,AZE,2004,1045.02162987002
Azerbaijan,AZE,2005,1578.40239029603
Azerbaijan,AZE,2006,2473.08577636837
Azerbaijan,AZE,2007,3851.43786871172
Azerbaijan,AZE,2008,5574.60380218613
Azerbaijan,AZE,2009,4950.29479142375
Azerbaijan,AZE,2010,5842.80578358576
Azerbaijan,AZE,2011,7189.69122920765
Azerbaijan,AZE,2012,7496.33572799679
Azerbaijan,AZE,2013,7875.75695254288
Bahamas,BHS,2003,22009.2004332596
Bahamas,BHS,2004,21996.4064912596
Bahamas,BHS,2005,23405.4530158026
Bahamas,BHS,2006,23719.1078819641
Bahamas,BHS,2007,24301.2432520857
Bahamas,BHS,2008,23652.3305303491
Bahamas,BHS,2009,22037.1080100097
Bahamas,BHS,2010,21921.5590634977
Bahamas,BHS,2011,21523.9737238384
Bahamas,BHS,2012,22575.5901935012
Bahamas,BHS,2013,22590.3933835224
Bahrain,BHR,2003,14221.9925934886
Bahrain,BHR,2004,15846.4764093173
Bahrain,BHR,2005,17959.1785373542
Bahrain,BHR,2006,19307.9954920205
Bahrain,BHR,2007,20977.1105261075
Bahrain,BHR,2008,23067.5653465171
Bahrain,BHR,2009,19356.6723557874
Bahrain,BHR,2010,20722.1038895508
Bahrain,BHR,2011,22810.1024185916
Bahrain,BHR,2012,23649.3666139101
Bahrain,BHR,2013,25010.1832908239
Bangladesh,BGD,2003,432.738897240785
Bangladesh,BGD,2004,460.75791673039
Bangladesh,BGD,2005,484.155407057992
Bangladesh,BGD,2006,494.050146576549
Bangladesh,BGD,2007,541.065148395087
Bangladesh,BGD,2008,615.777541053092
Bangladesh,BGD,2009,681.120536769049
Bangladesh,BGD,2010,757.671757176894
Bangladesh,BGD,2011,835.789340127412
Bangladesh,BGD,2012,856.342857027401
Bangladesh,BGD,2013,951.889453456343
Barbados,BRB,2003,12028.5044743076
Barbados,BRB,2004,12868.8630941907
Barbados,BRB,2005,14223.8657630135
Barbados,BRB,2006,15646.0559135322
Barbados,BRB,2007,16462.4855636689
Barbados,BRB,2008,16570.3202809761
Barbados,BRB,2009,16523.3238768988
Barbados,BRB,2010,15905.9123150278
Barbados,BRB,2011,15534.1570414931
Barbados,BRB,2012,15384.8749045581
Barbados,BRB,2013,15472.7813981148
Belarus,BLR,2003,1819.52564412303
Belarus,BLR,2004,2378.33920660218
Belarus,BLR,2005,3126.07176665248
Belarus,BLR,2006,3848.21596648735
Belarus,BLR,2007,4735.48482673686
Belarus,BLR,2008,6376.18315298455
Belarus,BLR,2009,5176.17264927017
Belarus,BLR,2010,6030.38870666591
Belarus,BLR,2011,6519.71075336747
Belarus,BLR,2012,6940.24391508304
Belarus,BLR,2013,7978.82544260088
Belgium,BEL,2003,30743.9569254283
Belgium,BEL,2004,35589.7129457001
Belgium,BEL,2005,36967.2829204297
Belgium,BEL,2006,38852.3610339939
Belgium,BEL,2007,44403.8313061102
Belgium,BEL,2008,48424.5892730273
Belgium,BEL,2009,44880.5601517887
Belgium,BEL,2010,44380.2374107585
Belgium,BEL,2011,47702.7741452744
Belgium,BEL,2012,44740.5717021938
Belgium,BEL,2013,46510.3864701585
Belize,BLZ,2003,3679.90952327871
Belize,BLZ,2004,3831.5380185375
Belize,BLZ,2005,3933.33221546402
Belize,BLZ,2006,4187.37802969592
Belize,BLZ,2007,4324.87642716156
Belize,BLZ,2008,4470.22079597603
Belize,BLZ,2009,4258.78861143762
Belize,BLZ,2010,4344.15017661252
Belize,BLZ,2011,4516.24674961724
Belize,BLZ,2012,4673.63848043219
Belize,BLZ,2013,4688.53844343529
Benin,BEN,2003,519.292284661195
Benin,BEN,2004,583.409351430682
Benin,BEN,2005,601.799976958875
Benin,BEN,2006,625.830091976463
Benin,BEN,2007,706.053541900699
Benin,BEN,2008,820.151349819346
Benin,BEN,2009,793.452430030705
Benin,BEN,2010,757.695907409377
Benin,BEN,2011,825.942785363215
Benin,BEN,2012,837.950500075362
Benin,BEN,2013,915.267458596353
Bermuda,BMU,2003,66111.7252270036
Bermuda,BMU,2004,70359.3191088798
Bermuda,BMU,2005,75882.0338560339
Bermuda,BMU,2006,83912.6977976846
Bermuda,BMU,2007,90849.5869806436
Bermuda,BMU,2008,93605.7481653976
Bermuda,BMU,2009,88463.3128161375
Bermuda,BMU,2010,88207.3275597322
Bermuda,BMU,2011,85973.158416455
Bermuda,BMU,2012,85458.455507886
Bermuda,BMU,2013,85748.0654143782
Bhutan,BTN,2003,997.741714073303
Bhutan,BTN,2004,1097.45708762103
Bhutan,BTN,2005,1247.06139160896
Bhutan,BTN,2006,1335.45690588598
Bhutan,BTN,2007,1741.14255168898
Bhutan,BTN,2008,1795.18130720282
Bhutan,BTN,2009,1770.23449659172
Bhutan,BTN,2010,2178.92138307967
Bhutan,BTN,2011,2458.0459761545
Bhutan,BTN,2012,2422.00801577828
Bhutan,BTN,2013,2350.88288924473
Bolivia,BOL,2003,917.36431048617
Bolivia,BOL,2004,978.334648481852
Bolivia,BOL,2005,1046.42738414317
Bolivia,BOL,2006,1233.59443543787
Bolivia,BOL,2007,1389.63488800496
Bolivia,BOL,2008,1736.93505102289
Bolivia,BOL,2009,1776.86647562189
Bolivia,BOL,2010,1981.16070450437
Bolivia,BOL,2011,2377.67591794125
Bolivia,BOL,2012,2645.22775260146
Bolivia,BOL,2013,2947.93852628051
Botswana,BWA,2003,4163.06590578447
Botswana,BWA,2004,4896.58383481133
Botswana,BWA,2005,5351.25373171646
Botswana,BWA,2006,5374.55486690776
Botswana,BWA,2007,5714.0479369416
Botswana,BWA,2008,5623.37956613594
Botswana,BWA,2009,5185.72984538137
Botswana,BWA,2010,6346.15620387349
Botswana,BWA,2011,7645.21460862033
Botswana,BWA,2012,7029.23145314082
Botswana,BWA,2013,7007.62578327722
Brazil,BRA,2003,3059.58758189041
Brazil,BRA,2004,3623.04766729318
Brazil,BRA,2005,4770.1827462882
Brazil,BRA,2006,5860.14597534658
Brazil,BRA,2007,7313.55796155951
Brazil,BRA,2008,8787.61037498832
Brazil,BRA,2009,8553.38047007269
Brazil,BRA,2010,11224.1540829355
Brazil,BRA,2011,13167.4728917533
Brazil,BRA,2012,12291.4668523291
Brazil,BRA,2013,12216.9044643396
Bulgaria,BGR,2003,2710.46802357321
Bulgaria,BGR,2004,3381.50783656134
Bulgaria,BGR,2005,3893.68998049907
Bulgaria,BGR,2006,4513.13627954383
Bulgaria,BGR,2007,5932.89967659315
Bulgaria,BGR,2008,7296.12247858585
Bulgaria,BGR,2009,6955.98773253421
Bulgaria,BGR,2010,6843.26328885315
Bulgaria,BGR,2011,7813.80349946173
Bulgaria,BGR,2012,7378.02553944156
Bulgaria,BGR,2013,7674.86055914027
Burkina Faso,BFA,2003,332.344305065633
Burkina Faso,BFA,2004,371.323086483012
Burkina Faso,BFA,2005,406.998807060623
Burkina Faso,BFA,2006,422.633237360208
Burkina Faso,BFA,2007,475.110012184526
Burkina Faso,BFA,2008,569.761278420207
Burkina Faso,BFA,2009,552.745552106433
Burkina Faso,BFA,2010,575.446452687734
Burkina Faso,BFA,2011,666.840278277209
Burkina Faso,BFA,2012,673.822700024092
Burkina Faso,BFA,2013,699.045284668085
Burundi,BDI,2003,112.849370292195
Burundi,BDI,2004,127.429664803296
Burundi,BDI,2005,150.507043368766
Burundi,BDI,2006,165.87941756143
Burundi,BDI,2007,170.799900471753
Burundi,BDI,2008,196.247262831381
Burundi,BDI,2009,204.94465018984
Burundi,BDI,2010,231.194325649216
Burundi,BDI,2011,260.479907338153
Burundi,BDI,2012,265.285605131269
Burundi,BDI,2013,282.755525208188
Cambodia,KHM,2003,362.42137851157
Cambodia,KHM,2004,408.610518400279
Cambodia,KHM,2005,474.223876626018
Cambodia,KHM,2006,539.879152869066
Cambodia,KHM,2007,631.675789035958
Cambodia,KHM,2008,745.78778726073
Cambodia,KHM,2009,738.232668432306
Cambodia,KHM,2010,785.692884137286
Cambodia,KHM,2011,882.490146161383
Cambodia,KHM,2012,950.024413173571
Cambodia,KHM,2013,1028.41956811376
Cameroon,CMR,2003,824.868939316172
Cameroon,CMR,2004,930.201171550831
Cameroon,CMR,2005,952.187248439453
Cameroon,CMR,2006,1002.98916370663
Cameroon,CMR,2007,1110.70118592548
Cameroon,CMR,2008,1233.52431614575
Cameroon,CMR,2009,1203.19530763622
Cameroon,CMR,2010,1182.86922701266
Cameroon,CMR,2011,1295.649725738
Cameroon,CMR,2012,1255.64818919045
Cameroon,CMR,2013,1365.34418999758
Canada,CAN,2003,28172.1488309084
Canada,CAN,2004,31979.8719510723
Canada,CAN,2005,36189.5883840265
Canada,CAN,2006,40386.6994835116
Canada,CAN,2007,44544.5268004039
Canada,CAN,2008,46596.3359912609
Canada,CAN,2009,40773.4543637445
Canada,CAN,2010,47447.4760241936
Canada,CAN,2011,52082.2107601003
Canada,CAN,2012,52496.6948704709
Canada,CAN,2013,52413.7211560786
Cape Verde,CPV,2003,1768.92130162582
Cape Verde,CPV,2004,1976.45850602099
Cape Verde,CPV,2005,2048.13459038853
Cape Verde,CPV,2006,2304.2899020136
Cape Verde,CPV,2007,3112.28571215206
Cape Verde,CPV,2008,3638.90594639645
Cape Verde,CPV,2009,3444.55659984684
Cape Verde,CPV,2010,3312.82598480901
Cape Verde,CPV,2011,3670.42945259692
Cape Verde,CPV,2012,3408.48276238421
Cape Verde,CPV,2013,3558.79631355078
Cayman Islands,CYM,2006,64100.9076960695
Cayman Islands,CYM,2011,
Central African Republic,CAF,2003,286.250801903988
Central African Republic,CAF,2004,313.210598044673
Central African Republic,CAF,2005,327.114946078927
Central African Republic,CAF,2006,347.607367766294
Central African Republic,CAF,2007,397.148046663325
Central African Republic,CAF,2008,456.861433397657
Central African Republic,CAF,2009,449.960183909181
Central African Republic,CAF,2010,446.443449375206
Central African Republic,CAF,2011,494.330677886517
Central African Republic,CAF,2012,486.410113966205
Central African Republic,CAF,2013,337.484961398269
Chad,TCD,2003,292.591436432233
Chad,TCD,2004,454.676587940598
Chad,TCD,2005,660.242139573492
Chad,TCD,2006,712.184769377316
Chad,TCD,2007,801.683884044603
Chad,TCD,2008,929.770239130465
Chad,TCD,2009,804.455903856423
Chad,TCD,2010,896.569734113861
Chad,TCD,2011,989.236363298336
Chad,TCD,2012,973.470257398779
Chad,TCD,2013,986.010317729048
Chile,CHL,2003,4787.69953202446
Chile,CHL,2004,6210.82832487165
Chile,CHL,2005,7615.30467991411
Chile,CHL,2006,9484.68122668526
Chile,CHL,2007,10526.8774613085
Chile,CHL,2008,10781.3660783703
Chile,CHL,2009,10243.328236588
Chile,CHL,2010,12860.1776447469
Chile,CHL,2011,14705.6924209903
Chile,CHL,2012,15431.9029324117
Chile,CHL,2013,15941.3972192355
China,CHN,2003,1288.6429243993
China,CHN,2004,1508.66846230805
China,CHN,2005,1753.41780007468
China,CHN,2006,2099.22967551721
China,CHN,2007,2695.36622271788
China,CHN,2008,3471.24754726234
China,CHN,2009,3838.43429215628
China,CHN,2010,4560.5124871009
China,CHN,2011,5633.79610636071
China,CHN,2012,6337.8829926902
China,CHN,2013,7077.7705938533
Colombia,COL,2003,2246.2574724306
Colombia,COL,2004,2740.24944202769
Colombia,COL,2005,3386.02560001811
Colombia,COL,2006,3709.07877589912
Colombia,COL,2007,4674.21961032951
Colombia,COL,2008,5433.72045003263
Colombia,COL,2009,5148.42211290856
Colombia,COL,2010,6250.65504429614
Colombia,COL,2011,7227.73967983349
Colombia,COL,2012,7884.98442882865
Colombia,COL,2013,8030.58603049039
Comoros,COM,2003,544.506652602757
Comoros,COM,2004,616.419723606328
Comoros,COM,2005,621.903370202384
Comoros,COM,2006,648.300871676333
Comoros,COM,2007,720.759301258731
Comoros,COM,2008,795.970501862599
Comoros,COM,2009,778.545419864544
Comoros,COM,2010,769.174288260466
Comoros,COM,2011,829.758688479073
Comoros,COM,2012,788.632652955229
Comoros,COM,2013,834.341094890303
Congo,COG,2003,998.101311670601
Congo,COG,2004,1289.33783690965
Congo,COG,2005,1637.06438124572
Congo,COG,2006,2012.11007047306
Congo,COG,2007,2111.20948856339
Congo,COG,2008,2881.5942917522
Congo,COG,2009,2255.3328789626
Congo,COG,2010,2737.34236484237
Congo,COG,2011,3196.64753357015
Congo,COG,2012,2952.05234806594
Congo,COG,2013,2964.57315159493
Costa Rica,CRI,2003,4167.71410665586
Costa Rica,CRI,2004,4425.50746720577
Costa Rica,CRI,2005,4697.01113456115
Costa Rica,CRI,2006,5245.18737215155
Costa Rica,CRI,2007,6120.62341828065
Costa Rica,CRI,2008,6911.13613586409
Costa Rica,CRI,2009,6809.39622366841
Costa Rica,CRI,2010,8199.41462068027
Costa Rica,CRI,2011,9186.59638993395
Costa Rica,CRI,2012,9985.36958970111
Costa Rica,CRI,2013,10569.6663143866
Cote d'Ivoire,CIV,2003,865.789649014533
Cote d'Ivoire,CIV,2004,919.806802750387
Cote d'Ivoire,CIV,2005,931.754286971344
Cote d'Ivoire,CIV,2006,951.947895564691
Cote d'Ivoire,CIV,2007,1065.89637469891
Cote d'Ivoire,CIV,2008,1242.43104388465
Cote d'Ivoire,CIV,2009,1217.74920575106
Cote d'Ivoire,CIV,2010,1219.74909551521
Cote d'Ivoire,CIV,2011,1214.70394645331
Cote d'Ivoire,CIV,2012,1262.48021811586
Cote d'Ivoire,CIV,2013,1423.68228222575
Croatia,HRV,2003,7805.88141833108
Croatia,HRV,2004,9365.74246801187
Croatia,HRV,2005,10224.2405855179
Croatia,HRV,2006,11363.4184456056
Croatia,HRV,2007,13546.6987224454
Croatia,HRV,2008,15893.8605622792
Croatia,HRV,2009,14157.144161951
Croatia,HRV,2010,13505.7458630323
Croatia,HRV,2011,14539.1842057182
Croatia,HRV,2012,13235.9775701749
Croatia,HRV,2013,13574.7400890627
Cuba,CUB,2003,3192.6693781217
Cuba,CUB,2004,3390.71625563673
Cuba,CUB,2005,3779.05706959956
Cuba,CUB,2006,4669.06091614789
Cuba,CUB,2007,5184.49422741447
Cuba,CUB,2008,5376.4476221145
Cuba,CUB,2009,5484.77630011197
Cuba,CUB,2010,5676.14140269906
Cuba,CUB,2011,6075.92430626005
Cuba,CUB,2012,6425.94111866075
Cuba,CUB,2013,6760.15343974549
Cyprus,CYP,2003,20293.4078913924
Cyprus,CYP,2004,23932.4912772329
Cyprus,CYP,2005,25324.4866558737
Cyprus,CYP,2006,27169.9925579717
Cyprus,CYP,2007,31386.6326506534
Cyprus,CYP,2008,35390.7048833763
Cyprus,CYP,2009,32105.8159000782
Cyprus,CYP,2010,30818.4639574235
Cyprus,CYP,2011,32233.8394246573
Cyprus,CYP,2012,28951.1555598986
Cyprus,CYP,2013,27907.9673626742
Czech Republic,CZE,2003,9741.05838376821
Czech Republic,CZE,2004,11667.6321201205
Czech Republic,CZE,2005,13317.7298342014
Czech Republic,CZE,2006,15159.1411456575
Czech Republic,CZE,2007,18333.9459002641
Czech Republic,CZE,2008,22649.3793400813
Czech Republic,CZE,2009,19698.4920909142
Czech Republic,CZE,2010,19764.0155413397
Czech Republic,CZE,2011,21717.4579392202
Czech Republic,CZE,2012,19729.8705111763
Czech Republic,CZE,2013,19916.0193873722
Democratic Republic of Congo,COD,2003,173.916351831834
Democratic Republic of Congo,COD,2004,194.166786345182
Democratic Republic of Congo,COD,2005,218.523509172798
Democratic Republic of Congo,COD,2006,252.843045383867
Democratic Republic of Congo,COD,2007,280.121743652117
Democratic Republic of Congo,COD,2008,318.120134053478
Democratic Republic of Congo,COD,2009,292.628411406151
Democratic Republic of Congo,COD,2010,318.075751596552
Democratic Republic of Congo,COD,2011,357.483493772145
Democratic Republic of Congo,COD,2012,398.140694830982
Democratic Republic of Congo,COD,2013,420.87049003093
Denmark,DNK,2003,40458.7706402839
Denmark,DNK,2004,46511.6045710347
Denmark,DNK,2005,48799.8203703247
Denmark,DNK,2006,52026.9931124155
Denmark,DNK,2007,58487.0450116405
Denmark,DNK,2008,64322.0666441526
Denmark,DNK,2009,58163.2935943068
Denmark,DNK,2010,58041.4112245601
Denmark,DNK,2011,61753.6600721804
Denmark,DNK,2012,58507.5002096272
Denmark,DNK,2013,61191.1926260428
Djibouti,DJI,2003,819.974117984813
Djibouti,DJI,2004,864.184720607284
Djibouti,DJI,2005,904.729748876566
Djibouti,DJI,2006,965.669377892257
Djibouti,DJI,2007,1047.58689638521
Djibouti,DJI,2008,1214.07711829591
Djibouti,DJI,2009,1253.65743119943
Djibouti,DJI,2010,1325.99072352076
Djibouti,DJI,2011,1430.98689832546
Djibouti,DJI,2012,1536.15068518041
Djibouti,DJI,2013,1622.6379744125
Dominica,DMA,2003,4994.6674021974
Dominica,DMA,2004,5325.04698108074
Dominica,DMA,2005,5244.03373172257
Dominica,DMA,2006,5513.16070968083
Dominica,DMA,2007,5939.05358494506
Dominica,DMA,2008,6446.66383185391
Dominica,DMA,2009,6866.22489903457
Dominica,DMA,2010,6912.43571398947
Dominica,DMA,2011,6985.53232671585
Dominica,DMA,2012,6744.56710611005
Dominica,DMA,2013,7022.75066502967
Dominican Republic,DOM,2003,2372.62882656165
Dominican Republic,DOM,2003,2372.62882656165
Dominican Republic,DOM,2004,2421.09606197379
Dominican Republic,DOM,2004,2421.09606197379
Dominican Republic,DOM,2005,3681.059903003
Dominican Republic,DOM,2005,3681.059903003
Dominican Republic,DOM,2006,3836.46877132197
Dominican Republic,DOM,2006,3836.46877132197
Dominican Republic,DOM,2007,4647.31035906985
Dominican Republic,DOM,2007,4647.31035906985
Dominican Republic,DOM,2008,5011.03793729372
Dominican Republic,DOM,2008,5011.03793729372
Dominican Republic,DOM,2009,4952.67750344452
Dominican Republic,DOM,2009,4952.67750344452
Dominican Republic,DOM,2010,5451.06695994465
Dominican Republic,DOM,2010,5451.06695994465
Dominican Republic,DOM,2011,5759.06429998817
Dominican Republic,DOM,2011,5759.06429998817
Dominican Republic,DOM,2012,5968.87676663626
Dominican Republic,DOM,2012,5968.87676663626
Dominican Republic,DOM,2013,6027.05554403674
Dominican Republic,DOM,2013,6027.05554403674
Ecuador,ECU,2003,2440.46898021995
Ecuador,ECU,2004,2708.55789200118
Ecuador,ECU,2005,3021.94254731609
Ecuador,ECU,2006,3350.78654130881
Ecuador,ECU,2007,3590.71808551265
Ecuador,ECU,2008,4274.95206457671
Ecuador,ECU,2009,4255.56570141121
Ecuador,ECU,2010,4657.3023611471
Ecuador,ECU,2011,5223.35176320248
Ecuador,ECU,2012,5702.10431276527
Ecuador,ECU,2013,6074.09082895834
Egypt,EGY,2003,1120.87492840669
Egypt,EGY,2004,1045.94320837548
Egypt,EGY,2005,1168.11523067913
Egypt,EGY,2006,1375.19631599113
Egypt,EGY,2007,1640.47606839651
Egypt,EGY,2008,2011.24615406866
Egypt,EGY,2009,2291.66706219766
Egypt,EGY,2010,2602.47954869567
Egypt,EGY,2011,2747.48032671166
Egypt,EGY,2012,3181.44170830415
Egypt,EGY,2013,3213.38915790942
El Salvador,SLV,2003,2519.73738745565
El Salvador,SLV,2004,2632.70994163254
El Salvador,SLV,2005,2835.28123668407
El Salvador,SLV,2006,3062.95176833797
El Salvador,SLV,2007,3304.83810650985
El Salvador,SLV,2008,3507.34767403439
El Salvador,SLV,2009,3366.48213311573
El Salvador,SLV,2010,3474.39244489447
El Salvador,SLV,2011,3736.58713036289
El Salvador,SLV,2012,3827.78626660961
El Salvador,SLV,2013,3895.66449099048
Equatorial Guinea,GNQ,2003,3577.17619659534
Equatorial Guinea,GNQ,2003,3577.17619659534
Equatorial Guinea,GNQ,2004,6085.3489069204
Equatorial Guinea,GNQ,2004,6085.3489069204
Equatorial Guinea,GNQ,2005,10850.6333446261
Equatorial Guinea,GNQ,2005,10850.6333446261
Equatorial Guinea,GNQ,2006,12732.0275869622
Equatorial Guinea,GNQ,2006,12732.0275869622
Equatorial Guinea,GNQ,2007,15761.8391282779
Equatorial Guinea,GNQ,2007,15761.8391282779
Equatorial Guinea,GNQ,2008,22742.3815908012
Equatorial Guinea,GNQ,2008,22742.3815908012
Equatorial Guinea,GNQ,2009,16530.2093729134
Equatorial Guinea,GNQ,2009,16530.2093729134
Equatorial Guinea,GNQ,2010,17136.4456757583
Equatorial Guinea,GNQ,2010,17136.4456757583
Equatorial Guinea,GNQ,2011,21451.8861709069
Equatorial Guinea,GNQ,2011,21451.8861709069
Equatorial Guinea,GNQ,2012,21557.6527999109
Equatorial Guinea,GNQ,2012,21557.6527999109
Equatorial Guinea,GNQ,2013,20246.9930826625
Equatorial Guinea,GNQ,2013,20246.9930826625
Eritrea,ERI,2003,232.794545914417
Eritrea,ERI,2004,287.422224311551
Eritrea,ERI,2005,276.750809646129
Eritrea,ERI,2006,297.828058802925
Eritrea,ERI,2007,317.329433586554
Eritrea,ERI,2008,326.082564151512
Eritrea,ERI,2009,430.754449938105
Eritrea,ERI,2010,482.1490904235
Eritrea,ERI,2011,582.775530237486
Estonia,EST,2003,7174.23741473369
Estonia,EST,2004,8850.46511484791
Estonia,EST,2005,10338.3132235799
Estonia,EST,2006,12595.4106486304
Estonia,EST,2007,16586.4052048847
Estonia,EST,2008,18094.5480527831
Estonia,EST,2009,14726.3182780587
Estonia,EST,2010,14638.6048173457
Estonia,EST,2011,17454.8434246435
Estonia,EST,2012,17421.8902227378
Estonia,EST,2013,19029.7745978842
Ethiopia,ETH,2003,118.873446581632
Ethiopia,ETH,2004,135.762385796471
Ethiopia,ETH,2005,161.626624773078
Ethiopia,ETH,2006,193.794905642516
Ethiopia,ETH,2007,243.302682246946
Ethiopia,ETH,2008,325.382554265056
Ethiopia,ETH,2009,379.756638540888
Ethiopia,ETH,2010,341.309909200504
Ethiopia,ETH,2011,354.846354368724
Ethiopia,ETH,2012,468.506724907536
Ethiopia,ETH,2013,502.153588732071
Fiji,FJI,2003,2835.97397188993
Fiji,FJI,2004,3332.91853272002
Fiji,FJI,2005,3658.63083239231
Fiji,FJI,2006,3749.93981348645
Fiji,FJI,2007,4078.8232700144
Fiji,FJI,2008,4177.65778874269
Fiji,FJI,2009,3369.40824665782
Fiji,FJI,2010,3651.96678405546
Fiji,FJI,2011,4353.12139240993
Fiji,FJI,2012,4546.73850445133
Fiji,FJI,2013,4763.06895557778
Finland,FIN,2003,32816.160880214
Finland,FIN,2004,37636.1117341753
Finland,FIN,2005,38969.171631813
Finland,FIN,2006,41120.6765061581
Finland,FIN,2007,48288.5490978186
Finland,FIN,2008,53401.3148725198
Finland,FIN,2009,47107.1557090705
Finland,FIN,2010,46202.4151628454
Finland,FIN,2011,50790.7241454802
Finland,FIN,2012,47415.5598711351
Finland,FIN,2013,49638.0771298139
France,FRA,2003,29691.1815836764
France,FRA,2004,33874.7425478435
France,FRA,2005,34879.7263291899
France,FRA,2006,36544.5085344191
France,FRA,2007,41600.5839748157
France,FRA,2008,45413.065712185
France,FRA,2009,41631.1314123702
France,FRA,2010,40703.3427911985
France,FRA,2011,43810.200880127
France,FRA,2012,40838.024436834
France,FRA,2013,42554.1220542413
Gabon,GAB,2003,4892.01161776848
Gabon,GAB,2004,5685.57773573676
Gabon,GAB,2005,6741.29394807099
Gabon,GAB,2006,7027.77734457986
Gabon,GAB,2007,8352.81710056754
Gabon,GAB,2008,10094.0274577256
Gabon,GAB,2009,7603.66022253846
Gabon,GAB,2010,8754.11337590957
Gabon,GAB,2011,10716.2025830862
Gabon,GAB,2012,9774.18101733614
Gabon,GAB,2013,9679.74299512362
Gambia,GMB,2003,359.652178057176
Gambia,GMB,2004,413.839877339474
Gambia,GMB,2005,432.192906066874
Gambia,GMB,2006,439.342367379608
Gambia,GMB,2007,519.04527937353
Gambia,GMB,2008,607.947973507027
Gambia,GMB,2009,549.317956000103
Gambia,GMB,2010,562.851752662169
Gambia,GMB,2011,517.794206253788
Gambia,GMB,2012,506.385343295221
Gambia,GMB,2013,486.079524712434
Georgia,GEO,2003,928.010822716837
Georgia,GEO,2004,1207.36722750294
Georgia,GEO,2005,1530.05752090499
Georgia,GEO,2006,1872.68041606715
Georgia,GEO,2007,2492.12877994527
Georgia,GEO,2008,3174.94900068643
Georgia,GEO,2009,2706.58851158173
Georgia,GEO,2010,2964.47703373088
Georgia,GEO,2011,3725.06322121592
Georgia,GEO,2012,4142.8691753655
Georgia,GEO,2013,4274.37685702961
Germany,DEU,2003,30359.9521525666
Germany,DEU,2004,34165.9340305131
Germany,DEU,2005,34696.62091671
Germany,DEU,2006,36447.8723183195
Germany,DEU,2007,41814.8190965222
Germany,DEU,2008,45699.1983232962
Germany,DEU,2009,41732.707253158
Germany,DEU,2010,41785.556912554
Germany,DEU,2011,46810.3279588057
Germany,DEU,2012,44065.2489082767
Germany,DEU,2013,46530.9114275776
Ghana,GHA,2003,373.281553685955
Ghana,GHA,2004,423.193638915765
Ghana,GHA,2005,498.172390362402
Ghana,GHA,2006,922.93516768545
Ghana,GHA,2007,1090.68671771468
Ghana,GHA,2008,1224.40155350237
Ghana,GHA,2009,1086.76503836319
Ghana,GHA,2010,1312.60755731025
Ghana,GHA,2011,1574.97865331211
Ghana,GHA,2012,1629.80022222505
Ghana,GHA,2013,1814.492297022
Greece,GRC,2003,18477.578411927
Greece,GRC,2004,21955.1040911595
Greece,GRC,2005,22551.735744099
Greece,GRC,2006,24801.1578065035
Greece,GRC,2007,28827.3263555224
Greece,GRC,2008,31997.2820108813
Greece,GRC,2009,29710.9702950284
Greece,GRC,2010,26917.7589787254
Greece,GRC,2011,25916.2935289351
Greece,GRC,2012,22242.681934771
Greece,GRC,2013,21874.8195041667
Greenland,GRL,2003,24801.6590300536
Greenland,GRL,2004,28497.5201604015
Greenland,GRL,2005,29088.8268326534
Greenland,GRL,2006,32035.0806542734
Greenland,GRL,2007,36232.6827357126
Greenland,GRL,2008,41022.994213564
Greenland,GRL,2009,41277.467889296
Greenland,GRL,2010,40532.5081049666
Greenland,GRL,2011,44212.4411398304
Greenland,GRL,2012,42398.6336725626
Greenland,GRL,2013,43967.1501550467
Grenada,GRD,2003,5773.07357662913
Grenada,GRD,2004,5836.17706312921
Grenada,GRD,2005,6754.5123925079
Grenada,GRD,2006,6764.72286695124
Grenada,GRD,2007,7322.59686172377
Grenada,GRD,2008,7946.94434644401
Grenada,GRD,2009,7395.08812525035
Grenada,GRD,2010,7365.6666592364
Grenada,GRD,2011,7410.408438417
Grenada,GRD,2012,7583.18700190696
Grenada,GRD,2013,7955.61598479197
Guam,GUM,2003,22572.5046603345
Guam,GUM,2004,24396.1062372311
Guam,GUM,2005,26495.8775773033
Guam,GUM,2006,26555.6452019565
Guam,GUM,2007,27540.8391300242
Guam,GUM,2008,29056.4969975163
Guam,GUM,2009,30025.5603494294
Guam,GUM,2010,30700.4340081784
Guam,GUM,2011,30862.1099963677
Guam,GUM,2012,32499.234245779
Guam,GUM,2013,33446.6095089634
Guatemala,GTM,2003,1753.34947115862
Guatemala,GTM,2004,1872.7370829884
Guatemala,GTM,2005,2077.83438041454
Guatemala,GTM,2006,2256.56723964488
Guatemala,GTM,2007,2489.95583636783
Guatemala,GTM,2008,2794.22180922233
Guatemala,GTM,2009,2635.75347441261
Guatemala,GTM,2010,2825.52406953376
Guatemala,GTM,2011,3187.84529589412
Guatemala,GTM,2012,3299.60513936372
Guatemala,GTM,2013,3452.82893369505
Guinea,GIN,2003,370.193178116151
Guinea,GIN,2004,386.328828253397
Guinea,GIN,2005,303.42449798582
Guinea,GIN,2006,296.680308200504
Guinea,GIN,2007,409.456774965234
Guinea,GIN,2008,437.446723821041
Guinea,GIN,2009,436.6895538896
Guinea,GIN,2010,438.751334569012
Guinea,GIN,2011,459.200901245016
Guinea,GIN,2012,502.348564622905
Guinea,GIN,2013,540.169320425396
Guinea-Bissau,GNB,2003,360.571858534299
Guinea-Bissau,GNB,2003,360.571858534299
Guinea-Bissau,GNB,2004,393.313824367448
Guinea-Bissau,GNB,2004,393.313824367448
Guinea-Bissau,GNB,2005,424.953458492385
Guinea-Bissau,GNB,2005,424.953458492385
Guinea-Bissau,GNB,2006,418.944500393414
Guinea-Bissau,GNB,2006,418.944500393414
Guinea-Bissau,GNB,2007,481.069497596642
Guinea-Bissau,GNB,2007,481.069497596642
Guinea-Bissau,GNB,2008,583.544562168827
Guinea-Bissau,GNB,2008,583.544562168827
Guinea-Bissau,GNB,2009,544.222077875623
Guinea-Bissau,GNB,2009,544.222077875623
Guinea-Bissau,GNB,2010,543.957410843377
Guinea-Bissau,GNB,2010,543.957410843377
Guinea-Bissau,GNB,2011,692.600998897335
Guinea-Bissau,GNB,2011,692.600998897335
Guinea-Bissau,GNB,2012,607.751883291355
Guinea-Bissau,GNB,2012,607.751883291355
Guinea-Bissau,GNB,2013,610.566304703401
Guinea-Bissau,GNB,2013,610.566304703401
Guyana,GUY,2003,986.79581727476
Guyana,GUY,2004,1045.58860960609
Guyana,GUY,2005,1098.45521561333
Guyana,GUY,2006,1945.63090533465
Guyana,GUY,2007,2327.05832416815
Guyana,GUY,2008,2576.1249570967
Guyana,GUY,2009,2716.35255994453
Guyana,GUY,2010,3026.28121165012
Guyana,GUY,2011,3439.59751346254
Guyana,GUY,2012,3785.9356650841
Guyana,GUY,2013,3944.17817327896
Haiti,HTI,2003,329.782094609998
Haiti,HTI,2004,387.942972536733
Haiti,HTI,2005,465.310187576477
Haiti,HTI,2006,505.470620633981
Haiti,HTI,2007,615.819819181413
Haiti,HTI,2008,674.756414674589
Haiti,HTI,2009,668.297604584601
Haiti,HTI,2010,662.279518162433
Haiti,HTI,2011,740.935845216079
Haiti,HTI,2012,766.843762318888
Haiti,HTI,2013,810.265607301884
Honduras,HND,2003,1157.30427040444
Honduras,HND,2004,1217.65796066105
Honduras,HND,2005,1311.74171442571
Honduras,HND,2006,1437.62878537462
Honduras,HND,2007,1592.57218167076
Honduras,HND,2008,1751.59585650768
Honduras,HND,2009,1815.48949644078
Honduras,HND,2010,1932.85828999689
Honduras,HND,2011,2120.58479781644
Honduras,HND,2012,2178.38302475967
Honduras,HND,2013,2136.77390503332
Hong Kong,HKG,2003,23977.0194516698
Hong Kong,HKG,2004,24928.1003722551
Hong Kong,HKG,2005,26649.750801707
Hong Kong,HKG,2006,28224.2150609389
Hong Kong,HKG,2007,30594.0178410231
Hong Kong,HKG,2008,31515.6627713018
Hong Kong,HKG,2009,30697.340383517
Hong Kong,HKG,2010,32549.998231121
Hong Kong,HKG,2011,35142.4879344543
Hong Kong,HKG,2012,36707.7742282554
Hong Kong,HKG,2013,38357.8267596475
Hungary,HUN,2003,8396.25302294119
Hungary,HUN,2004,10259.5260647721
Hungary,HUN,2005,11161.7244084585
Hungary,HUN,2006,11398.7658351748
Hungary,HUN,2007,13842.6054926173
Hungary,HUN,2008,15669.2592867275
Hungary,HUN,2009,12967.1654278758
Hungary,HUN,2010,13025.533794363
Hungary,HUN,2011,14048.8795825413
Hungary,HUN,2012,12834.3234884048
Hungary,HUN,2013,13613.6014689502
Iceland,ISL,2003,39044.0909865388
Iceland,ISL,2004,46917.2721613382
Iceland,ISL,2005,56249.7505492159
Iceland,ISL,2006,56103.5411545581
Iceland,ISL,2007,68348.3181700745
Iceland,ISL,2008,55575.2919607981
Iceland,ISL,2009,40461.8925056659
Iceland,ISL,2010,41676.4452733744
Iceland,ISL,2011,46000.0201705118
Iceland,ISL,2012,44333.8501759313
Iceland,ISL,2013,47810.3088819968
India,IND,2003,541.13522787231
India,IND,2004,621.318376718509
India,IND,2005,707.008019015027
India,IND,2006,792.025969759363
India,IND,2007,1018.16637300127
India,IND,2008,991.484630405176
India,IND,2009,1090.3177645434
India,IND,2010,1345.77015320926
India,IND,2011,1461.67195733892
India,IND,2012,1446.98540954319
India,IND,2013,1452.19537323178
Indonesia,IDN,2003,1064.5094471368
Indonesia,IDN,2004,1148.56909618409
Indonesia,IDN,2005,1260.92883370077
Indonesia,IDN,2006,1586.20503959933
Indonesia,IDN,2007,1855.09391519178
Indonesia,IDN,2008,2160.52760628928
Indonesia,IDN,2009,2254.44560576226
Indonesia,IDN,2010,3113.48063451433
Indonesia,IDN,2011,3634.27680451777
Indonesia,IDN,2012,3687.95399645786
Indonesia,IDN,2013,3620.66398109522
Iran,IRN,2003,2231.34279555916
Iran,IRN,2004,2638.67907513701
Iran,IRN,2005,3121.84490605139
Iran,IRN,2006,3631.24304666075
Iran,IRN,2007,4685.12171870076
Iran,IRN,2008,5452.48967080093
Iran,IRN,2009,5414.45635468252
Iran,IRN,2010,6273.37844112131
Iran,IRN,2011,7842.4346728734
Iran,IRN,2012,7680.60064376677
Iran,IRN,2013,6607.06835374872
Iraq,IRQ,2003,
Iraq,IRQ,2004,1391.81692299578
Iraq,IRQ,2005,1849.60391076699
Iraq,IRQ,2006,2351.8124285881
Iraq,IRQ,2007,3129.22492225095
Iraq,IRQ,2008,4521.03247019802
Iraq,IRQ,2009,3735.14483603071
Iraq,IRQ,2010,4502.74904825726
Iraq,IRQ,2011,5854.61449711212
Iraq,IRQ,2012,6651.12241981136
Iraq,IRQ,2013,6925.22404568487
Ireland,IRL,2003,41107.1553185415
Ireland,IRL,2004,47631.0637657134
Ireland,IRL,2005,50886.8278906106
Ireland,IRL,2006,54326.0971298205
Ireland,IRL,2007,61388.1745738134
Ireland,IRL,2008,61235.40105437
Ireland,IRL,2009,51983.7889171642
Ireland,IRL,2010,48538.587760468
Ireland,IRL,2011,52567.5256791795
Ireland,IRL,2012,49231.3625443705
Ireland,IRL,2013,52034.7673577458
Israel,ISR,2003,18946.999415629
Israel,ISR,2004,19888.1719990387
Israel,ISR,2005,20611.1793052385
Israel,ISR,2006,21905.0176947466
Israel,ISR,2007,25008.6037040998
Israel,ISR,2008,29657.4420084852
Israel,ISR,2009,27795.8767084275
Israel,ISR,2010,30661.9900386465
Israel,ISR,2011,33657.1572746314
Israel,ISR,2012,32569.5968257028
Israel,ISR,2013,36393.6693204984
Italy,ITA,2003,27387.2257970921
Italy,ITA,2004,31174.5611761064
Italy,ITA,2005,31959.2621538188
Italy,ITA,2006,33410.7482014867
Italy,ITA,2007,37698.7857302579
Italy,ITA,2008,40640.1846549619
Italy,ITA,2009,36976.8451179565
Italy,ITA,2010,35849.3736358594
Italy,ITA,2011,38334.684770025
Italy,ITA,2012,34814.1243593936
Italy,ITA,2013,35370.274411922
Jamaica,JAM,2003,3465.22199830615
Jamaica,JAM,2004,3719.97350994545
Jamaica,JAM,2005,4082.24076237861
Jamaica,JAM,2006,4313.16008176292
Jamaica,JAM,2007,4620.51791279229
Jamaica,JAM,2008,4902.49237762015
Jamaica,JAM,2009,4293.38327371371
Jamaica,JAM,2010,4682.72842390135
Jamaica,JAM,2011,5103.54948702119
Jamaica,JAM,2012,5210.30336324041
Jamaica,JAM,2013,5006.14495151
Japan,JPN,2003,34808.3909176613
Japan,JPN,2004,37688.7223359406
Japan,JPN,2005,37217.648727917
Japan,JPN,2006,35433.988963743
Japan,JPN,2007,35275.2284312667
Japan,JPN,2008,39339.2975731826
Japan,JPN,2009,40855.1756354596
Japan,JPN,2010,44507.6763859172
Japan,JPN,2011,48167.9972684965
Japan,JPN,2012,48603.4766497749
Japan,JPN,2013,40454.4474578903
Jordan,JOR,2003,1889.21396186775
Jordan,JOR,2004,2061.45688205636
Jordan,JOR,2005,2203.0837873545
Jordan,JOR,2006,2537.30048980654
Jordan,JOR,2007,2762.80635412481
Jordan,JOR,2008,3385.60966483112
Jordan,JOR,2009,3492.13090643818
Jordan,JOR,2010,3679.19027463278
Jordan,JOR,2011,3807.32414491854
Jordan,JOR,2012,3870.75321121669
Jordan,JOR,2013,3992.86710705268
Kazakhstan,KAZ,2003,2068.12365719832
Kazakhstan,KAZ,2004,2874.28829127649
Kazakhstan,KAZ,2005,3771.27895733845
Kazakhstan,KAZ,2006,5291.57565018652
Kazakhstan,KAZ,2007,6771.41479681885
Kazakhstan,KAZ,2008,8513.56464506814
Kazakhstan,KAZ,2009,7165.27704969646
Kazakhstan,KAZ,2010,9070.64997199985
Kazakhstan,KAZ,2011,11634.4242158163
Kazakhstan,KAZ,2012,12387.1898225308
Kazakhstan,KAZ,2013,13890.8560077898
Kenya,KEN,2003,436.687535659748
Kenya,KEN,2004,458.884355149169
Kenya,KEN,2005,519.799934598691
Kenya,KEN,2006,697.006638520849
Kenya,KEN,2007,839.108111670398
Kenya,KEN,2008,916.899251500998
Kenya,KEN,2009,920.081625174945
Kenya,KEN,2010,967.340077341325
Kenya,KEN,2011,987.445396712381
Kenya,KEN,2012,1155.02058181812
Kenya,KEN,2013,1229.11479786504
Kiribati,KIR,2003,1015.03860509648
Kiribati,KIR,2004,1130.60280610635
Kiribati,KIR,2005,1214.55666670492
Kiribati,KIR,2006,1151.55561776067
Kiribati,KIR,2007,1357.63221134262
Kiribati,KIR,2008,1413.30233951267
Kiribati,KIR,2009,1297.28514057002
Kiribati,KIR,2010,1493.16051003948
Kiribati,KIR,2011,1692.61327703329
Kiribati,KIR,2012,1763.81549743152
Kiribati,KIR,2013,1724.36173659455
Kuwait,KWT,2003,22071.5696085573
Kuwait,KWT,2004,26921.0827767441
Kuwait,KWT,2005,35490.2613236708
Kuwait,KWT,2006,42717.557253307
Kuwait,KWT,2007,45793.9761439148
Kuwait,KWT,2008,55571.9980595751
Kuwait,KWT,2009,37567.3012105962
Kuwait,KWT,2010,38497.6169579293
Kuwait,KWT,2011,48268.5912045542
Kuwait,KWT,2012,51264.0713358672
Kuwait,KWT,2013,48399.9058087085
Kyrgyzstan,KGZ,2003,380.507362435481
Kyrgyzstan,KGZ,2004,433.235118935166
Kyrgyzstan,KGZ,2005,476.552129968975
Kyrgyzstan,KGZ,2006,543.110702403072
Kyrgyzstan,KGZ,2007,721.768690838857
Kyrgyzstan,KGZ,2008,966.393627185372
Kyrgyzstan,KGZ,2009,871.224389337854
Kyrgyzstan,KGZ,2010,880.037775119109
Kyrgyzstan,KGZ,2011,1123.8831680627
Kyrgyzstan,KGZ,2012,1177.97473487848
Kyrgyzstan,KGZ,2013,1282.43716202467
Latvia,LVA,2003,5134.90569397268
Latvia,LVA,2004,6351.08012547156
Latvia,LVA,2005,7558.74200622923
Latvia,LVA,2006,9667.97570008021
Latvia,LVA,2007,14044.0158891923
Latvia,LVA,2008,16348.53120679
Latvia,LVA,2009,12219.3737898048
Latvia,LVA,2010,11326.2194746243
Latvia,LVA,2011,13702.6894696051
Latvia,LVA,2012,13822.8055940347
Latvia,LVA,2013,15032.2292372545
Lebanon,LBN,2003,5425.66907030168
Lebanon,LBN,2004,5424.22356016217
Lebanon,LBN,2005,5339.4412907865
Lebanon,LBN,2006,5372.06589903658
Lebanon,LBN,2007,6014.27111539915
Lebanon,LBN,2008,7012.77575913597
Lebanon,LBN,2009,8400.26887774341
Lebanon,LBN,2010,8763.82627374951
Lebanon,LBN,2011,8734.90065315874
Lebanon,LBN,2012,8787.94660773667
Lebanon,LBN,2013,8406.28515340449
Lesotho,LSO,2003,603.636278998919
Lesotho,LSO,2004,781.514593582449
Lesotho,LSO,2005,862.946311802013
Lesotho,LSO,2006,915.775750376955
Lesotho,LSO,2007,918.432701718247
Lesotho,LSO,2008,934.42085630476
Lesotho,LSO,2009,923.136093121549
Lesotho,LSO,2010,1173.26021199956
Lesotho,LSO,2011,1352.38430260689
Lesotho,LSO,2012,1281.50016047685
Lesotho,LSO,2013,1196.01334985872
Liberia,LBR,2003,133.494510840492
Liberia,LBR,2004,149.445254932134
Liberia,LBR,2005,168.648025438255
Liberia,LBR,2006,178.92709898994
Liberia,LBR,2007,210.373329173465
Liberia,LBR,2008,232.061732031702
Liberia,LBR,2009,303.066749083307
Liberia,LBR,2010,327.420509735634
Liberia,LBR,2011,379.68958030469
Liberia,LBR,2012,415.036195795687
Liberia,LBR,2013,454.122223619442
Liechtenstein,LIE,2003,89469.7508674512
Liechtenstein,LIE,2004,99848.6150412484
Liechtenstein,LIE,2005,104994.018301942
Liechtenstein,LIE,2006,113983.16776211
Liechtenstein,LIE,2007,130267.243270796
Liechtenstein,LIE,2008,142973.83089993
Liechtenstein,LIE,2009,125945.00962441
Liechtenstein,LIE,2010,141165.082856705
Liechtenstein,LIE,2011,158283.076259582
Liechtenstein,LIE,2012,149295.646043634
Liechtenstein,LIE,2013,173528.150454463
Lithuania,LTU,2003,5505.5356688311
Lithuania,LTU,2004,6706.96699843928
Lithuania,LTU,2005,7863.16200865166
Lithuania,LTU,2006,9240.64254797441
Lithuania,LTU,2007,12297.9153480396
Lithuania,LTU,2008,14961.5681759187
Lithuania,LTU,2009,11837.3910271086
Lithuania,LTU,2010,11984.8685698823
Lithuania,LTU,2011,14357.7367898041
Lithuania,LTU,2012,14341.0830628051
Lithuania,LTU,2013,15712.8237625955
Luxembourg,LUX,2003,65445.8850307407
Luxembourg,LUX,2004,75716.3510789884
Luxembourg,LUX,2005,80289.696409954
Luxembourg,LUX,2006,89739.7116961301
Luxembourg,LUX,2007,106018.492790674
Luxembourg,LUX,2008,114293.84332087
Luxembourg,LUX,2009,103198.669312625
Luxembourg,LUX,2010,104965.306078267
Luxembourg,LUX,2011,115761.507705096
Luxembourg,LUX,2012,106749.013622989
Luxembourg,LUX,2013,113751.80046403
Madagascar,MDG,2003,316.799896490486
Madagascar,MDG,2004,245.123587583262
Madagascar,MDG,2005,274.819702299258
Madagascar,MDG,2006,292.150744287583
Madagascar,MDG,2007,377.848292823497
Madagascar,MDG,2008,470.733254004499
Madagascar,MDG,2009,415.689322591492
Madagascar,MDG,2010,412.730934137725
Madagascar,MDG,2011,454.963463976433
Madagascar,MDG,2012,443.906100111531
Madagascar,MDG,2013,461.723072174234
Malawi,MWI,2003,260.105251697695
Malawi,MWI,2004,274.225629402118
Malawi,MWI,2005,280.367384226713
Malawi,MWI,2006,297.697121125902
Malawi,MWI,2007,320.222727439819
Malawi,MWI,2008,372.842677955877
Malawi,MWI,2009,420.737965737717
Malawi,MWI,2010,458.868174427665
Malawi,MWI,2011,512.125405055438
Malawi,MWI,2012,374.501880192755
Malawi,MWI,2013,332.922303904319
Malaysia,MYS,2003,4463.67589342594
Malaysia,MYS,2004,4955.47774271198
Malaysia,MYS,2005,5593.82299540355
Malaysia,MYS,2006,6222.98295481975
Malaysia,MYS,2007,7269.17114042014
Malaysia,MYS,2008,8513.6295414071
Malaysia,MYS,2009,7326.74443486459
Malaysia,MYS,2010,9071.35698672103
Malaysia,MYS,2011,10405.120619133
Malaysia,MYS,2012,10779.4964087235
Malaysia,MYS,2013,10882.2784207824
Maldives,MDV,2003,3432.24784128289
Maldives,MDV,2004,3853.33340845353
Maldives,MDV,2005,3488.4937694704
Maldives,MDV,2006,4428.5228978979
Maldives,MDV,2007,5002.86228510029
Maldives,MDV,2008,5828.62137430939
Maldives,MDV,2009,5970.16059027778
Maldives,MDV,2010,6330.79498041553
Maldives,MDV,2011,6497.55044274666
Maldives,MDV,2012,6541.07046499268
Maldives,MDV,2013,7112.33575009549
Mali,MLI,2003,391.791280070687
Mali,MLI,2004,439.357292447579
Mali,MLI,2005,487.940255637836
Mali,MLI,2006,521.642579626446
Mali,MLI,2007,595.636831880323
Mali,MLI,2008,689.678422757148
Mali,MLI,2009,697.015312357325
Mali,MLI,2010,708.370763247419
Mali,MLI,2011,835.088909759748
Mali,MLI,2012,777.347686759476
Mali,MLI,2013,777.605913889789
Malta,MLT,2003,13689.989987991
Malta,MLT,2004,15109.0549683959
Malta,MLT,2005,15835.3466687883
Malta,MLT,2006,16671.5671992638
Malta,MLT,2007,19375.569601363
Malta,MLT,2008,21928.7006740562
Malta,MLT,2009,20675.5825862064
Malta,MLT,2010,21087.7946931036
Malta,MLT,2011,22821.8406972896
Malta,MLT,2012,21930.8083576552
Malta,MLT,2013,23930.1880818804
Marshall Islands,MHL,2003,2434.71486683552
Marshall Islands,MHL,2004,2517.6940507739
Marshall Islands,MHL,2005,2646.13389683988
Marshall Islands,MHL,2006,2758.48918929298
Marshall Islands,MHL,2007,2893.36935883106
Marshall Islands,MHL,2008,2928.13014669271
Marshall Islands,MHL,2009,2917.2629969419
Marshall Islands,MHL,2010,3142.60944206009
Marshall Islands,MHL,2011,3286.4165810209
Marshall Islands,MHL,2012,3513.96236446841
Marshall Islands,MHL,2013,3617.75235353172
Mauritania,MRT,2003,528.580661340667
Mauritania,MRT,2004,602.547285983233
Mauritania,MRT,2005,697.745198860445
Mauritania,MRT,2006,944.130485052781
Mauritania,MRT,2007,1013.31027952443
Mauritania,MRT,2008,1167.53568943758
Mauritania,MRT,2009,1046.83805086505
Mauritania,MRT,2010,1203.3836748551
Mauritania,MRT,2011,1393.26159314382
Mauritania,MRT,2012,1364.28374502224
Mauritania,MRT,2013,1450.57803807082
Mauritius,MUS,2003,4623.34764174555
Mauritius,MUS,2004,5229.87673823095
Mauritius,MUS,2005,5116.04542383956
Mauritius,MUS,2006,5695.96932704928
Mauritius,MUS,2007,6574.65433811493
Mauritius,MUS,2008,8030.06300537304
Mauritius,MUS,2009,7318.12640972422
Mauritius,MUS,2010,8000.37643182154
Mauritius,MUS,2011,9197.02697152061
Mauritius,MUS,2012,9291.22761861899
Mauritius,MUS,2013,9637.00265000958
Mexico,MEX,2003,6751.99898683512
Mexico,MEX,2004,7199.05966536199
Mexico,MEX,2005,7986.7984385207
Mexico,MEX,2006,8767.92025849277
Mexico,MEX,2007,9330.3416866739
Mexico,MEX,2008,9689.05288731404
Mexico,MEX,2009,7748.12330084962
Mexico,MEX,2010,8959.5814158753
Mexico,MEX,2011,9834.47268850955
Mexico,MEX,2012,9820.53257157551
Mexico,MEX,2013,10298.8676612051
Monaco,MCO,2003,108978.489682171
Monaco,MCO,2004,123382.014903467
Monaco,MCO,2005,126655.598081739
Monaco,MCO,2006,135535.002415069
Monaco,MCO,2007,170156.694367875
Monaco,MCO,2008,192989.189526501
Monaco,MCO,2009,152111.598026927
Monaco,MCO,2010,144246.368774966
Monaco,MCO,2011,162009.877819276
Mongolia,MNG,2003,646.056129497955
Mongolia,MNG,2004,797.837743226608
Mongolia,MNG,2005,998.822667102654
Mongolia,MNG,2006,1334.65189612629
Mongolia,MNG,2007,1634.0814313969
Mongolia,MNG,2008,2139.62563086411
Mongolia,MNG,2009,1717.89876129974
Mongolia,MNG,2010,2650.3536590073
Mongolia,MNG,2011,3769.59525505189
Mongolia,MNG,2012,4368.08224755108
Mongolia,MNG,2013,4385.37935468846
Morocco,MAR,2003,1721.97386302934
Morocco,MAR,2004,1948.81227479981
Morocco,MAR,2005,2013.75555926972
Morocco,MAR,2006,2191.47856747356
Morocco,MAR,2007,2494.35355249125
Morocco,MAR,2008,2884.94776014542
Morocco,MAR,2009,2861.55400466683
Morocco,MAR,2010,2834.20471989688
Morocco,MAR,2011,3039.91601555658
Morocco,MAR,2012,2904.74672773209
Morocco,MAR,2013,3111.76288654102
Mozambique,MOZ,2003,283.891158779196
Mozambique,MOZ,2004,336.331814516981
Mozambique,MOZ,2005,369.154535872339
Mozambique,MOZ,2006,385.756714147082
Mozambique,MOZ,2007,422.146157334164
Mozambique,MOZ,2008,503.127710872855
Mozambique,MOZ,2009,463.852617981066
Mozambique,MOZ,2010,419.225814942685
Mozambique,MOZ,2011,526.531351664068
Mozambique,MOZ,2012,566.051387255338
Mozambique,MOZ,2013,605.985608081366
Myanmar,MMR,2003,219.782325975816
Myanmar,MMR,2004,219.815668810498
Myanmar,MMR,2005,247.242700620686
Myanmar,MMR,2006,296.900728388917
Myanmar,MMR,2007,410.450000139333
Myanmar,MMR,2008,643.951370288554
Myanmar,MMR,2009,741.077711590194
Myanmar,MMR,2010,987.73658320217
Myanmar,MMR,2011,1186.42393738945
Myanmar,MMR,2012,1171.50825745974
Myanmar,MMR,2013,1168.80394672698
Namibia,NAM,2003,2482.36862034148
Namibia,NAM,2004,3288.25737348461
Namibia,NAM,2005,3573.14638676586
Namibia,NAM,2006,3881.2095346654
Namibia,NAM,2007,4202.51096811639
Namibia,NAM,2008,4029.06506054848
Namibia,NAM,2009,4153.49788528146
Namibia,NAM,2010,5191.58308141444
Namibia,NAM,2011,5600.97139163233
Namibia,NAM,2012,5749.4047524812
Namibia,NAM,2013,5488.13171199292
Nauru,NRU,2007,2028.06373327029
Nauru,NRU,2008,3914.95693488498
Nauru,NRU,2009,4416.72835313129
Nauru,NRU,2010,4912.59955837279
Nauru,NRU,2011,7233.94660893776
Nauru,NRU,2012,10099.4220024211
Nauru,NRU,2013,10036.1832050216
Nepal,NPL,2003,253.720041240682
Nepal,NPL,2004,287.400105577955
Nepal,NPL,2005,317.089198005742
Nepal,NPL,2006,348.631453417498
Nepal,NPL,2007,393.884351771306
Nepal,NPL,2008,473.844440907314
Nepal,NPL,2009,480.72009086822
Nepal,NPL,2010,592.183521642014
Nepal,NPL,2011,692.116684217348
Nepal,NPL,2012,681.792586817722
Nepal,NPL,2013,688.617278796698
Netherlands,NLD,2003,35245.1640746805
Netherlands,NLD,2004,39954.6422157907
Netherlands,NLD,2005,41577.1600883755
Netherlands,NLD,2006,44453.9711946212
Netherlands,NLD,2007,51241.3156170166
Netherlands,NLD,2008,56928.8204756806
Netherlands,NLD,2009,51900.3400948453
Netherlands,NLD,2010,50338.2548273725
Netherlands,NLD,2011,53540.6053553521
Netherlands,NLD,2012,49474.705606422
Netherlands,NLD,2013,51574.489418462
New Zealand,NZL,2003,21913.7081719961
New Zealand,NZL,2004,25420.3993524015
New Zealand,NZL,2005,27750.8951531221
New Zealand,NZL,2006,26670.8645228341
New Zealand,NZL,2007,32509.7347119416
New Zealand,NZL,2008,31287.7786475125
New Zealand,NZL,2009,28200.9419253104
New Zealand,NZL,2010,33691.3483689734
New Zealand,NZL,2011,38426.5508077771
New Zealand,NZL,2012,39970.2562445037
New Zealand,NZL,2013,42889.8814066272
Nicaragua,NIC,2003,1015.56531372838
Nicaragua,NIC,2004,1091.50515662464
Nicaragua,NIC,2005,1175.11622496757
Nicaragua,NIC,2006,1240.99261674457
Nicaragua,NIC,2007,1344.30187125334
Nicaragua,NIC,2008,1518.8053855473
Nicaragua,NIC,2009,1464.4977535687
Nicaragua,NIC,2010,1526.49793806178
Nicaragua,NIC,2011,1682.95792434336
Nicaragua,NIC,2012,1792.0380448462
Nicaragua,NIC,2013,1847.19804868568
Niger,NER,2003,215.805040778769
Niger,NER,2004,232.566157436879
Niger,NER,2005,250.038373081288
Niger,NER,2006,258.046387283884
Niger,NER,2007,292.559619972825
Niger,NER,2008,354.81859978623
Niger,NER,2009,341.289461776604
Niger,NER,2010,348.151510969273
Niger,NER,2011,375.58198660135
Niger,NER,2012,391.515502437865
Niger,NER,2013,416.14008377196
Nigeria,NGA,2003,512.650718995388
Nigeria,NGA,2003,512.650718995388
Nigeria,NGA,2004,648.815085228871
Nigeria,NGA,2004,648.815085228871
Nigeria,NGA,2005,807.893873798136
Nigeria,NGA,2005,807.893873798136
Nigeria,NGA,2006,1019.74328611062
Nigeria,NGA,2006,1019.74328611062
Nigeria,NGA,2007,1136.82964486179
Nigeria,NGA,2007,1136.82964486179
Nigeria,NGA,2008,1383.89335369553
Nigeria,NGA,2008,1383.89335369553
Nigeria,NGA,2009,1097.66142189639
Nigeria,NGA,2009,1097.66142189639
Nigeria,NGA,2010,2327.32066957391
Nigeria,NGA,2010,2327.32066957391
Nigeria,NGA,2011,2527.94200278768
Nigeria,NGA,2011,2527.94200278768
Nigeria,NGA,2012,2755.29778740678
Nigeria,NGA,2012,2755.29778740678
Nigeria,NGA,2013,2996.96430245373
Nigeria,NGA,2013,2996.96430245373
Northern Mariana Islands,MNP,2003,18376.7909584409
Northern Mariana Islands,MNP,2004,18427.4248815924
Northern Mariana Islands,MNP,2005,16644.703815261
Northern Mariana Islands,MNP,2006,16048.5021398003
Northern Mariana Islands,MNP,2007,15761.2622452237
Northern Mariana Islands,MNP,2008,16350.0548484268
Northern Mariana Islands,MNP,2009,14279.5559866365
Northern Mariana Islands,MNP,2010,14681.0230780538
Northern Mariana Islands,MNP,2011,13628.0816569367
Northern Mariana Islands,MNP,2012,13980.4162478127
Northern Mariana Islands,MNP,2013,14434.8212302909
Norway,NOR,2003,50111.6544494522
Norway,NOR,2004,57570.2691601943
Norway,NOR,2005,66775.3943971756
Norway,NOR,2006,74114.697150083
Norway,NOR,2007,85128.6575906714
Norway,NOR,2008,96880.5096146393
Norway,NOR,2009,80017.7768095085
Norway,NOR,2010,87646.7534630855
Norway,NOR,2011,100574.986143004
Norway,NOR,2012,101563.702677597
Norway,NOR,2013,102910.435039364
Oman,OMN,2003,9069.81020605466
Oman,OMN,2004,10129.2888628425
Oman,OMN,2005,12376.9793587916
Oman,OMN,2006,14408.0504962765
Oman,OMN,2007,15805.1322617934
Oman,OMN,2008,22075.0353566455
Oman,OMN,2009,16784.3461606049
Oman,OMN,2010,19280.7473903632
Oman,OMN,2011,20986.0003574378
Oman,OMN,2012,22134.9100562479
Oman,OMN,2013,21268.7564036272
Pakistan,PAK,2003,563.594341965826
Pakistan,PAK,2004,649.804823293709
Pakistan,PAK,2005,711.469946269738
Pakistan,PAK,2006,873.77027271847
Pakistan,PAK,2007,950.432793144075
Pakistan,PAK,2008,1039.31208844269
Pakistan,PAK,2009,1006.60399914224
Pakistan,PAK,2010,1040.14226787636
Pakistan,PAK,2011,1226.21531390333
Pakistan,PAK,2012,1261.20896743422
Pakistan,PAK,2013,1272.44106100063
Palau,PLW,2003,8116.75126903553
Palau,PLW,2004,8851.74712179358
Palau,PLW,2005,9710.64000803778
Palau,PLW,2006,9729.1625024985
Palau,PLW,2007,9743.48777092861
Palau,PLW,2008,9793.35574451256
Palau,PLW,2009,9163.30744272933
Palau,PLW,2010,8978.9936492428
Palau,PLW,2011,9704.35458031943
Palau,PLW,2012,10318.9131900954
Palau,PLW,2013,10932.1223709369
Panama,PAN,2003,4267.1357801104
Panama,PAN,2004,4591.89277638665
Panama,PAN,2005,4916.54886029428
Panama,PAN,2006,5348.5183989528
Panama,PAN,2007,6068.08660703971
Panama,PAN,2008,6973.92803961473
Panama,PAN,2009,7429.62827413089
Panama,PAN,2010,7937.25993090731
Panama,PAN,2011,9270.72317088761
Panama,PAN,2012,10589.8271320653
Panama,PAN,2013,11685.9798273371
Papua New Guinea,PNG,2003,588.358259544741
Papua New Guinea,PNG,2003,588.358259544741
Papua New Guinea,PNG,2004,637.361621481471
Papua New Guinea,PNG,2004,637.361621481471
Papua New Guinea,PNG,2005,770.577348583651
Papua New Guinea,PNG,2005,770.577348583651
Papua New Guinea,PNG,2006,854.346902120161
Papua New Guinea,PNG,2006,854.346902120161
Papua New Guinea,PNG,2007,956.66089515618
Papua New Guinea,PNG,2007,956.66089515618
Papua New Guinea,PNG,2008,1178.70246853825
Papua New Guinea,PNG,2008,1178.70246853825
Papua New Guinea,PNG,2009,1166.66336999411
Papua New Guinea,PNG,2009,1166.66336999411
Papua New Guinea,PNG,2010,1366.87911154444
Papua New Guinea,PNG,2010,1366.87911154444
Papua New Guinea,PNG,2011,1770.86711851839
Papua New Guinea,PNG,2011,1770.86711851839
Papua New Guinea,PNG,2012,2071.31874144127
Papua New Guinea,PNG,2012,2071.31874144127
Papua New Guinea,PNG,2013,2029.95360445923
Papua New Guinea,PNG,2013,2029.95360445923
Paraguay,PRY,2003,1174.77934652545
Paraguay,PRY,2004,1408.52797645351
Paraguay,PRY,2005,1507.14569103093
Paraguay,PRY,2006,1809.71053905674
Paraguay,PRY,2007,2312.19292577549
Paraguay,PRY,2008,3059.99218354667
Paraguay,PRY,2009,2599.59625853891
Paraguay,PRY,2010,3225.59175373637
Paraguay,PRY,2011,3988.0118937838
Paraguay,PRY,2012,3855.53773490999
Paraguay,PRY,2013,4479.90585798851
Peru,PER,2003,2180.25099664519
Peru,PER,2004,2448.14389900826
Peru,PER,2005,2754.78002900377
Peru,PER,2006,3171.49805601571
Peru,PER,2007,3611.21047037166
Peru,PER,2008,4208.87801106772
Peru,PER,2009,4166.09338685329
Peru,PER,2010,5022.49319096369
Peru,PER,2011,5771.56587815221
Peru,PER,2012,6387.78528050603
Peru,PER,2013,6583.1162484631
Philippines,PHL,2003,1010.55319565362
Philippines,PHL,2004,1079.03715014014
Philippines,PHL,2005,1194.69715463956
Philippines,PHL,2006,1391.77232508397
Philippines,PHL,2007,1672.685433237
Philippines,PHL,2008,1919.46619469018
Philippines,PHL,2009,1825.34152096043
Philippines,PHL,2010,2129.49924222792
Philippines,PHL,2011,2352.51815590027
Philippines,PHL,2012,2581.81855367229
Philippines,PHL,2013,2760.28914607311
Poland,POL,2003,5693.52416018568
Poland,POL,2004,6681.17881781198
Poland,POL,2005,8021.25156915488
Poland,POL,2006,9040.77020561867
Poland,POL,2007,11260.3185156411
Poland,POL,2008,14001.4468819803
Poland,POL,2009,11527.5932279825
Poland,POL,2010,12599.5248642681
Poland,POL,2011,13893.1876786517
Poland,POL,2012,13145.1048415824
Poland,POL,2013,13780.5491146258
Portugal,PRT,2003,15772.7333950542
Portugal,PRT,2004,18045.5880994833
Portugal,PRT,2005,18784.9484992149
Portugal,PRT,2006,19821.4446268632
Portugal,PRT,2007,22780.0584505513
Portugal,PRT,2008,24815.6088356622
Portugal,PRT,2009,23063.9716141302
Portugal,PRT,2010,22538.6540773482
Portugal,PRT,2011,23196.1837500759
Portugal,PRT,2012,20577.4026375899
Portugal,PRT,2013,21618.7353389663
Puerto Rico,PRI,2003,19820.2072870642
Puerto Rico,PRI,2004,20988.9923326534
Puerto Rico,PRI,2005,21959.3227075956
Puerto Rico,PRI,2006,22935.9411493385
Puerto Rico,PRI,2007,23664.8823530538
Puerto Rico,PRI,2008,24898.3388400438
Puerto Rico,PRI,2009,25768.7360476525
Puerto Rico,PRI,2010,26435.7401871545
Puerto Rico,PRI,2011,27278.8748949366
Puerto Rico,PRI,2012,27811.548146534
Puerto Rico,PRI,2013,28703.7483471687
Qatar,QAT,2003,34176.9818276747
Qatar,QAT,2004,41818.3525628294
Qatar,QAT,2005,51488.495294046
Qatar,QAT,2006,60256.5592589168
Qatar,QAT,2007,67005.612581433
Qatar,QAT,2008,82967.3722849053
Qatar,QAT,2009,61478.2381274291
Qatar,QAT,2010,70306.2278449301
Qatar,QAT,2011,85948.0704556712
Qatar,QAT,2012,88564.8229796416
Qatar,QAT,2013,88304.8795754258
Romania,ROU,2003,2774.95580649051
Romania,ROU,2004,3552.92451981742
Romania,ROU,2005,4676.31518325954
Romania,ROU,2006,5828.74566230123
Romania,ROU,2007,8214.18537810177
Romania,ROU,2008,10136.4735592475
Romania,ROU,2009,8220.10832899514
Romania,ROU,2010,8297.48362072379
Romania,ROU,2011,9200.27782470489
Romania,ROU,2012,8558.3976056224
Romania,ROU,2013,9585.26659264653
Rwanda,RWA,2003,212.661949073556
Rwanda,RWA,2004,236.911438147777
Rwanda,RWA,2005,287.093187674969
Rwanda,RWA,2006,342.365629421051
Rwanda,RWA,2007,404.853303927227
Rwanda,RWA,2008,500.668726431902
Rwanda,RWA,2009,539.153821072148
Rwanda,RWA,2010,563.491048683175
Rwanda,RWA,2011,617.310764781771
Rwanda,RWA,2012,678.079697291679
Rwanda,RWA,2013,688.876855732777
Saint Kitts and Nevis,KNA,2003,9847.60354555275
Saint Kitts and Nevis,KNA,2004,10476.3635745979
Saint Kitts and Nevis,KNA,2005,11173.760557167
Saint Kitts and Nevis,KNA,2006,12928.6329035803
Saint Kitts and Nevis,KNA,2007,13538.9285796654
Saint Kitts and Nevis,KNA,2008,14681.3668353246
Saint Kitts and Nevis,KNA,2009,14212.3395651281
Saint Kitts and Nevis,KNA,2010,13704.2544536956
Saint Kitts and Nevis,KNA,2011,14483.4435058063
Saint Kitts and Nevis,KNA,2012,13965.558111971
Saint Kitts and Nevis,KNA,2013,14823.7485920158
Saint Lucia,LCA,2003,5117.85919469817
Saint Lucia,LCA,2004,5504.47899995823
Saint Lucia,LCA,2005,5810.17732368869
Saint Lucia,LCA,2006,6424.25742651851
Saint Lucia,LCA,2007,6877.5181678259
Saint Lucia,LCA,2008,7014.98531388024
Saint Lucia,LCA,2009,6905.25130619972
Saint Lucia,LCA,2010,7196.04134207217
Saint Lucia,LCA,2011,7367.02039261407
Saint Lucia,LCA,2012,7428.80663143768
Saint Lucia,LCA,2013,7503.42812925643
Saint Vincent and the Grenadines,VCT,2003,4446.75861833222
Saint Vincent and the Grenadines,VCT,2004,4808.21591126586
Saint Vincent and the Grenadines,VCT,2005,5064.4510654994
Saint Vincent and the Grenadines,VCT,2006,5609.64900735898
Saint Vincent and the Grenadines,VCT,2007,5977.54468086985
Saint Vincent and the Grenadines,VCT,2008,6370.43788624423
Saint Vincent and the Grenadines,VCT,2009,6177.61051395826
Saint Vincent and the Grenadines,VCT,2010,6231.77023247462
Saint Vincent and the Grenadines,VCT,2011,6183.67682211986
Saint Vincent and the Grenadines,VCT,2012,6338.11778081316
Saint Vincent and the Grenadines,VCT,2013,6597.21138079169
Samoa,WSM,2003,1907.20941663628
Samoa,WSM,2004,2351.03381432835
Samoa,WSM,2005,2571.26234830506
Samoa,WSM,2006,2807.96389944298
Samoa,WSM,2007,3022.5431205802
Samoa,WSM,2008,3509.82022250685
Samoa,WSM,2009,3035.11283846291
Samoa,WSM,2010,3453.48743422993
Samoa,WSM,2011,3942.00982670097
Samoa,WSM,2012,4234.55444295603
Samoa,WSM,2013,4219.06512309738
San Marino,SMR,2003,39411.1576245884
San Marino,SMR,2004,45637.0066727756
San Marino,SMR,2005,47038.8715624792
San Marino,SMR,2006,49604.9215003378
San Marino,SMR,2007,56295.4052812807
San Marino,SMR,2008,62596.9475629575
Sao Tome and Principe,STP,2003,649.340215335806
Sao Tome and Principe,STP,2004,693.304568312162
Sao Tome and Principe,STP,2005,810.860156981204
Sao Tome and Principe,STP,2006,843.800944749184
Sao Tome and Principe,STP,2007,894.09279877071
Sao Tome and Principe,STP,2008,1126.46210206395
Sao Tome and Principe,STP,2009,1099.5710457235
Sao Tome and Principe,STP,2010,1129.75496146547
Sao Tome and Principe,STP,2011,1304.32618929166
Sao Tome and Principe,STP,2012,1380.94995917229
Sao Tome and Principe,STP,2013,1619.53267761188
Saudi Arabia,SAU,2003,9567.45828491989
Saudi Arabia,SAU,2004,11138.8074648997
Saudi Arabia,SAU,2005,13739.8294463775
Saudi Arabia,SAU,2006,15334.6699396085
Saudi Arabia,SAU,2007,16472.1660466749
Saudi Arabia,SAU,2008,20037.8323388242
Saudi Arabia,SAU,2009,16094.2930975756
Saudi Arabia,SAU,2010,19259.5872568465
Saudi Arabia,SAU,2011,23770.7473862625
Saudi Arabia,SAU,2012,25303.0946209133
Saudi Arabia,SAU,2013,24934.3861421258
Senegal,SEN,2003,642.766311288833
Senegal,SEN,2004,733.058181120585
Senegal,SEN,2005,773.869871266143
Senegal,SEN,2006,809.803829621985
Senegal,SEN,2007,950.397852182399
Senegal,SEN,2008,1100.33670829525
Senegal,SEN,2009,1020.56646359719
Senegal,SEN,2010,1001.63137748259
Senegal,SEN,2011,1080.25302134984
Senegal,SEN,2012,1036.40501832823
Senegal,SEN,2013,1048.91235053219
Seychelles,SYC,2003,8524.96123557779
Seychelles,SYC,2004,10176.6587120064
Seychelles,SYC,2005,11092.5107357824
Seychelles,SYC,2006,12014.3998729502
Seychelles,SYC,2007,12154.8299372808
Seychelles,SYC,2008,11122.8620677142
Seychelles,SYC,2009,9706.95605963959
Seychelles,SYC,2010,10804.6844747547
Seychelles,SYC,2011,12189.0951601357
Seychelles,SYC,2012,12845.17363161
Seychelles,SYC,2013,15687.3479494868
Sierra Leone,SLE,2003,263.761831208246
Sierra Leone,SLE,2004,263.104581654582
Sierra Leone,SLE,2005,287.689194167174
Sierra Leone,SLE,2006,322.313468011784
Sierra Leone,SLE,2007,358.82747162133
Sierra Leone,SLE,2008,406.375917792695
Sierra Leone,SLE,2009,394.593243886635
Sierra Leone,SLE,2010,405.128401768805
Sierra Leone,SLE,2011,445.052005000457
Sierra Leone,SLE,2012,561.898423858481
Sierra Leone,SLE,2013,710.818699843413
Singapore,SGP,2003,23573.6280388506
Singapore,SGP,2004,27405.2713554901
Singapore,SGP,2005,29869.8539805446
Singapore,SGP,2006,33579.8594757016
Singapore,SGP,2007,39223.5818748702
Singapore,SGP,2008,39721.0481819946
Singapore,SGP,2009,38577.5582156126
Singapore,SGP,2010,46569.6795060716
Singapore,SGP,2011,53166.6758056251
Singapore,SGP,2012,54431.1619899752
Singapore,SGP,2013,56029.1891416371
Slovakia,SVK,2003,8696.91324191405
Slovakia,SVK,2004,10654.7937072937
Slovakia,SVK,2005,11669.4197478063
Slovakia,SVK,2006,13139.0321768688
Slovakia,SVK,2007,16057.7331439028
Slovakia,SVK,2008,18650.3591154107
Slovakia,SVK,2009,16512.9819723317
Slovakia,SVK,2010,16600.6135880385
Slovakia,SVK,2011,18187.1574419478
Slovakia,SVK,2012,17274.6423040509
Slovakia,SVK,2013,18191.612786163
Slovenia,SVN,2003,14880.4715401788
Slovenia,SVN,2004,17260.9015138173
Slovenia,SVN,2005,18169.1809082287
Slovenia,SVN,2006,19726.1264959149
Slovenia,SVN,2007,23841.3179190744
Slovenia,SVN,2008,27501.8102703687
Slovenia,SVN,2009,24633.7978523083
Slovenia,SVN,2010,23437.4720211387
Slovenia,SVN,2011,24985.2482718393
Slovenia,SVN,2012,22486.4716702747
Slovenia,SVN,2013,23150.3179893477
Solomon Islands,SLB,2003,744.765742281168
Solomon Islands,SLB,2004,818.442619047505
Solomon Islands,SLB,2005,880.874850827895
Solomon Islands,SLB,2006,948.6592511289
Solomon Islands,SLB,2007,1046.93112541029
Solomon Islands,SLB,2008,1205.79106732679
Solomon Islands,SLB,2009,1158.28267208798
Solomon Islands,SLB,2010,1272.44802510598
Solomon Islands,SLB,2011,1642.83797435961
Solomon Islands,SLB,2012,1858.68986797649
Solomon Islands,SLB,2013,1880.51589970053
Somalia,SOM,2013,407.543235410512
South Africa,ZAF,2003,3775.60827501519
South Africa,ZAF,2004,4863.51688010287
South Africa,ZAF,2005,5414.63432565159
South Africa,ZAF,2006,5631.7034852737
South Africa,ZAF,2007,6125.03998422913
South Africa,ZAF,2008,5786.59971953405
South Africa,ZAF,2009,5888.60208437393
South Africa,ZAF,2010,7362.76138986481
South Africa,ZAF,2011,8049.95422376738
South Africa,ZAF,2012,7548.16369793332
South Africa,ZAF,2013,6876.95382070073
South Sudan,SSD,2008,1678.711861606
South Sudan,SSD,2009,1264.78990773707
South Sudan,SSD,2010,1562.23934569833
South Sudan,SSD,2011,1706.09071329732
South Sudan,SSD,2012,958.455008128114
South Sudan,SSD,2013,1186.10132461897
Spain,ESP,2003,21495.7074076474
Spain,ESP,2004,24918.6458419994
Spain,ESP,2005,26510.7174533426
Spain,ESP,2006,28482.6094833461
Spain,ESP,2007,32709.4010383771
Spain,ESP,2008,35578.736189717
Spain,ESP,2009,32333.4661042498
Spain,ESP,2010,30736.0022781736
Spain,ESP,2011,31834.2181562825
Spain,ESP,2012,28562.2932404629
Spain,ESP,2013,29210.0934234591
Sri Lanka,LKA,2003,989.45477321255
Sri Lanka,LKA,2004,1074.60609222481
Sri Lanka,LKA,2005,1259.8075907972
Sri Lanka,LKA,2006,1448.76101048114
Sri Lanka,LKA,2007,1644.81637232162
Sri Lanka,LKA,2008,2054.48919158962
Sri Lanka,LKA,2009,2106.68158411132
Sri Lanka,LKA,2010,2819.51116056146
Sri Lanka,LKA,2011,3220.99261489508
Sri Lanka,LKA,2012,3350.52137495275
Sri Lanka,LKA,2013,3610.28937355
Sudan,SDN,2003,477.738407842199
Sudan,SDN,2004,565.056945884334
Sudan,SDN,2005,679.75399488289
Sudan,SDN,2006,893.879364531904
Sudan,SDN,2007,1115.69520035548
Sudan,SDN,2008,1291.52882621959
Sudan,SDN,2009,1226.88438122391
Sudan,SDN,2010,1476.47808657841
Sudan,SDN,2011,1666.85775736793
Sudan,SDN,2012,1892.89435161374
Sudan,SDN,2013,1955.66079918474
Suriname,SUR,2003,2603.13900877143
Suriname,SUR,2004,3006.48773049707
Suriname,SUR,2005,3595.08805502072
Suriname,SUR,2006,5207.90001958881
Suriname,SUR,2007,5761.39535978247
Suriname,SUR,2008,6858.16315817664
Suriname,SUR,2009,7443.85017847135
Suriname,SUR,2010,8303.31332009764
Suriname,SUR,2011,8318.97691973879
Suriname,SUR,2012,9272.41345281961
Suriname,SUR,2013,9484.56809775791
Swaziland,SWZ,2003,2020.99404868286
Swaziland,SWZ,2004,2529.63355674031
Swaziland,SWZ,2005,2873.86214143017
Swaziland,SWZ,2006,2937.36072271774
Swaziland,SWZ,2007,3047.48798012384
Swaziland,SWZ,2008,2842.43842172417
Swaziland,SWZ,2009,3032.51712498379
Swaziland,SWZ,2010,3690.23933600256
Swaziland,SWZ,2011,3934.2730250952
Swaziland,SWZ,2012,3851.50154710125
Swaziland,SWZ,2013,3598.70597235706
Sweden,SWE,2003,36961.4253671424
Sweden,SWE,2004,42442.2204473133
Sweden,SWE,2005,43085.353145957
Sweden,SWE,2006,46256.4716010495
Sweden,SWE,2007,53324.3793724756
Sweden,SWE,2008,55746.8423811175
Sweden,SWE,2009,46207.0592032962
Sweden,SWE,2010,52076.2559134864
Sweden,SWE,2011,59593.2871119719
Sweden,SWE,2012,57134.0770682404
Sweden,SWE,2013,60283.24522267
Switzerland,CHE,2003,47960.5649721577
Switzerland,CHE,2004,53255.9763084633
Switzerland,CHE,2005,54797.5466345741
Switzerland,CHE,2006,57348.9278823975
Switzerland,CHE,2007,63223.467775151
Switzerland,CHE,2008,72119.5608730311
Switzerland,CHE,2009,69672.0047147337
Switzerland,CHE,2010,74276.7184159425
Switzerland,CHE,2011,87998.4446849282
Switzerland,CHE,2012,83164.3879543217
Switzerland,CHE,2013,84658.8876757562
Tajikistan,TJK,2003,236.301443801199
Tajikistan,TJK,2004,309.280183383728
Tajikistan,TJK,2005,337.359236037771
Tajikistan,TJK,2006,404.287266548117
Tajikistan,TJK,2007,520.035955991825
Tajikistan,TJK,2008,706.091412766773
Tajikistan,TJK,2009,666.345856945147
Tajikistan,TJK,2010,738.347522660006
Tajikistan,TJK,2011,834.541295306236
Tajikistan,TJK,2012,954.720525255865
Tajikistan,TJK,2013,1040.21441228998
Thailand,THA,2003,2358.93062926799
Thailand,THA,2004,2659.83910848524
Thailand,THA,2005,2893.6513555654
Thailand,THA,2006,3368.95257614381
Thailand,THA,2007,3972.20647536504
Thailand,THA,2008,4378.68740595675
Thailand,THA,2009,4212.05490158881
Thailand,THA,2010,5075.30217639529
Thailand,THA,2011,5491.15998143099
Thailand,THA,2012,5859.9156220989
Thailand,THA,2013,6171.26244433996
Togo,TGO,2003,310.437014352316
Togo,TGO,2004,349.99372530523
Togo,TGO,2005,372.172183685558
Togo,TGO,2006,377.336028983739
Togo,TGO,2007,420.760474338357
Togo,TGO,2008,513.391913990462
Togo,TGO,2009,499.646871325977
Togo,TGO,2010,487.923891266382
Togo,TGO,2011,562.339359224539
Togo,TGO,2012,563.689424743521
Togo,TGO,2013,579.43480503892
Tonga,TON,2003,2029.71471809618
Tonga,TON,2004,2284.30785801648
Tonga,TON,2005,2594.74998985985
Tonga,TON,2006,2892.5226629236
Tonga,TON,2007,2932.31588336138
Tonga,TON,2008,3392.64743040652
Tonga,TON,2009,3070.84656328307
Tonga,TON,2010,3547.59097498905
Tonga,TON,2011,4045.01886643001
Tonga,TON,2012,4501.54246241052
Tonga,TON,2013,4266.55717394961
Trinidad and Tobago,TTO,2003,8804.5186659639
Trinidad and Tobago,TTO,2004,10290.5191436384
Trinidad and Tobago,TTO,2005,12323.1270537888
Trinidad and Tobago,TTO,2006,14095.9633665879
Trinidad and Tobago,TTO,2007,16530.1804420146
Trinidad and Tobago,TTO,2008,21188.118565877
Trinidad and Tobago,TTO,2009,14508.8796049945
Trinidad and Tobago,TTO,2010,16683.9457843568
Trinidad and Tobago,TTO,2011,19053.9706719731
Trinidad and Tobago,TTO,2012,19152.0530067631
Trinidad and Tobago,TTO,2013,19607.8328329043
Tunisia,TUN,2003,2761.96924915856
Tunisia,TUN,2004,3112.83502921362
Tunisia,TUN,2005,3194.56224258243
Tunisia,TUN,2006,3371.7123099588
Tunisia,TUN,2007,3778.18417141009
Tunisia,TUN,2008,4310.09302630815
Tunisia,TUN,2009,4129.97733476516
Tunisia,TUN,2010,4140.1517698059
Tunisia,TUN,2011,4256.91278981271
Tunisia,TUN,2012,4137.55402148336
Tunisia,TUN,2013,4199.47025312957
Turkey,TUR,2003,4718.50129134417
Turkey,TUR,2004,6040.72952995734
Turkey,TUR,2005,7384.3546612898
Turkey,TUR,2006,8034.86916124119
Turkey,TUR,2007,9709.49024596253
Turkey,TUR,2008,10850.6897507503
Turkey,TUR,2009,9036.49991065111
Turkey,TUR,2010,10672.0569256642
Turkey,TUR,2011,11341.1339492926
Turkey,TUR,2012,11720.3084269453
Turkey,TUR,2013,12542.9356514213
Turkmenistan,TKM,2003,1283.88597707684
Turkmenistan,TKM,2004,1453.91716551882
Turkmenistan,TKM,2005,1704.51475029942
Turkmenistan,TKM,2006,2136.66815015991
Turkmenistan,TKM,2007,2600.37142757781
Turkmenistan,TKM,2008,3904.46767465853
Turkmenistan,TKM,2009,4036.45922281818
Turkmenistan,TKM,2010,4439.20300021757
Turkmenistan,TKM,2011,5649.97848562924
Turkmenistan,TKM,2012,6675.26295437575
Turkmenistan,TKM,2013,7304.42052462986
Tuvalu,TUV,2003,1866.59962521391
Tuvalu,TUV,2004,2176.56474707796
Tuvalu,TUV,2005,2178.02921040263
Tuvalu,TUV,2006,2259.33327866066
Tuvalu,TUV,2007,2638.91184489681
Tuvalu,TUV,2008,2929.42164040473
Tuvalu,TUV,2009,2595.63990759047
Tuvalu,TUV,2010,3021.88952810147
Tuvalu,TUV,2011,3698.91009628832
Tuvalu,TUV,2012,3718.01871077083
Tuvalu,TUV,2013,3542.13508909017
Uganda,UGA,2003,237.999591696099
Uganda,UGA,2004,288.023694894406
Uganda,UGA,2005,315.788022726101
Uganda,UGA,2006,336.459392347713
Uganda,UGA,2007,401.850863088015
Uganda,UGA,2008,449.692818269711
Uganda,UGA,2009,647.010773245061
Uganda,UGA,2010,594.997255736371
Uganda,UGA,2011,584.396213680907
Uganda,UGA,2012,647.704741018769
Uganda,UGA,2013,662.492290296668
Ukraine,UKR,2003,1048.52248790763
Ukraine,UKR,2004,1367.35243333629
Ukraine,UKR,2005,1828.71762576598
Ukraine,UKR,2006,2303.01883093184
Ukraine,UKR,2007,3068.60899799696
Ukraine,UKR,2008,3891.03782318207
Ukraine,UKR,2009,2545.4803410735
Ukraine,UKR,2010,2965.14236549771
Ukraine,UKR,2011,3569.75702740477
Ukraine,UKR,2012,3855.4212801318
Ukraine,UKR,2013,4029.71550372131
United Arab Emirates,ARE,2003,33230.5231807291
United Arab Emirates,ARE,2004,36161.1706068291
United Arab Emirates,ARE,2005,39439.8019679284
United Arab Emirates,ARE,2006,42372.2216623658
United Arab Emirates,ARE,2007,42672.6132294857
United Arab Emirates,ARE,2008,45758.9055356627
United Arab Emirates,ARE,2009,33072.5751663719
United Arab Emirates,ARE,2010,35049.1483167837
United Arab Emirates,ARE,2011,40462.3120904192
United Arab Emirates,ARE,2012,42112.2356483963
United Arab Emirates,ARE,2013,43350.6426817411
United Kingdom,GBR,2003,34007.8887574143
United Kingdom,GBR,2004,39824.7618053778
United Kingdom,GBR,2005,41524.0655354404
United Kingdom,GBR,2006,44016.7264104656
United Kingdom,GBR,2007,49949.1548811539
United Kingdom,GBR,2008,46523.2654539202
United Kingdom,GBR,2009,38010.1004506576
United Kingdom,GBR,2010,38709.9116622829
United Kingdom,GBR,2011,41240.4248558849
United Kingdom,GBR,2012,41538.3072616553
United Kingdom,GBR,2013,42407.3710146402
United States,USA,2003,39677.1983481058
United States,USA,2004,41921.8097617892
United States,USA,2005,44307.9205848603
United States,USA,2006,46437.0671173065
United States,USA,2007,48061.5376613353
United States,USA,2008,48401.4273403899
United States,USA,2009,47001.5553496818
United States,USA,2010,48373.8788155779
United States,USA,2011,49790.6654782305
United States,USA,2012,51450.1222950581
United States,USA,2013,52787.0269489935
United States Virgin Islands,VIR,2003,31947.0786880696
United States Virgin Islands,VIR,2003,31947.0786880696
United States Virgin Islands,VIR,2003,31947.0786880696
United States Virgin Islands,VIR,2004,35192.2186197314
United States Virgin Islands,VIR,2004,35192.2186197314
United States Virgin Islands,VIR,2004,35192.2186197314
United States Virgin Islands,VIR,2005,41154.0565346782
United States Virgin Islands,VIR,2005,41154.0565346782
United States Virgin Islands,VIR,2005,41154.0565346782
United States Virgin Islands,VIR,2006,41819.870009285
United States Virgin Islands,VIR,2006,41819.870009285
United States Virgin Islands,VIR,2006,41819.870009285
United States Virgin Islands,VIR,2007,44711.0953892556
United States Virgin Islands,VIR,2007,44711.0953892556
United States Virgin Islands,VIR,2007,44711.0953892556
United States Virgin Islands,VIR,2008,39685.8746299876
United States Virgin Islands,VIR,2008,39685.8746299876
United States Virgin Islands,VIR,2008,39685.8746299876
United States Virgin Islands,VIR,2009,39388.2313250302
United States Virgin Islands,VIR,2009,39388.2313250302
United States Virgin Islands,VIR,2009,39388.2313250302
United States Virgin Islands,VIR,2010,40831.1140805706
United States Virgin Islands,VIR,2010,40831.1140805706
United States Virgin Islands,VIR,2010,40831.1140805706
United States Virgin Islands,VIR,2011,40072.2226423656
United States Virgin Islands,VIR,2011,40072.2226423656
United States Virgin Islands,VIR,2011,40072.2226423656
United States Virgin Islands,VIR,2012,38898.1239610544
United States Virgin Islands,VIR,2012,38898.1239610544
United States Virgin Islands,VIR,2012,38898.1239610544
United States Virgin Islands,VIR,2013,35937.634264873
United States Virgin Islands,VIR,2013,35937.634264873
United States Virgin Islands,VIR,2013,35937.634264873
Uruguay,URY,2003,3622.05228427976
Uruguay,URY,2004,4117.30885333007
Uruguay,URY,2005,5220.95111632219
Uruguay,URY,2006,5877.87607846966
Uruguay,URY,2007,7009.69704582869
Uruguay,URY,2008,9062.31216423949
Uruguay,URY,2009,9415.1703856875
Uruguay,URY,2010,11938.2120047097
Uruguay,URY,2011,14166.4990835869
Uruguay,URY,2012,15092.0681932945
Uruguay,URY,2013,16881.2056763151
Uzbekistan,UZB,2003,396.129968981304
Uzbekistan,UZB,2004,465.119886944025
Uzbekistan,UZB,2005,546.776850185552
Uzbekistan,UZB,2006,654.283837283285
Uzbekistan,UZB,2007,830.407694204322
Uzbekistan,UZB,2008,1082.28602501699
Uzbekistan,UZB,2009,1213.26532816388
Uzbekistan,UZB,2010,1377.08214046938
Uzbekistan,UZB,201