Entity, Code, Year, (current US$), (current international $)Afghanistan,2003,,,25678639
Afghanistan,2004,,,26693486
Afghanistan,2005,,3.32,27614718
Afghanistan,2006,,,28420974
Afghanistan,2007,,,29145841
Afghanistan,2008,,,29839994
Afghanistan,2009,,,30577756
Afghanistan,2010,,3.93,31411743
Afghanistan,2011,,,32358260
Afghanistan,2012,,,33397058
Afghanistan,2013,,,34499915
Albania,2003,,,3106701
Albania,2004,,,3124861
Albania,2005,9.79,10.24,3141800
Albania,2006,,,3156607
Albania,2007,,,3169665
Albania,2008,6.11,,3181397
Albania,2009,,,3192723
Albania,2010,,10.44,3204284
Albania,2011,,,3215988
Albania,2012,6.79,,3227373
Albania,2013,,,3238316
Algeria,2003,,,31913462
Algeria,2004,,,32396048
Algeria,2005,,6.43,32888449
Algeria,2006,,,33391954
Algeria,2007,,,33906605
Algeria,2008,,,34428028
Algeria,2009,,,34950168
Algeria,2010,,7,35468208
Algeria,2011,,,35980193
Algeria,2012,,,36485828
Algeria,2013,,,36983924
American Samoa,2003,,,60774
American Samoa,2003,,,60774
American Samoa,2004,,,61871
American Samoa,2004,,,61871
American Samoa,2005,,,62962
American Samoa,2005,,,62962
American Samoa,2006,,,64045
American Samoa,2006,,,64045
American Samoa,2007,,,65130
American Samoa,2007,,,65130
American Samoa,2008,,,66217
American Samoa,2008,,,66217
American Samoa,2009,,,67312
American Samoa,2009,,,67312
American Samoa,2010,,,68420
American Samoa,2010,,,68420
American Samoa,2011,,,69543
American Samoa,2011,,,69543
American Samoa,2012,,,70680
American Samoa,2012,,,70680
American Samoa,2013,,,71834
American Samoa,2013,,,71834
Andorra,2003,,,72203
Andorra,2004,,,75292
Andorra,2005,,,77888
Andorra,2006,,,79874
Andorra,2007,,,81390
Andorra,2008,,,82577
Andorra,2009,,,83677
Andorra,2010,,,84864
Andorra,2011,,,86165
Andorra,2012,,,87518
Andorra,2013,,,88909
Angola,2003,,,15419943
Angola,2004,,,15957460
Angola,2005,,,16489021
Angola,2006,,,17010366
Angola,2007,,,17525367
Angola,2008,54.52,,18037964
Angola,2009,,,18555115
Angola,2010,,,19081912
Angola,2011,,,19618432
Angola,2012,,,20162517
Angola,2013,,,20714494
Anguilla,2003,,,12548
Anguilla,2004,,,13083
Anguilla,2005,,,13574
Anguilla,2006,,,14008
Anguilla,2007,,,14393
Anguilla,2008,,,14737
Anguilla,2009,,,15055
Anguilla,2010,,,15358
Anguilla,2011,,,15645
Anguilla,2012,,,15911
Anguilla,2013,,,16158
Antigua and Barbuda,2003,,,81716
Antigua and Barbuda,2004,,,82838
Antigua and Barbuda,2005,,,83916
Antigua and Barbuda,2006,,,84952
Antigua and Barbuda,2007,,,85935
Antigua and Barbuda,2008,,,86881
Antigua and Barbuda,2009,,,87802
Antigua and Barbuda,2010,,,88710
Antigua and Barbuda,2011,,,89612
Antigua and Barbuda,2012,,,90510
Antigua and Barbuda,2013,,,91404
Argentina,2003,19.14,,38001251
Argentina,2004,14.59,,38340778
Argentina,2005,11.36,9.57,38681174
Argentina,2006,8.7,,39023850
Argentina,2007,7.13,,39368066
Argentina,2008,6.79,,39714298
Argentina,2009,6.41,,40062470
Argentina,2010,4.99,9.71,40412376
Argentina,2011,3.6,,40764561
Argentina,2012,3.69,,41118986
Argentina,2013,3.63,,41473982
Armenia,2003,45.48,,3060554
Armenia,2004,33.93,,3062612
Armenia,2005,24.7,,3065954
Armenia,2006,20.04,,3069844
Armenia,2007,21.92,,3074181
Armenia,2008,12.92,,3079087
Armenia,2009,16.35,,3084979
Armenia,2010,21.65,,3092072
Armenia,2011,19.03,,3100236
Armenia,2012,17.4,,3108972
Armenia,2013,16.97,,3117722
Aruba,2003,,,96875
Aruba,2004,,,99046
Aruba,2005,,,100996
Aruba,2006,,,102711
Aruba,2007,,,104225
Aruba,2008,,,105526
Aruba,2009,,,106612
Aruba,2010,,,107488
Aruba,2011,,,108141
Aruba,2012,,,108587
Aruba,2013,,,108883
Australia,2003,,,19840120
Australia,2004,,,20103822
Australia,2005,,11.71,20403520
Australia,2006,,,20744295
Australia,2007,,,21119988
Australia,2008,,,21513817
Australia,2009,,,21902300
Australia,2010,,11.69,22268384
Australia,2011,,,22605732
Australia,2012,,,22918688
Australia,2013,,,23213944
Austria,2003,,,8134235
Austria,2004,,,8185553
Austria,2005,,9.89,8232196
Austria,2006,,,8273208
Austria,2007,,,8309783
Austria,2008,,,8341806
Austria,2009,,,8369639
Austria,2010,,10.13,8393644
Austria,2011,,,8413429
Austria,2012,,,8428915
Austria,2013,,,8441263
Azerbaijan,2003,0.35,,8376733
Azerbaijan,2004,0,,8479668
Azerbaijan,2005,0,,8587902
Azerbaijan,2006,,,8701719
Azerbaijan,2007,,,8821012
Azerbaijan,2008,2.51,,8943600
Azerbaijan,2009,,,9066604
Azerbaijan,2010,,,9187783
Azerbaijan,2011,,,9306023
Azerbaijan,2012,,,9421233
Azerbaijan,2013,,,9533445
Bahamas,2003,,,310201
Bahamas,2004,,,314739
Bahamas,2005,,,319358
Bahamas,2006,,,324066
Bahamas,2007,,,328861
Bahamas,2008,,,333661
Bahamas,2009,,,338358
Bahamas,2010,,,342877
Bahamas,2011,,,347176
Bahamas,2012,,,351275
Bahamas,2013,,,355233
Bahrain,2003,,,647164
Bahrain,2004,,,671760
Bahrain,2005,,,724807
Bahrain,2006,,,811410
Bahrain,2007,,,925733
Bahrain,2008,,,1052359
Bahrain,2009,,,1169578
Bahrain,2010,,,1261835
Bahrain,2011,,,1323535
Bahrain,2012,,,1359485
Bahrain,2013,,,1377273
Bangladesh,2003,,,136514768
Bangladesh,2004,,,138633401
Bangladesh,2005,62.96,5.51,140587922
Bangladesh,2006,,,142353501
Bangladesh,2007,,,143956805
Bangladesh,2008,,,145478300
Bangladesh,2009,,,147030145
Bangladesh,2010,56.8,6.22,148692131
Bangladesh,2011,,,150493658
Bangladesh,2012,,,152408774
Bangladesh,2013,,,154393847
Barbados,2003,,,269389
Barbados,2004,,,269947
Barbados,2005,,9.41,270503
Barbados,2006,,,271062
Barbados,2007,,,271618
Barbados,2008,,,272180
Barbados,2009,,,272750
Barbados,2010,,9.57,273331
Barbados,2011,,,273925
Barbados,2012,,,274530
Barbados,2013,,,275141
Belarus,2003,8.29,,9917927
Belarus,2004,3.83,,9872110
Belarus,2005,2.22,,9825102
Belarus,2006,0.9,,9776823
Belarus,2007,0.93,,9728228
Belarus,2008,0.47,,9680690
Belarus,2009,0.54,,9636016
Belarus,2010,0.17,,9595421
Belarus,2011,0.04,,9559441
Belarus,2012,0.07,,9527498
Belarus,2013,0,,9498290
Belgium,2003,,,10303108
Belgium,2004,,,10356993
Belgium,2005,,11.11,10414209
Belgium,2006,,,10474993
Belgium,2007,,,10538758
Belgium,2008,,,10602167
Belgium,2009,,,10660938
Belgium,2010,,11.29,10712066
Belgium,2011,,,10754056
Belgium,2012,,,10787788
Belgium,2013,,,10815599
Belize,2003,,,268760
Belize,2004,,,274855
Belize,2005,,8.75,280947
Belize,2006,,,287035
Belize,2007,,,293124
Belize,2008,,,299237
Belize,2009,,,305398
Belize,2010,,9.63,311627
Belize,2011,,,317928
Belize,2012,,,324292
Belize,2013,,,330721
Benin,2003,77.22,,7164976
Benin,2004,,,7397985
Benin,2005,,3.85,7633757
Benin,2006,,,7871707
Benin,2007,,,8112573
Benin,2008,,,8355980
Benin,2009,,,8601771
Benin,2010,,4.57,8849892
Benin,2011,75.63,,9099922
Benin,2012,,,9351838
Benin,2013,,,9606534
Bermuda,2003,,,63655
Bermuda,2004,,,63905
Bermuda,2005,,,64130
Bermuda,2006,,,64328
Bermuda,2007,,,64502
Bermuda,2008,,,64657
Bermuda,2009,,,64802
Bermuda,2010,,,64941
Bermuda,2011,,,65077
Bermuda,2012,,,65208
Bermuda,2013,,,65335
Bhutan,2003,60.9,,624431
Bhutan,2004,,,642400
Bhutan,2005,,,659293
Bhutan,2006,,,674681
Bhutan,2007,28.87,,688581
Bhutan,2008,,,701363
Bhutan,2009,,,713665
Bhutan,2010,,,725940
Bhutan,2011,,,738267
Bhutan,2012,13.33,,750443
Bhutan,2013,,,762313
Bolivia,2003,,,8815911
Bolivia,2004,27.98,,8982917
Bolivia,2005,32.24,8.77,9146655
Bolivia,2006,29.24,,9306660
Bolivia,2007,27.31,,9463497
Bolivia,2008,20.73,,9618466
Bolivia,2009,19.2,,9773441
Bolivia,2010,,8.57,9929849
Bolivia,2011,14.63,,10088108
Bolivia,2012,15.77,,10248042
Bolivia,2013,13.35,,10409761
Botswana,2003,,,1830127
Botswana,2004,,,1852243
Botswana,2005,,,1875673
Botswana,2006,,,1900905
Botswana,2007,,,1927540
Botswana,2008,,,1954822
Botswana,2009,35.74,,1981576
Botswana,2010,,,2006945
Botswana,2011,,,2030738
Botswana,2012,,,2053237
Botswana,2013,,,2074616
Brazil,2003,25.18,,181633074
Brazil,2004,23.27,,183873377
Brazil,2005,21.19,7.67,185986964
Brazil,2006,17.88,,187958211
Brazil,2007,16.8,,189798070
Brazil,2008,14.21,,191543237
Brazil,2009,13.47,,193246610
Brazil,2010,,8.17,194946470
Brazil,2011,11.37,,196655014
Brazil,2012,9.28,,198360943
Brazil,2013,9.06,,200050487
British Virgin Islands,2003,,,21446
British Virgin Islands,2003,,,21446
British Virgin Islands,2004,,,21721
British Virgin Islands,2004,,,21721
British Virgin Islands,2005,,,21990
British Virgin Islands,2005,,,21990
British Virgin Islands,2006,,,22253
British Virgin Islands,2006,,,22253
British Virgin Islands,2007,,,22511
British Virgin Islands,2007,,,22511
British Virgin Islands,2008,,,22762
British Virgin Islands,2008,,,22762
British Virgin Islands,2009,,,23007
British Virgin Islands,2009,,,23007
British Virgin Islands,2010,,,23245
British Virgin Islands,2010,,,23245
British Virgin Islands,2011,,,23478
British Virgin Islands,2011,,,23478
British Virgin Islands,2012,,,23705
British Virgin Islands,2012,,,23705
British Virgin Islands,2013,,,23928
British Virgin Islands,2013,,,23928
Bulgaria,2003,3.88,,7840117
Bulgaria,2004,,,7789180
Bulgaria,2005,,10.61,7739115
Bulgaria,2006,10.33,,7689520
Bulgaria,2007,1.76,,7640283
Bulgaria,2008,2.82,,7591322
Bulgaria,2009,2.61,,7542674
Bulgaria,2010,3.8,11.07,7494332
Bulgaria,2011,4.66,,7446135
Bulgaria,2012,4.7,,7397873
Bulgaria,2013,,,7349462
Burkina Faso,2003,79.3,,13395599
Burkina Faso,2004,,,13789736
Burkina Faso,2005,,,14198463
Burkina Faso,2006,,,14622202
Burkina Faso,2007,,,15061127
Burkina Faso,2008,,,15515258
Burkina Faso,2009,80.47,,15984479
Burkina Faso,2010,,,16468714
Burkina Faso,2011,,,16967845
Burkina Faso,2012,,,17481984
Burkina Faso,2013,,,18011507
Burundi,2003,,,6838764
Burundi,2004,,,7039534
Burundi,2005,,,7251424
Burundi,2006,92.17,,7474363
Burundi,2007,,,7707781
Burundi,2008,,,7943385
Burundi,2009,,,8170853
Burundi,2010,,,8382849
Burundi,2011,,,8575172
Burundi,2012,,,8749387
Burundi,2013,,,8911183
Cambodia,2003,,,13024171
Cambodia,2004,53.25,,13193961
Cambodia,2005,,4.26,13357574
Cambodia,2006,,,13515884
Cambodia,2007,49.09,,13669857
Cambodia,2008,37.71,,13822644
Cambodia,2009,27.78,,13977903
Cambodia,2010,25.54,4.94,14138255
Cambodia,2011,25.61,,14305183
Cambodia,2012,21.58,,14478320
Cambodia,2013,,,14656016
Cameroon,2003,,,16783366
Cameroon,2004,,,17165267
Cameroon,2005,,6.06,17553589
Cameroon,2006,,,17948395
Cameroon,2007,54.27,,18350022
Cameroon,2008,,,18758778
Cameroon,2009,,,19175028
Cameroon,2010,,6.41,19598889
Cameroon,2011,,,20030362
Cameroon,2012,,,20468943
Cameroon,2013,,,20913595
Canada,2003,,,31608562
Canada,2004,,,31943605
Canada,2005,,12.49,32283413
Canada,2006,,,32627978
Canada,2007,,,32977334
Canada,2008,,,33327954
Canada,2009,,,33675448
Canada,2010,,12.74,34016593
Canada,2011,,,34349561
Canada,2012,,,34674708
Canada,2013,,,34993747
Cape Verde,2003,,,460031
Cape Verde,2004,,,466784
Cape Verde,2005,,,472883
Cape Verde,2006,,,478267
Cape Verde,2007,25.1,,483023
Cape Verde,2008,,,487371
Cape Verde,2009,,,491621
Cape Verde,2010,,,495999
Cape Verde,2011,,,500585
Cape Verde,2012,,,505335
Cape Verde,2013,,,510213
Cayman Islands,2003,,,47815
Cayman Islands,2004,,,50273
Cayman Islands,2005,,,52268
Cayman Islands,2006,,,53712
Cayman Islands,2007,,,54679
Cayman Islands,2008,,,55295
Cayman Islands,2009,,,55763
Cayman Islands,2010,,,56230
Cayman Islands,2011,,,56729
Cayman Islands,2012,,,57223
Cayman Islands,2013,,,57708
Central African Republic,2003,84.17,,3890075
Central African Republic,2004,,,3952281
Central African Republic,2005,,,4017880
Central African Republic,2006,,,4087534
Central African Republic,2007,,,4160940
Central African Republic,2008,82.27,,4237961
Central African Republic,2009,,,4318128
Central African Republic,2010,,,4401051
Central African Republic,2011,,,4486837
Central African Republic,2012,,,4575586
Central African Republic,2013,,,4666833
Chad,2003,84.55,,9153893
Chad,2004,,,9474792
Chad,2005,,,9785902
Chad,2006,,,10084087
Chad,2007,,,10371839
Chad,2008,,,10653762
Chad,2009,,,10937089
Chad,2010,,,11227208
Chad,2011,64.82,,11525496
Chad,2012,,,11830573
Chad,2013,,,12141876
Chile,2003,8.08,,15959793
Chile,2004,,,16132209
Chile,2005,,9.96,16301726
Chile,2006,5.15,,16468677
Chile,2007,,,16633254
Chile,2008,,,16795593
Chile,2009,4.1,,16955737
Chile,2010,,10.35,17113688
Chile,2011,2.91,,17269525
Chile,2012,,,17423214
Chile,2013,2.05,,17574464
China,2003,,,1293396654
China,2004,,,1300552134
China,2005,41.76,8.02,1307593489
China,2006,,,1314581402
China,2007,,,1321481935
China,2008,32.96,,1328275524
China,2009,,,1334908820
China,2010,27.24,8.25,1341335152
China,2011,22.24,,1347565324
China,2012,19.05,,1353600687
China,2013,11.09,,1359368470
Christmas Island,2003,,,433
Christmas Island,2004,,,396
Christmas Island,2005,,,361
Christmas Island,2006,,,1490
Christmas Island,2007,,,1400
Christmas Island,2010,,,1400
Cocos Islands,2003,,,630
Cocos Islands,2004,,,629
Cocos Islands,2005,,,628
Cocos Islands,2006,,,574
Cocos Islands,2007,,,596
Cocos Islands,2010,,,596
Colombia,2003,26.59,,41731914
Colombia,2004,26.51,,42385712
Colombia,2005,22.86,7.56,43040558
Colombia,2006,,,43696540
Colombia,2007,,,44352327
Colombia,2008,22.76,,45005782
Colombia,2009,20.4,,45654044
Colombia,2010,17.6,9.35,46294841
Colombia,2011,15.31,,46927125
Colombia,2012,16.2,,47550708
Colombia,2013,13.79,,48165221
Comoros,2003,,,609271
Comoros,2004,32.26,,625876
Comoros,2005,,,642974
Comoros,2006,,,660559
Comoros,2007,,,678602
Comoros,2008,,,697034
Comoros,2009,,,715774
Comoros,2010,,,734750
Comoros,2011,,,753943
Comoros,2012,,,773344
Comoros,2013,,,792913
Congo,2003,,,3365171
Congo,2004,,,3445765
Congo,2005,71.76,,3533177
Congo,2006,,,3628561
Congo,2007,,,3730612
Congo,2008,,,3836339
Congo,2009,,,3941454
Congo,2010,,,4042899
Congo,2011,59.62,,4139748
Congo,2012,,,4233063
Congo,2013,,,4324199
Cook Islands,2003,,,18693
Cook Islands,2004,,,19075
Cook Islands,2005,,,19402
Cook Islands,2006,,,19659
Cook Islands,2007,,,19861
Cook Islands,2008,,,20019
Cook Islands,2009,,,20156
Cook Islands,2010,,,20288
Cook Islands,2011,,,20414
Cook Islands,2012,,,20528
Cook Islands,2013,,,20635
Costa Rica,2003,11.68,,4160438
Costa Rica,2004,11.09,,4235605
Costa Rica,2005,9.01,8.52,4309413
Costa Rica,2006,9.47,,4381820
Costa Rica,2007,6.07,,4452608
Costa Rica,2008,5.88,,4522124
Costa Rica,2009,6.6,,4590790
Costa Rica,2010,3.92,8.43,4658887
Costa Rica,2011,4.07,,4726575
Costa Rica,2012,4.07,,4793725
Costa Rica,2013,3.95,,4859957
Cote d'Ivoire,2003,,,17455501
Cote d'Ivoire,2004,,,17731840
Cote d'Ivoire,2005,,4.52,18020946
Cote d'Ivoire,2006,,,18325979
Cote d'Ivoire,2007,,,18646754
Cote d'Ivoire,2008,55.14,,18987007
Cote d'Ivoire,2009,,,19350026
Cote d'Ivoire,2010,,4.93,19737800
Cote d'Ivoire,2011,,,20152894
Cote d'Ivoire,2012,,,20594615
Cote d'Ivoire,2013,,,21057316
Croatia,2003,,,4456587
Croatia,2004,0.15,,4449522
Croatia,2005,,,4441986
Croatia,2006,,,4433791
Croatia,2007,,,4425995
Croatia,2008,0.12,,4418387
Croatia,2009,0.08,,4410864
Croatia,2010,0.05,,4403330
Croatia,2011,2,,4395560
Croatia,2012,2.24,,4387376
Croatia,2013,,,4378806
Cuba,2003,,,11208029
Cuba,2004,,,11234970
Cuba,2005,,10.36,11254242
Cuba,2006,,,11265124
Cuba,2007,,,11268687
Cuba,2008,,,11266905
Cuba,2009,,,11262628
Cuba,2010,,11.06,11257979
Cuba,2011,,,11253665
Cuba,2012,,,11249266
Cuba,2013,,,11244424
Cyprus,2003,,,998134
Cyprus,2004,,,1015806
Cyprus,2005,,10.19,1032562
Cyprus,2006,,,1048272
Cyprus,2007,,,1063027
Cyprus,2008,,,1077001
Cyprus,2009,,,1090473
Cyprus,2010,,11.76,1103647
Cyprus,2011,,,1116564
Cyprus,2012,,,1129166
Cyprus,2013,,,1141453
Czech Republic,2003,,,10199327
Czech Republic,2004,0.03,,10201665
Czech Republic,2005,0.06,12.81,10220638
Czech Republic,2006,0.08,,10258796
Czech Republic,2007,0.2,,10313525
Czech Republic,2008,0.13,,10377359
Czech Republic,2009,0.08,,10439735
Czech Republic,2010,0.13,12.8,10492960
Czech Republic,2011,0.11,,10534293
Czech Republic,2012,0.3,,10565678
Czech Republic,2013,,,10589806
Democratic Republic of Congo,2003,,,54098245
Democratic Republic of Congo,2004,98.35,,55754885
Democratic Republic of Congo,2005,,3.63,57420522
Democratic Republic of Congo,2006,,,59088415
Democratic Republic of Congo,2007,,,60772175
Democratic Republic of Congo,2008,,,62474901
Democratic Republic of Congo,2009,,,64204304
Democratic Republic of Congo,2010,,3.79,65965795
Democratic Republic of Congo,2011,,,67757577
Democratic Republic of Congo,2012,90.7,,69575394
Democratic Republic of Congo,2013,,,71419669
Denmark,2003,,,5384487
Denmark,2004,,,5400280
Denmark,2005,,11.81,5419444
Denmark,2006,,,5442644
Denmark,2007,,,5469130
Denmark,2008,,,5497312
Denmark,2009,,,5524874
Denmark,2010,,11.97,5550142
Denmark,2011,,,5572594
Denmark,2012,,,5592738
Denmark,2013,,,5611187
Djibouti,2003,,,779640
Djibouti,2004,,,793738
Djibouti,2005,,,808367
Djibouti,2006,,,823682
Djibouti,2007,,,839453
Djibouti,2008,,,855636
Djibouti,2009,,,872090
Djibouti,2010,,,888716
Djibouti,2011,,,905564
Djibouti,2012,36.98,,922708
Djibouti,2013,43.05,,940090
Dominica,2003,,,69200
Dominica,2004,,,69087
Dominica,2005,,,68925
Dominica,2006,,,68700
Dominica,2007,,,68434
Dominica,2008,,,68159
Dominica,2009,,,67922
Dominica,2010,,,67757
Dominica,2011,,,67675
Dominica,2012,,,67665
Dominica,2013,,,67702
Dominican Republic,2003,16.86,,8995398
Dominican Republic,2003,16.86,,8995398
Dominican Republic,2004,21.96,,9129965
Dominican Republic,2004,21.96,,9129965
Dominican Republic,2005,15.94,7.54,9264267
Dominican Republic,2005,15.94,7.54,9264267
Dominican Republic,2006,13.63,,9398285
Dominican Republic,2006,13.63,,9398285
Dominican Republic,2007,12.94,,9531954
Dominican Republic,2007,12.94,,9531954
Dominican Republic,2008,13.3,,9664948
Dominican Republic,2008,13.3,,9664948
Dominican Republic,2009,11.55,,9796852
Dominican Republic,2009,11.55,,9796852
Dominican Republic,2010,11.5,8.12,9927320
Dominican Republic,2010,11.5,8.12,9927320
Dominican Republic,2011,10,,10056181
Dominican Republic,2011,10,,10056181
Dominican Republic,2012,10.22,,10183339
Dominican Republic,2012,10.22,,10183339
Dominican Republic,2013,9.12,,10308609
Dominican Republic,2013,9.12,,10308609
Ecuador,2003,32.92,,12987992
Ecuador,2004,30.54,,13208869
Ecuador,2005,26.99,7.7,13426402
Ecuador,2006,21.1,,13639708
Ecuador,2007,20.94,,13849721
Ecuador,2008,20.47,,14056740
Ecuador,2009,20.1,,14261566
Ecuador,2010,16.91,8.02,14464739
Ecuador,2011,14.54,,14666055
Ecuador,2012,13.97,,14864987
Ecuador,2013,11.64,,15061398
Egypt,2003,,,71498433
Egypt,2004,,,72844998
Egypt,2005,,6.93,74203215
Egypt,2006,,,75568453
Egypt,2007,,,76941572
Egypt,2008,,,78323298
Egypt,2009,,,79716203
Egypt,2010,,7.44,81121077
Egypt,2011,,,82536770
Egypt,2012,,,83958369
Egypt,2013,,,85378440
El Salvador,2003,27.25,,6008523
El Salvador,2004,20.77,,6028792
El Salvador,2005,20.88,8.08,6050513
El Salvador,2006,17.34,,6074487
El Salvador,2007,13.94,,6100868
El Salvador,2008,18.58,,6129628
El Salvador,2009,17.51,,6160423
El Salvador,2010,18.55,8.06,6192993
El Salvador,2011,15.04,,6227491
El Salvador,2012,13.61,,6264129
El Salvador,2013,11.53,,6302723
Equatorial Guinea,2003,,,571999
Equatorial Guinea,2003,,,571999
Equatorial Guinea,2004,,,589794
Equatorial Guinea,2004,,,589794
Equatorial Guinea,2005,,,607739
Equatorial Guinea,2005,,,607739
Equatorial Guinea,2006,,,625777
Equatorial Guinea,2006,,,625777
Equatorial Guinea,2007,,,643936
Equatorial Guinea,2007,,,643936
Equatorial Guinea,2008,,,662327
Equatorial Guinea,2008,,,662327
Equatorial Guinea,2009,,,681115
Equatorial Guinea,2009,,,681115
Equatorial Guinea,2010,,,700401
Equatorial Guinea,2010,,,700401
Equatorial Guinea,2011,,,720213
Equatorial Guinea,2011,,,720213
Equatorial Guinea,2012,,,740471
Equatorial Guinea,2012,,,740471
Equatorial Guinea,2013,,,761050
Equatorial Guinea,2013,,,761050
Eritrea,2003,,,4145500
Eritrea,2004,,,4318343
Eritrea,2005,,,4486155
Eritrea,2006,,,4645837
Eritrea,2007,,,4798561
Eritrea,2008,,,4947521
Eritrea,2009,,,5097998
Eritrea,2010,,,5253676
Eritrea,2011,,,5415280
Eritrea,2012,,,5580862
Eritrea,2013,,,5748304
Estonia,2003,5.55,,1351955
Estonia,2004,3.21,,1348449
Estonia,2005,1.94,,1345857
Estonia,2006,1.46,,1344038
Estonia,2007,0.88,,1342873
Estonia,2008,0.92,,1342145
Estonia,2009,1.24,,1341629
Estonia,2010,1.82,,1341140
Estonia,2011,1.82,,1340537
Estonia,2012,1.61,,1339762
Estonia,2013,,,1338832
Ethiopia,2003,,,70784012
Ethiopia,2004,76.22,,72526620
Ethiopia,2005,,,74263861
Ethiopia,2006,,,75993403
Ethiopia,2007,,,77718436
Ethiopia,2008,,,79446419
Ethiopia,2009,,,81187751
Ethiopia,2010,71.27,,82949541
Ethiopia,2011,,,84734262
Ethiopia,2012,,,86538534
Ethiopia,2013,,,88356373
Fiji,2003,,,817339
Fiji,2004,,,819102
Fiji,2005,,9.76,822553
Fiji,2006,,,828046
Fiji,2007,,,835267
Fiji,2008,18.5,,843651
Fiji,2009,,,852323
Fiji,2010,,10.35,860623
Fiji,2011,,,868406
Fiji,2012,,,875822
Fiji,2013,,,882863
Finland,2003,,,5210595
Finland,2004,,,5226067
Finland,2005,,10.42,5244342
Finland,2006,,,5265936
Finland,2007,,,5290431
Finland,2008,,,5316334
Finland,2009,,,5341546
Finland,2010,,10.71,5364546
Finland,2011,,,5384770
Finland,2012,,,5402627
Finland,2013,,,5418763
France,2003,,,60183884
France,2004,,,60596691
France,2005,,10.86,60996506
France,2006,,,61378065
France,2007,,,61744596
France,2008,,,62098413
France,2009,,,62444770
France,2010,,11.34,62787427
France,2011,,,63125894
France,2012,,,63457777
France,2013,,,63782963
French Guiana,2003,,,187247
French Guiana,2004,,,194882
French Guiana,2005,,,201993
French Guiana,2006,,,208451
French Guiana,2007,,,214366
French Guiana,2008,,,219931
French Guiana,2009,,,225451
French Guiana,2010,,,231151
French Guiana,2011,,,237080
French Guiana,2012,,,243172
French Guiana,2013,,,249408
French Polynesia,2003,,,248357
French Polynesia,2004,,,251622
French Polynesia,2005,,,254870
French Polynesia,2006,,,258119
French Polynesia,2007,,,261345
French Polynesia,2008,,,264541
French Polynesia,2009,,,267685
French Polynesia,2010,,,270764
French Polynesia,2011,,,273777
French Polynesia,2012,,,276731
French Polynesia,2013,,,279632
Gabon,2003,,,1317484
Gabon,2004,,,1344171
Gabon,2005,24.43,,1370729
Gabon,2006,,,1397192
Gabon,2007,,,1423637
Gabon,2008,,,1450310
Gabon,2009,,,1477514
Gabon,2010,,,1505463
Gabon,2011,,,1534262
Gabon,2012,,,1563873
Gabon,2013,,,1594205
Gambia,2003,68,,1417818
Gambia,2004,,,1460493
Gambia,2005,,3.39,1503678
Gambia,2006,,,1547259
Gambia,2007,,,1591357
Gambia,2008,,,1636107
Gambia,2009,,,1681734
Gambia,2010,,3.92,1728394
Gambia,2011,,,1776103
Gambia,2012,,,1824777
Gambia,2013,,,1874360
Georgia,2003,40,,4569880
Georgia,2004,37.17,,4519607
Georgia,2005,36.54,,4477006
Georgia,2006,34.09,,4442825
Georgia,2007,37.17,,4415956
Georgia,2008,35.11,,4394018
Georgia,2009,35.76,,4373630
Georgia,2010,38.61,,4352244
Georgia,2011,36.84,,4329026
Georgia,2012,34.56,,4304363
Georgia,2013,28.58,,4278410
Germany,2003,,,82484111
Germany,2004,,,82524343
Germany,2005,,11.98,82540739
Germany,2006,,,82536138
Germany,2007,,,82516297
Germany,2008,,,82475271
Germany,2009,,,82405365
Germany,2010,,12.58,82302465
Germany,2011,,,82162512
Germany,2012,,,81990837
Germany,2013,,,81804228
Ghana,2003,,,20610897
Ghana,2004,,,21119911
Ghana,2005,49.04,7.35,21639806
Ghana,2006,,,22170556
Ghana,2007,,,22712403
Ghana,2008,,,23264176
Ghana,2009,,,23824402
Ghana,2010,,7.66,24391823
Ghana,2011,,,24965816
Ghana,2012,,,25545939
Ghana,2013,,,26131336
Gibraltar,2003,,,28410
Gibraltar,2004,,,28793
Gibraltar,2005,,,29075
Gibraltar,2006,,,29237
Gibraltar,2007,,,29296
Gibraltar,2008,,,29287
Gibraltar,2009,,,29257
Gibraltar,2010,,,29244
Gibraltar,2011,,,29254
Gibraltar,2012,,,29278
Gibraltar,2013,,,29309
Greece,2003,,,11111072
Greece,2004,,,11147261
Greece,2005,,10.95,11183114
Greece,2006,,,11219300
Greece,2007,,,11255717
Greece,2008,,,11291807
Greece,2009,,,11326596
Greece,2010,,11.36,11359346
Greece,2011,,,11390031
Greece,2012,,,11418878
Greece,2013,,,11445691
Greenland,2003,,,56844
Greenland,2004,,,57041
Greenland,2005,,,57190
Greenland,2006,,,57280
Greenland,2007,,,57316
Greenland,2008,,,57317
Greenland,2009,,,57304
Greenland,2010,,,57296
Greenland,2011,,,57296
Greenland,2012,,,57300
Greenland,2013,,,57300
Grenada,2003,,,102195
Grenada,2004,,,102455
Grenada,2005,,,102734
Grenada,2006,,,103037
Grenada,2007,,,103368
Grenada,2008,,,103723
Grenada,2009,,,104097
Grenada,2010,,,104487
Grenada,2011,,,104890
Grenada,2012,,,105303
Grenada,2013,,,105719
Guadeloupe,2003,,,438895
Guadeloupe,2004,,,442413
Guadeloupe,2005,,,445814
Guadeloupe,2006,,,449103
Guadeloupe,2007,,,452253
Guadeloupe,2008,,,455247
Guadeloupe,2009,,,458057
Guadeloupe,2010,,,460666
Guadeloupe,2011,,,463069
Guadeloupe,2012,,,465282
Guadeloupe,2013,,,467335
Guam,2003,,,163121
Guam,2004,,,165918
Guam,2005,,,168565
Guam,2006,,,171024
Guam,2007,,,173334
Guam,2008,,,175538
Guam,2009,,,177707
Guam,2010,,,179896
Guam,2011,,,182111
Guam,2012,,,184334
Guam,2013,,,186562
Guatemala,2003,,,12098576
Guatemala,2004,,,12404764
Guatemala,2005,,4.33,12717154
Guatemala,2006,23.69,,13034904
Guatemala,2007,,,13358842
Guatemala,2008,,,13690846
Guatemala,2009,,,14033623
Guatemala,2010,,5.21,14388929
Guatemala,2011,26.47,,14757316
Guatemala,2012,,,15137569
Guatemala,2013,,,15527502
Guinea,2003,,,8743954
Guinea,2004,,,8889321
Guinea,2005,,,9041448
Guinea,2006,,,9201941
Guinea,2007,81.22,,9373619
Guinea,2008,,,9559110
Guinea,2009,,,9761217
Guinea,2010,,,9981590
Guinea,2011,,,10221808
Guinea,2012,68.65,,10480710
Guinea,2013,,,10753680
Guinea-Bissau,2003,,,1314795
Guinea-Bissau,2003,,,1314795
Guinea-Bissau,2004,,,1340814
Guinea-Bissau,2004,,,1340814
Guinea-Bissau,2005,,,1367695
Guinea-Bissau,2005,,,1367695
Guinea-Bissau,2006,,,1395492
Guinea-Bissau,2006,,,1395492
Guinea-Bissau,2007,,,1424191
Guinea-Bissau,2007,,,1424191
Guinea-Bissau,2008,,,1453757
Guinea-Bissau,2008,,,1453757
Guinea-Bissau,2009,,,1484120
Guinea-Bissau,2009,,,1484120
Guinea-Bissau,2010,83.59,,1515224
Guinea-Bissau,2010,83.59,,1515224
Guinea-Bissau,2011,,,1547061
Guinea-Bissau,2011,,,1547061
Guinea-Bissau,2012,,,1579632
Guinea-Bissau,2012,,,1579632
Guinea-Bissau,2013,,,1612913
Guinea-Bissau,2013,,,1612913
Guyana,2003,,,740925
Guyana,2004,,,743743
Guyana,2005,,8.79,746235
Guyana,2006,,,748321
Guyana,2007,,,750068
Guyana,2008,,,751578
Guyana,2009,,,753013
Guyana,2010,,9,754493
Guyana,2011,,,756040
Guyana,2012,,,757623
Guyana,2013,,,759262
Haiti,2003,,,9075399
Haiti,2004,,,9212634
Haiti,2005,,4.9,9347262
Haiti,2006,,,9479136
Haiti,2007,,,9608453
Haiti,2008,,,9736332
Haiti,2009,,,9864241
Haiti,2010,,5.17,9993247
Haiti,2011,,,10123787
Haiti,2012,70.99,,10255644
Haiti,2013,,,10388424
Honduras,2003,42.89,,6609337
Honduras,2004,41.88,,6743128
Honduras,2005,42.58,6.24,6879243
Honduras,2006,37.3,,7017769
Honduras,2007,31.97,,7158819
Honduras,2008,29.35,,7302742
Honduras,2009,26.82,,7449923
Honduras,2010,29.11,6.6,7600524
Honduras,2011,32.67,,7754687
Honduras,2012,37.26,,7912032
Honduras,2013,34.55,,8071522
Hong Kong,2003,,,6822233
Hong Kong,2004,,,6807752
Hong Kong,2005,,12.17,6809859
Hong Kong,2006,,,6832989
Hong Kong,2007,,,6872780
Hong Kong,2008,,,6926368
Hong Kong,2009,,,6987976
Hong Kong,2010,,12.2,7053189
Hong Kong,2011,,,7122187
Hong Kong,2012,,,7196450
Hong Kong,2013,,,7274125
Hungary,2003,0.42,,10134513
Hungary,2004,0.24,,10110393
Hungary,2005,1.5,11.89,10086936
Hungary,2006,0.26,,10064274
Hungary,2007,0.33,,10042572
Hungary,2008,0.17,,10021886
Hungary,2009,0.15,,10002247
Hungary,2010,0.26,11.98,9983645
Hungary,2011,0.3,,9966116
Hungary,2012,0.52,,9949589
Hungary,2013,,,9933795
Iceland,2003,,,289724
Iceland,2004,,,293004
Iceland,2005,,10.77,296743
Iceland,2006,,,301010
Iceland,2007,,,305721
Iceland,2008,,,310666
Iceland,2009,,,315543
Iceland,2010,,11.48,320136
Iceland,2011,,,324366
Iceland,2012,,,328290
Iceland,2013,,,331996
India,2003,,,1105885689
India,2004,73.46,,1122991192
India,2005,,5.94,1140042863
India,2006,,,1157038539
India,2007,,,1173971629
India,2008,,,1190863679
India,2009,67.95,,1207740408
India,2010,,6.59,1224614327
India,2011,57.96,,1241491960
India,2012,,,1258350971
India,2013,,,1275137828
Indonesia,2003,61.22,,221839235
Indonesia,2004,61.46,,224606531
Indonesia,2005,59.5,6.68,227303175
Indonesia,2006,64.17,,229918547
Indonesia,2007,56.75,,232461746
Indonesia,2008,54.75,,234951154
Indonesia,2009,52.74,,237414495
Indonesia,2010,46.36,8.02,239870937
Indonesia,2011,43.33,,242325638
Indonesia,2012,41.67,,244769110
Indonesia,2013,39.4,,247188189
Iran,2003,,,68061695
Iran,2004,,,68893323
Iran,2005,11.18,8.49,69732007
Iran,2006,,,70582086
Iran,2007,,,71435498
Iran,2008,,,72289291
Iran,2009,3.05,,73137148
Iran,2010,,9.15,73973630
Iran,2011,,,74798599
Iran,2012,,,75611798
Iran,2013,0.66,,76407013
Iraq,2003,,,25914982
Iraq,2004,,,26618523
Iraq,2005,,6.6,27359461
Iraq,2006,,,28140999
Iraq,2007,,,28960581
Iraq,2008,,,29821136
Iraq,2009,,,30724614
Iraq,2010,,7.43,31671591
Iraq,2011,,,32664942
Iraq,2012,,,33703068
Iraq,2013,,,34776205
Ireland,2003,,,4010506
Ireland,2004,,,4085676
Ireland,2005,,11.8,4158042
Ireland,2006,,,4226428
Ireland,2007,,,4291258
Ireland,2008,,,4352866
Ireland,2009,,,4412181
Ireland,2010,,12.45,4469900
Ireland,2011,,,4525802
Ireland,2012,,,4579498
Ireland,2013,,,4631391
Israel,2003,,,6352106
Israel,2004,,,6471236
Israel,2005,,,6604572
Israel,2006,,,6755143
Israel,2007,,,6920182
Israel,2008,,,7092324
Israel,2009,,,7260949
Israel,2010,,,7418400
Israel,2011,,,7562194
Israel,2012,,,7694670
Israel,2013,,,7818860
Italy,2003,,,57864332
Italy,2004,,,58263782
Italy,2005,,10.2,58671206
Italy,2006,,,59082100
Italy,2007,,,59495243
Italy,2008,,,59891479
Italy,2009,,,60248654
Italy,2010,,10.71,60550848
Italy,2011,,,60788694
Italy,2012,,,60964145
Italy,2013,,,61087395
Jamaica,2003,,,2646269
Jamaica,2004,8.16,,2664897
Jamaica,2005,,10.09,2681653
Jamaica,2006,,,2696334
Jamaica,2007,,,2709042
Jamaica,2008,,,2720282
Jamaica,2009,,,2730774
Jamaica,2010,,10.33,2741052
Jamaica,2011,,,2751273
Jamaica,2012,,,2761331
Jamaica,2013,,,2771179
Japan,2003,,,126184149
Japan,2004,,,126299414
Japan,2005,,12.12,126392944
Japan,2006,,,126464789
Japan,2007,,,126515486
Japan,2008,,,126544640
Japan,2009,,,126551705
Japan,2010,,12.44,126535920
Japan,2011,,,126497241
Japan,2012,,,126434653
Japan,2013,,,126345235
Jordan,2003,,,5096790
Jordan,2004,,,5210369
Jordan,2005,,9.52,5342002
Jordan,2006,,,5495117
Jordan,2007,,,5667443
Jordan,2008,,,5848952
Jordan,2009,,,6025592
Jordan,2010,,10,6187227
Jordan,2011,,,6330169
Jordan,2012,,,6457260
Jordan,2013,,,6572903
Kazakhstan,2003,21.26,,14959072
Kazakhstan,2004,17.97,,15053492
Kazakhstan,2005,2.86,,15171805
Kazakhstan,2006,5.25,,15312333
Kazakhstan,2007,3.74,,15476093
Kazakhstan,2008,1.94,,15655345
Kazakhstan,2009,2.53,,15841096
Kazakhstan,2010,1.61,,16026367
Kazakhstan,2011,0.71,,16206750
Kazakhstan,2012,0.44,,16381297
Kazakhstan,2013,0.26,,16550975
Kenya,2003,,,33805301
Kenya,2004,,,34702176
Kenya,2005,58.85,6.48,35614576
Kenya,2006,,,36540948
Kenya,2007,,,37485246
Kenya,2008,,,38455418
Kenya,2009,,,39462188
Kenya,2010,,6.47,40512682
Kenya,2011,,,41609728
Kenya,2012,,,42749418
Kenya,2013,,,43923719
Kiribati,2003,,,88776
Kiribati,2004,,,90398
Kiribati,2005,,,91988
Kiribati,2006,34.67,,93534
Kiribati,2007,,,95043
Kiribati,2008,,,96532
Kiribati,2009,,,98027
Kiribati,2010,,,99546
Kiribati,2011,,,101093
Kiribati,2012,,,102660
Kiribati,2013,,,104251
Kuwait,2003,,,2126786
Kuwait,2004,,,2189485
Kuwait,2005,,6.14,2264014
Kuwait,2006,,,2351441
Kuwait,2007,,,2447818
Kuwait,2008,,,2548351
Kuwait,2009,,,2646286
Kuwait,2010,,6.39,2736732
Kuwait,2011,,,2818042
Kuwait,2012,,,2891553
Kuwait,2013,,,2959015
Kyrgyzstan,2003,67.6,,5008348
Kyrgyzstan,2004,44.23,,5018366
Kyrgyzstan,2005,49.76,,5042381
Kyrgyzstan,2006,37.02,,5083724
Kyrgyzstan,2007,33.58,,5139213
Kyrgyzstan,2008,22.74,,5204104
Kyrgyzstan,2009,18.68,,5270894
Kyrgyzstan,2010,21.38,,5334223
Kyrgyzstan,2011,19.25,,5392580
Kyrgyzstan,2012,19.88,,5448085
Kyrgyzstan,2013,24.01,,5503253
Latvia,2003,2.74,,2334225
Latvia,2004,5.59,,2319229
Latvia,2005,4.87,,2305528
Latvia,2006,2.66,,2293080
Latvia,2007,0.75,,2281693
Latvia,2008,2.41,,2271198
Latvia,2009,1.21,,2261380
Latvia,2010,3.75,,2252060
Latvia,2011,2.88,,2243142
Latvia,2012,2.59,,2234572
Latvia,2013,,,2226260
Lebanon,2003,,,3935421
Lebanon,2004,,,3998042
Lebanon,2005,,,4052420
Lebanon,2006,,,4097457
Lebanon,2007,,,4134872
Lebanon,2008,,,4166915
Lebanon,2009,,,4196990
Lebanon,2010,,,4227597
Lebanon,2011,,,4259405
Lebanon,2012,,,4291719
Lebanon,2013,,,4324060
Lesotho,2003,,,2028976
Lesotho,2004,,,2047006
Lesotho,2005,,7.21,2065752
Lesotho,2006,,,2085561
Lesotho,2007,,,2106128
Lesotho,2008,,,2127412
Lesotho,2009,,,2149201
Lesotho,2010,77.28,6.08,2171318
Lesotho,2011,,,2193843
Lesotho,2012,,,2216850
Lesotho,2013,,,2240126
Liberia,2003,,,3037412
Liberia,2004,,,3092721
Liberia,2005,,3.96,3182539
Liberia,2006,,,3313718
Liberia,2007,89.61,,3477197
Liberia,2008,,,3658460
Liberia,2009,,,3835929
Liberia,2010,,4.35,3994122
Liberia,2011,,,4128572
Liberia,2012,,,4244684
Liberia,2013,,,4348740
Liechtenstein,2003,,,34006
Liechtenstein,2004,,,34365
Liechtenstein,2005,,,34696
Liechtenstein,2006,,,34995
Liechtenstein,2007,,,35266
Liechtenstein,2008,,,35521
Liechtenstein,2009,,,35772
Liechtenstein,2010,,,36032
Liechtenstein,2011,,,36304
Liechtenstein,2012,,,36584
Liechtenstein,2013,,,36871
Lithuania,2003,1.6,,3447170
Lithuania,2004,1.93,,3432060
Lithuania,2005,4.25,,3415748
Lithuania,2006,2.69,,3397895
Lithuania,2007,1.81,,3379043
Lithuania,2008,2.23,,3359799
Lithuania,2009,4.36,,3341097
Lithuania,2010,3.14,,3323611
Lithuania,2011,1.69,,3307481
Lithuania,2012,2.03,,3292454
Lithuania,2013,,,3278337
Luxembourg,2003,,,446340
Luxembourg,2004,,,450888
Luxembourg,2005,,10.59,457197
Luxembourg,2006,,,465586
Luxembourg,2007,,,475714
Luxembourg,2008,,,486781
Luxembourg,2009,,,497637
Luxembourg,2010,,11.33,507448
Luxembourg,2011,,,515941
Luxembourg,2012,,,523362
Luxembourg,2013,,,530018
Madagascar,2003,,,16842482
Madagascar,2004,,,17357913
Madagascar,2005,89.86,,17885967
Madagascar,2006,,,18426870
Madagascar,2007,,,18980391
Madagascar,2008,,,19546282
Madagascar,2009,,,20124150
Madagascar,2010,92.91,,20713819
Madagascar,2011,,,21315135
Madagascar,2012,90.47,,21928518
Madagascar,2013,,,22555046
Malawi,2003,,,12144945
Malawi,2004,90.07,,12472794
Malawi,2005,,4.67,12822587
Malawi,2006,,,13195329
Malawi,2007,,,13589404
Malawi,2008,,,14005113
Malawi,2009,,,14442290
Malawi,2010,87.64,5.01,14900841
Malawi,2011,,,15380888
Malawi,2012,,,15882815
Malawi,2013,,,16406945
Malaysia,2003,,,25060184
Malaysia,2004,2.34,,25590453
Malaysia,2005,,10.16,26100241
Malaysia,2006,,,26586287
Malaysia,2007,3.05,,27051142
Malaysia,2008,,,27502008
Malaysia,2009,2.71,,27949395
Malaysia,2010,,10.89,28401017
Malaysia,2011,,,28859154
Malaysia,2012,,,29321798
Malaysia,2013,,,29787203
Maldives,2003,,,286665
Maldives,2004,,,290988
Maldives,2005,,,295240
Maldives,2006,,,299419
Maldives,2007,,,303539
Maldives,2008,,,307632
Maldives,2009,23.26,,311739
Maldives,2010,,,315885
Maldives,2011,,,320081
Maldives,2012,,,324313
Maldives,2013,,,328551
Mali,2003,,,12380104
Mali,2004,,,12772264
Mali,2005,,1.81,13176642
Mali,2006,76.13,,13592796
Mali,2007,,,14020786
Mali,2008,,,14459990
Mali,2009,77.71,,14909813
Mali,2010,,2.14,15369809
Mali,2011,,,15839538
Mali,2012,,,16318897
Mali,2013,,,16808242
Malta,2003,,,404787
Malta,2004,,,407183
Malta,2005,,10.6,409295
Malta,2006,,,411084
Malta,2007,,,412608
Malta,2008,,,413946
Malta,2009,,,415220
Malta,2010,,11.06,416515
Malta,2011,,,417855
Malta,2012,,,419212
Malta,2013,,,420557
Marshall Islands,2003,,,51992
Marshall Islands,2004,,,51968
Marshall Islands,2005,,,52037
Marshall Islands,2006,,,52210
Marshall Islands,2007,,,52487
Marshall Islands,2008,,,52880
Marshall Islands,2009,,,53396
Marshall Islands,2010,,,54038
Marshall Islands,2011,,,54816
Marshall Islands,2012,,,55717
Marshall Islands,2013,,,56687
Martinique,2003,,,393022
Martinique,2004,,,395211
Martinique,2005,,,397292
Martinique,2006,,,399262
Martinique,2007,,,401101
Martinique,2008,,,402804
Martinique,2009,,,404376
Martinique,2010,,,405814
Martinique,2011,,,407121
Martinique,2012,,,408302
Martinique,2013,,,409366
Mauritania,2003,,,2882003
Mauritania,2004,40.33,,2964526
Mauritania,2005,,,3047249
Mauritania,2006,,,3129959
Mauritania,2007,,,3212672
Mauritania,2008,32.46,,3295254
Mauritania,2009,,,3377630
Mauritania,2010,,,3459773
Mauritania,2011,,,3541540
Mauritania,2012,,,3622961
Mauritania,2013,,,3704414
Mauritius,2003,,,1233594
Mauritius,2004,,,1245669
Mauritius,2005,,8.16,1256742
Mauritius,2006,3.04,,1266684
Mauritius,2007,,,1275650
Mauritius,2008,,,1283849
Mauritius,2009,,,1291609
Mauritius,2010,,9.44,1299172
Mauritius,2011,,,1306593
Mauritius,2012,2.96,,1313803
Mauritius,2013,,,1320785
Mayotte,2003,,,164101
Mayotte,2004,,,169315
Mayotte,2005,,,174681
Mayotte,2006,,,180217
Mayotte,2007,,,185922
Mayotte,2008,,,191805
Mayotte,2009,,,197870
Mayotte,2010,,,204114
Mayotte,2011,,,210552
Mayotte,2012,,,217172
Mayotte,2013,,,223907
Mexico,2003,,,103902569
Mexico,2004,13.03,,105175967
Mexico,2005,18.11,8.9,106483757
Mexico,2006,11.43,,107835259
Mexico,2007,,,109220753
Mexico,2008,12.03,,110627158
Mexico,2009,,,112033369
Mexico,2010,11.9,9.18,113423047
Mexico,2011,,,114793341
Mexico,2012,10.32,,116146768
Mexico,2013,,,117478371
Monaco,2003,,,35323
Monaco,2004,,,35282
Monaco,2005,,,35260
Monaco,2006,,,35267
Monaco,2007,,,35295
Monaco,2008,,,35336
Monaco,2009,,,35377
Monaco,2010,,,35407
Monaco,2011,,,35427
Monaco,2012,,,35444
Monaco,2013,,,35456
Mongolia,2003,,,2485177
Mongolia,2004,,,2514462
Mongolia,2005,,,2547339
Mongolia,2006,,,2584143
Mongolia,2007,11.29,,2624509
Mongolia,2008,,,2667474
Mongolia,2009,,,2711659
Mongolia,2010,8.74,,2756001
Mongolia,2011,6.21,,2800114
Mongolia,2012,3.95,,2844081
Mongolia,2013,,,2887863
Montserrat,2003,,,4962
Montserrat,2004,,,5322
Montserrat,2005,,,5599
Montserrat,2006,,,5760
Montserrat,2007,,,5845
Montserrat,2008,,,5876
Montserrat,2009,,,5895
Montserrat,2010,,,5934
Montserrat,2011,,,5990
Montserrat,2012,,,6046
Montserrat,2013,,,6100
Morocco,2003,,,29770316
Morocco,2004,,,30082152
Morocco,2005,,4.63,30392473
Morocco,2006,15.5,,30702084
Morocco,2007,,,31011199
Morocco,2008,,,31321453
Morocco,2009,,,31634524
Morocco,2010,,5.27,31951412
Morocco,2011,,,32272974
Morocco,2012,,,32598536
Morocco,2013,,,32925553
Mozambique,2003,,,19721009
Mozambique,2004,,,20246287
Mozambique,2005,,1.34,20770013
Mozambique,2006,,,21290952
Mozambique,2007,,,21811326
Mozambique,2008,87.54,,22332900
Mozambique,2009,,,22858607
Mozambique,2010,,2.03,23390765
Mozambique,2011,,,23929708
Mozambique,2012,,,24475186
Mozambique,2013,,,25028313
Myanmar,2003,,,45843675
Myanmar,2004,,,46070248
Myanmar,2005,,4.45,46321162
Myanmar,2006,,,46605278
Myanmar,2007,,,46915826
Myanmar,2008,,,47250315
Myanmar,2009,,,47601374
Myanmar,2010,,5.11,47963012
Myanmar,2011,,,48336763
Myanmar,2012,,,48724387
Myanmar,2013,,,49119646
Namibia,2003,54.74,,2008342
Namibia,2004,,,2043339
Namibia,2005,,,2079951
Namibia,2006,,,2118653
Namibia,2007,,,2158984
Namibia,2008,,,2200422
Namibia,2009,45.72,,2242078
Namibia,2010,,,2283289
Namibia,2011,,,2324004
Namibia,2012,,,2364433
Namibia,2013,,,2404477
Nauru,2003,,,10075
Nauru,2004,,,10094
Nauru,2005,,,10114
Nauru,2006,,,10133
Nauru,2007,,,10154
Nauru,2008,,,10180
Nauru,2009,,,10212
Nauru,2010,,,10255
Nauru,2011,,,10308
Nauru,2012,,,10370
Nauru,2013,,,10437
Nepal,2003,73.77,,26143530
Nepal,2004,,,26717875
Nepal,2005,,3.74,27281945
Nepal,2006,,,27833665
Nepal,2007,,,28373838
Nepal,2008,,,28905358
Nepal,2009,,,29432743
Nepal,2010,48.44,4.44,29959364
Nepal,2011,,,30485798
Nepal,2012,,,31011137
Nepal,2013,,,31535507
Netherlands,2003,,,16137709
Netherlands,2004,,,16225091
Netherlands,2005,,11.15,16305457
Netherlands,2006,,,16377959
Netherlands,2007,,,16443483
Netherlands,2008,,,16503263
Netherlands,2009,,,16559268
Netherlands,2010,,11.71,16612988
Netherlands,2011,,,16664746
Netherlands,2012,,,16714228
Netherlands,2013,,,16761552
New Caledonia,2003,,,223496
New Caledonia,2004,,,227258
New Caledonia,2005,,,231080
New Caledonia,2006,,,234976
New Caledonia,2007,,,238926
New Caledonia,2008,,,242911
New Caledonia,2009,,,246900
New Caledonia,2010,,,250870
New Caledonia,2011,,,254816
New Caledonia,2012,,,258735
New Caledonia,2013,,,262605
New Zealand,2003,,,4020769
New Zealand,2004,,,4079130
New Zealand,2005,,12,4134117
New Zealand,2006,,,4184903
New Zealand,2007,,,4232461
New Zealand,2008,,,4277809
New Zealand,2009,,,4322628
New Zealand,2010,,11.12,4368136
New Zealand,2011,,,4414509
New Zealand,2012,,,4461257
New Zealand,2013,,,4508166
Nicaragua,2003,,,5288271
Nicaragua,2004,,,5356012
Nicaragua,2005,39.35,6.28,5424336
Nicaragua,2006,,,5493527
Nicaragua,2007,,,5563654
Nicaragua,2008,,,5635577
Nicaragua,2009,25.16,,5710230
Nicaragua,2010,,6.82,5788163
Nicaragua,2011,,,5869859
Nicaragua,2012,,,5954898
Nicaragua,2013,,,6041763
Niger,2003,,,12118322
Niger,2004,,,12546945
Niger,2005,90.04,1.62,12993884
Niger,2006,,,13460138
Niger,2007,90.08,,13945662
Niger,2008,,,14450007
Niger,2009,,,14972257
Niger,2010,,1.95,15511953
Niger,2011,81.75,,16068994
Niger,2012,,,16644339
Niger,2013,,,17239826
Nigeria,2003,78.51,,133067097
Nigeria,2003,78.51,,133067097
Nigeria,2004,,,136399438
Nigeria,2004,,,136399438
Nigeria,2005,,,139823340
Nigeria,2005,,,139823340
Nigeria,2006,,,143338939
Nigeria,2006,,,143338939
Nigeria,2007,,,146951477
Nigeria,2007,,,146951477
Nigeria,2008,,,150665730
Nigeria,2008,,,150665730
Nigeria,2009,76.46,,154488072
Nigeria,2009,76.46,,154488072
Nigeria,2010,,,158423182
Nigeria,2010,,,158423182
Nigeria,2011,,,162470737
Nigeria,2011,,,162470737
Nigeria,2012,,,166629383
Nigeria,2012,,,166629383
Nigeria,2013,,,170901148
Nigeria,2013,,,170901148
Niue,2003,,,1768
Niue,2004,,,1728
Niue,2005,,,1686
Niue,2006,,,1643
Niue,2007,,,1598
Niue,2008,,,1555
Niue,2009,,,1511
Niue,2010,,,1468
Niue,2011,,,1426
Niue,2012,,,1385
Niue,2013,,,1346
Norfolk Island,2003,,,1850
Norfolk Island,2004,,,1840
Norfolk Island,2005,,,1830
Norfolk Island,2006,,,1830
Norfolk Island,2007,,,2110
Norfolk Island,2008,,,2128
Northern Mariana Islands,2003,,,69105
Northern Mariana Islands,2004,,,68404
Northern Mariana Islands,2005,,,67381
Northern Mariana Islands,2006,,,66006
Northern Mariana Islands,2007,,,64349
Northern Mariana Islands,2008,,,62707
Northern Mariana Islands,2009,,,61473
Northern Mariana Islands,2010,,,60917
Northern Mariana Islands,2011,,,61174
Northern Mariana Islands,2012,,,62152
Northern Mariana Islands,2013,,,63597
Norway,2003,,,4558660
Norway,2004,,,4587046
Norway,2005,,11.91,4623298
Norway,2006,,,4668802
Norway,2007,,,4722016
Norway,2008,,,4778959
Norway,2009,,,4834002
Norway,2010,,11.65,4883111
Norway,2011,,,4924848
Norway,2012,,,4960482
Norway,2013,,,4991997
Oman,2003,,,2335967
Oman,2004,,,2378336
Oman,2005,,,2429510
Oman,2006,,,2490620
Oman,2007,,,2561187
Oman,2008,,,2636963
Oman,2009,,,2712141
Oman,2010,,,2782435
Oman,2011,,,2846145
Oman,2012,,,2904037
Oman,2013,,,2957333
Pakistan,2003,,,153139895
Pakistan,2004,58.08,,155860066
Pakistan,2005,57.05,4.99,158645463
Pakistan,2006,,,161513324
Pakistan,2007,52.88,,164445596
Pakistan,2008,,,167442258
Pakistan,2009,,,170494367
Pakistan,2010,44.92,5.19,173593383
Pakistan,2011,43.58,,176745364
Pakistan,2012,,,179951140
Pakistan,2013,36.88,,183188847
Palau,2003,,,19698
Palau,2004,,,19803
Palau,2005,,,19906
Palau,2006,,,20011
Palau,2007,,,20118
Palau,2008,,,20228
Palau,2009,,,20346
Palau,2010,,,20472
Palau,2011,,,20609
Palau,2012,,,20758
Palau,2013,,,20922
Panama,2003,20.8,,3125565
Panama,2004,19.74,,3181969
Panama,2005,18.84,9.51,3238321
Panama,2006,19.33,,3294583
Panama,2007,16.42,,3350673
Panama,2008,11.99,,3406487
Panama,2009,9.46,,3461901
Panama,2010,10.7,9.72,3516820
Panama,2011,9.49,,3571185
Panama,2012,9.91,,3624991
Panama,2013,7.98,,3678264
Papua New Guinea,2003,,,5803029
Papua New Guinea,2003,,,5803029
Papua New Guinea,2004,,,5948135
Papua New Guinea,2004,,,5948135
Papua New Guinea,2005,,,6095437
Papua New Guinea,2005,,,6095437
Papua New Guinea,2006,,,6244916
Papua New Guinea,2006,,,6244916
Papua New Guinea,2007,,,6396307
Papua New Guinea,2007,,,6396307
Papua New Guinea,2008,,,6549268
Papua New Guinea,2008,,,6549268
Papua New Guinea,2009,64.68,,6703361
Papua New Guinea,2009,64.68,,6703361
Papua New Guinea,2010,,,6858266
Papua New Guinea,2010,,,6858266
Papua New Guinea,2011,,,7013829
Papua New Guinea,2011,,,7013829
Papua New Guinea,2012,,,7170112
Papua New Guinea,2012,,,7170112
Papua New Guinea,2013,,,7327281
Papua New Guinea,2013,,,7327281
Paraguay,2003,19.4,,5675754
Paraguay,2004,17.25,,5786836
Paraguay,2005,16.08,8.03,5897816
Paraguay,2006,20.37,,6008597
Paraguay,2007,16.5,,6119295
Paraguay,2008,14.1,,6230242
Paraguay,2009,14.46,,6341892
Paraguay,2010,13.45,7.99,6454548
Paraguay,2011,12.14,,6568290
Paraguay,2012,9.66,,6682943
Paraguay,2013,6.3,,6798236
Peru,2003,27.23,,26916342
Peru,2004,25.5,,27242033
Peru,2005,27.37,9.88,27558769
Peru,2006,23.99,,27866387
Peru,2007,20.84,,28166078
Peru,2008,17.46,,28463338
Peru,2009,15.35,,28765162
Peru,2010,13.01,9.28,29076512
Peru,2011,11.69,,29399817
Peru,2012,10.79,,29733829
Peru,2013,9.7,,30075185
Philippines,2003,40,,82293990
Philippines,2004,,,83936698
Philippines,2005,,8.27,85546427
Philippines,2006,40.66,,87116275
Philippines,2007,,,88652631
Philippines,2008,,,90173139
Philippines,2009,36.45,,91703090
Philippines,2010,,8.65,93260798
Philippines,2011,,,94852030
Philippines,2012,37.61,,96471461
Philippines,2013,,,98112780
Pitcairn,2005,,,50
Pitcairn,2010,,,50
Poland,2003,0.91,,38198151
Poland,2004,1.14,,38175134
Poland,2005,1.37,11.36,38165040
Poland,2006,1.62,,38170330
Poland,2007,0.51,,38189762
Poland,2008,0.38,,38218462
Poland,2009,0.28,,38249228
Poland,2010,1,11.62,38276660
Poland,2011,0.35,,38298949
Poland,2012,0.26,,38317090
Poland,2013,0.26,,38331803
Portugal,2003,,,10465808
Portugal,2004,,,10506253
Portugal,2005,,8.12,10543663
Portugal,2006,,,10577630
Portugal,2007,,,10608036
Portugal,2008,,,10634612
Portugal,2009,,,10657175
Portugal,2010,,8.71,10675572
Portugal,2011,,,10689663
Portugal,2012,,,10699333
Portugal,2013,,,10704534
Puerto Rico,2003,,,3803480
Puerto Rico,2004,,,3792373
Puerto Rico,2005,,,3781986
Puerto Rico,2006,,,3773097
Puerto Rico,2007,,,3765404
Puerto Rico,2008,,,3758981
Puerto Rico,2009,,,3753576
Puerto Rico,2010,,,3749009
Puerto Rico,2011,,,3745526
Puerto Rico,2012,,,3743380
Puerto Rico,2013,,,3742334
Qatar,2003,,,653500
Qatar,2004,,,715146
Qatar,2005,,,820986
Qatar,2006,,,978336
Qatar,2007,,,1178192
Qatar,2008,,,1396060
Qatar,2009,,,1597765
Qatar,2010,,,1758793
Qatar,2011,,,1870041
Qatar,2012,,,1938754
Qatar,2013,,,1976840
Reunion,2003,,,773264
Reunion,2004,,,784124
Reunion,2005,,7.85,794833
Reunion,2006,,,805399
Reunion,2007,,,815803
Reunion,2008,,,826048
Reunion,2009,,,836137
Reunion,2010,,8.29,846068
Reunion,2011,,,855849
Reunion,2012,,,865479
Reunion,2013,,,874944
Romania,2003,18.86,,21925307
Romania,2004,14.74,,21845264
Romania,2005,11.83,10.66,21771749
Romania,2006,11.74,,21705175
Romania,2007,8.99,,21644886
Romania,2008,11.45,,21589544
Romania,2009,9.89,,21537219
Romania,2010,11.33,11.08,21486371
Romania,2011,12.43,,21436495
Romania,2012,11.6,,21387517
Romania,2013,4.05,,21338815
Rwanda,2003,,,8857859
Rwanda,2004,,,9009655
Rwanda,2005,84.05,,9201727
Rwanda,2006,,,9441406
Rwanda,2007,,,9710531
Rwanda,2008,,,10004092
Rwanda,2009,,,10311275
Rwanda,2010,80.66,,10624005
Rwanda,2011,,,10942950
Rwanda,2012,,,11271786
Rwanda,2013,80.6,,11608439
Saint Kitts and Nevis,2003,,,47923
Saint Kitts and Nevis,2004,,,48543
Saint Kitts and Nevis,2005,,,49173
Saint Kitts and Nevis,2006,,,49811
Saint Kitts and Nevis,2007,,,50455
Saint Kitts and Nevis,2008,,,51102
Saint Kitts and Nevis,2009,,,51752
Saint Kitts and Nevis,2010,,,52402
Saint Kitts and Nevis,2011,,,53051
Saint Kitts and Nevis,2012,,,53697
Saint Kitts and Nevis,2013,,,54338
Saint Lucia,2003,,,162055
Saint Lucia,2004,,,163631
Saint Lucia,2005,,,165275
Saint Lucia,2006,,,167002
Saint Lucia,2007,,,168793
Saint Lucia,2008,,,170624
Saint Lucia,2009,,,172458
Saint Lucia,2010,,,174267
Saint Lucia,2011,,,176044
Saint Lucia,2012,,,177794
Saint Lucia,2013,,,179515
Saint Vincent and the Grenadines,2003,,,108354
Saint Vincent and the Grenadines,2004,,,108566
Saint Vincent and the Grenadines,2005,,,108755
Saint Vincent and the Grenadines,2006,,,108918
Saint Vincent and the Grenadines,2007,,,109060
Saint Vincent and the Grenadines,2008,,,109178
Saint Vincent and the Grenadines,2009,,,109269
Saint Vincent and the Grenadines,2010,,,109333
Saint Vincent and the Grenadines,2011,,,109365
Saint Vincent and the Grenadines,2012,,,109367
Saint Vincent and the Grenadines,2013,,,109354
Samoa,2003,,,179141
Samoa,2004,,,179699
Samoa,2005,,,180237
Samoa,2006,,,180766
Samoa,2007,,,181277
Samoa,2008,8.35,,181809
Samoa,2009,,,182401
Samoa,2010,,,183081
Samoa,2011,,,183874
Samoa,2012,,,184772
Samoa,2013,,,185727
San Marino,2003,,,29013
San Marino,2004,,,29722
San Marino,2005,,,30301
San Marino,2006,,,30721
San Marino,2007,,,31007
San Marino,2008,,,31198
San Marino,2009,,,31359
San Marino,2010,,,31534
San Marino,2011,,,31735
San Marino,2012,,,31945
San Marino,2013,,,32156
Sao Tome and Principe,2003,,,148038
Sao Tome and Principe,2004,,,150311
Sao Tome and Principe,2005,,,152622
Sao Tome and Principe,2006,,,154970
Sao Tome and Principe,2007,,,157361
Sao Tome and Principe,2008,,,159852
Sao Tome and Principe,2009,,,162515
Sao Tome and Principe,2010,68.1,,165397
Sao Tome and Principe,2011,,,168526
Sao Tome and Principe,2012,,,171878
Sao Tome and Principe,2013,,,175383
Saudi Arabia,2003,,,22334371
Saudi Arabia,2004,,,23213767
Saudi Arabia,2005,,,24041116
Saudi Arabia,2006,,,24799436
Saudi Arabia,2007,,,25504176
Saudi Arabia,2008,,,26166639
Saudi Arabia,2009,,,26809105
Saudi Arabia,2010,,,27448086
Saudi Arabia,2011,,,28082541
Saudi Arabia,2012,,,28705133
Saudi Arabia,2013,,,29319402
Senegal,2003,,,10297956
Senegal,2004,,,10581316
Senegal,2005,66.38,1.67,10871908
Senegal,2006,,,11169549
Senegal,2007,,,11474661
Senegal,2008,,,11787123
Senegal,2009,,,12106865
Senegal,2010,,3.11,12433728
Senegal,2011,66.26,,12767556
Senegal,2012,,,13107945
Senegal,2013,,,13454191
Seychelles,2003,,,81660
Seychelles,2004,,,82631
Seychelles,2005,,,83513
Seychelles,2006,0.97,,84291
Seychelles,2007,,,84975
Seychelles,2008,,,85568
Seychelles,2009,,,86079
Seychelles,2010,,,86518
Seychelles,2011,,,86879
Seychelles,2012,,,87169
Seychelles,2013,2.46,,87417
Sierra Leone,2003,80.87,,4730020
Sierra Leone,2004,,,4952134
Sierra Leone,2005,,3.36,5153435
Sierra Leone,2006,,,5327364
Sierra Leone,2007,,,5478289
Sierra Leone,2008,,,5612129
Sierra Leone,2009,,,5739293
Sierra Leone,2010,,4.28,5867536
Sierra Leone,2011,79.96,,5997486
Sierra Leone,2012,,,6126450
Sierra Leone,2013,,,6255163
Singapore,2003,,,4086050
Singapore,2004,,,4160158
Singapore,2005,,,4265999
Singapore,2006,,,4409955
Singapore,2007,,,4584894
Singapore,2008,,,4772216
Singapore,2009,,,4945645
Singapore,2010,,,5086418
Singapore,2011,,,5187933
Singapore,2012,,,5256278
Singapore,2013,,,5300914
Slovakia,2003,,,5409182
Slovakia,2004,0.48,,5411339
Slovakia,2005,0.45,,5415496
Slovakia,2006,0.04,,5422122
Slovakia,2007,0.86,,5430974
Slovakia,2008,0.53,,5441304
Slovakia,2009,0,,5451968
Slovakia,2010,0.51,,5462119
Slovakia,2011,0.53,,5471502
Slovakia,2012,0.42,,5480332
Slovakia,2013,,,5488775
Slovenia,2003,0,,1994426
Slovenia,2004,0.21,,1997959
Slovenia,2005,0.18,,2002084
Slovenia,2006,0.1,,2006903
Slovenia,2007,0.09,,2012345
Slovenia,2008,0.01,,2018172
Slovenia,2009,0.03,,2024040
Slovenia,2010,0.01,,2029680
Slovenia,2011,0.01,,2035012
Slovenia,2012,0.05,,2040057
Slovenia,2013,,,2044766
Solomon Islands,2003,,,444344
Solomon Islands,2004,,,456919
Solomon Islands,2005,69.26,,469805
Solomon Islands,2006,,,483000
Solomon Islands,2007,,,496490
Solomon Islands,2008,,,510221
Solomon Islands,2009,,,524125
Solomon Islands,2010,,,538148
Solomon Islands,2011,,,552267
Solomon Islands,2012,,,566481
Solomon Islands,2013,,,580791
Somalia,2003,,,7981955
Somalia,2004,,,8170899
Somalia,2005,,,8359859
Somalia,2006,,,8547497
Somalia,2007,,,8733493
Somalia,2008,,,8922260
Somalia,2009,,,9119848
Somalia,2010,,,9330872
Somalia,2011,,,9556873
Somalia,2012,,,9797445
Somalia,2013,,,10052842
South Africa,2003,,,46631364
South Africa,2004,,,47226670
South Africa,2005,,8.86,47792787
South Africa,2006,46.84,,48330914
South Africa,2007,,,48842462
South Africa,2008,35.75,,49319363
South Africa,2009,,,49751503
South Africa,2010,,9.89,50132817
South Africa,2011,34.68,,50459978
South Africa,2012,,,50738255
South Africa,2013,,,50981076
South Sudan,2003,,,7497047
South Sudan,2004,,,7673043
South Sudan,2005,,,7858543
South Sudan,2006,,,8054628
South Sudan,2007,,,8260226
South Sudan,2008,,,8473315
South Sudan,2009,63.46,,8940854
South Sudan,2010,,,9415421
South Sudan,2011,,,9897118
South Sudan,2012,,,10386101
South Sudan,2013,,,10881979
Spain,2003,,,42039800
Spain,2004,,,42732092
Spain,2005,,10.64,43395441
Spain,2006,,,44017887
Spain,2007,,,44604384
Spain,2008,,,45146258
Spain,2009,,,45638113
Spain,2010,,10.75,46076989
Spain,2011,,,46454895
Spain,2012,,,46771596
Spain,2013,,,47042602
Sri Lanka,2003,,,19369853
Sri Lanka,2004,,,19610604
Sri Lanka,2005,,10.83,19842536
Sri Lanka,2006,21.66,,20062070
Sri Lanka,2007,,,20272269
Sri Lanka,2008,,,20473799
Sri Lanka,2009,16.73,,20669142
Sri Lanka,2010,,10.67,20859949
Sri Lanka,2011,,,21045394
Sri Lanka,2012,14.59,,21223550
Sri Lanka,2013,,,21393876
Sudan,2003,,,29146386
Sudan,2004,,,29830604
Sudan,2005,,3.31,30551777
Sudan,2006,,,31314098
Sudan,2007,,,32113409
Sudan,2008,,,32941836
Sudan,2009,38.94,,33537455
Sudan,2010,,3.49,34136520
Sudan,2011,,,34735288
Sudan,2012,,,35335982
Sudan,2013,,,35940905
Suriname,2003,,,486800
Suriname,2004,,,493236
Suriname,2005,,,499294
Suriname,2006,,,504913
Suriname,2007,,,510136
Suriname,2008,,,515066
Suriname,2009,,,519861
Suriname,2010,,,524636
Suriname,2011,,,529419
Suriname,2012,,,534175
Suriname,2013,,,538882
Swaziland,2003,,,1088724
Swaziland,2004,,,1095487
Swaziland,2005,,4.64,1104909
Swaziland,2006,,,1117604
Swaziland,2007,,,1133007
Swaziland,2008,,,1150344
Swaziland,2009,63.12,,1168345
Swaziland,2010,,5.33,1186056
Swaziland,2011,,,1203330
Swaziland,2012,,,1220408
Swaziland,2013,,,1237166
Sweden,2003,,,8935392
Sweden,2004,,,8977965
Sweden,2005,,11.86,9029345
Sweden,2006,,,9090707
Sweden,2007,,,9161374
Sweden,2008,,,9236872
Sweden,2009,,,9311110
Sweden,2010,,11.95,9379687
Sweden,2011,,,9440747
Sweden,2012,,,9495392
Sweden,2013,,,9545823
Switzerland,2003,,,7307078
Switzerland,2004,,,7361231
Switzerland,2005,,10.82,7415007
Switzerland,2006,,,7468350
Switzerland,2007,,,7521613
Switzerland,2008,,,7573204
Switzerland,2009,,,7621211
Switzerland,2010,,12.92,7664318
Switzerland,2011,,,7701690
Switzerland,2012,,,7733709
Switzerland,2013,,,7761820
Tajikistan,2003,64.78,,6336724
Tajikistan,2004,46.29,,6391120
Tajikistan,2005,,,6453240
Tajikistan,2006,,,6524634
Tajikistan,2007,32.65,,6604426
Tajikistan,2008,,,6691416
Tajikistan,2009,23.43,,6783390
Tajikistan,2010,,,6878637
Tajikistan,2011,,,6976958
Tajikistan,2012,63.34,,7078755
Tajikistan,2013,60.82,,7183529
Thailand,2003,,,65370277
Thailand,2004,8.01,,66060383
Thailand,2005,,7.46,66698483
Thailand,2006,5.51,,67276383
Thailand,2007,3.74,,67796451
Thailand,2008,2.97,,68267982
Thailand,2009,2.59,,68706122
Thailand,2010,2.09,8.47,69122234
Thailand,2011,1.17,,69518555
Thailand,2012,1.23,,69892142
Thailand,2013,0.92,,70243267
Togo,2003,,,5170252
Togo,2004,,,5288273
Togo,2005,,5.44,5408044
Togo,2006,76.69,,5529908
Togo,2007,,,5652811
Togo,2008,,,5776837
Togo,2009,,,5901859
Togo,2010,,6.09,6027798
Togo,2011,74.54,,6154813
Togo,2012,,,6283092
Togo,2013,,,6412560
Tokelau,2003,,,1349
Tokelau,2004,,,1271
Tokelau,2005,,,1210
Tokelau,2006,,,1170
Tokelau,2007,,,1148
Tokelau,2008,,,1139
Tokelau,2009,,,1136
Tokelau,2010,,,1135
Tokelau,2011,,,1134
Tokelau,2012,,,1136
Tokelau,2013,,,1141
Tonga,2003,,,99659
Tonga,2004,,,100286
Tonga,2005,,,100926
Tonga,2006,,,101584
Tonga,2007,,,102254
Tonga,2008,,,102910
Tonga,2009,8.19,,103519
Tonga,2010,,,104058
Tonga,2011,,,104509
Tonga,2012,,,104891
Tonga,2013,,,105265
Trinidad and Tobago,2003,,,1306065
Trinidad and Tobago,2004,,,1310622
Trinidad and Tobago,2005,,10.27,1315386
Trinidad and Tobago,2006,,,1320418
Trinidad and Tobago,2007,,,1325672
Trinidad and Tobago,2008,,,1331040
Trinidad and Tobago,2009,,,1336349
Trinidad and Tobago,2010,,10.96,1341465
Trinidad and Tobago,2011,,,1346350
Trinidad and Tobago,2012,,,1350999
Trinidad and Tobago,2013,,,1355342
Tunisia,2003,,,9722180
Tunisia,2004,,,9814009
Tunisia,2005,13.26,7.21,9912114
Tunisia,2006,,,10017832
Tunisia,2007,,,10130368
Tunisia,2008,,,10247325
Tunisia,2009,,,10365089
Tunisia,2010,8.41,8,10480934
Tunisia,2011,,,10594057
Tunisia,2012,,,10704948
Tunisia,2013,,,10813680
Turkey,2003,13.2,,66339433
Turkey,2004,9.08,,67235927
Turkey,2005,9.34,6.86,68143186
Turkey,2006,7.76,,69063538
Turkey,2007,6.32,,69992754
Turkey,2008,5.36,,70923730
Turkey,2009,4.57,,71846212
Turkey,2010,4.25,7.44,72752325
Turkey,2011,3.99,,73639596
Turkey,2012,3.1,,74508771
Turkey,2013,2.62,,75359032
Turkmenistan,2003,,,4647912
Turkmenistan,2004,,,4696771
Turkmenistan,2005,,,4747839
Turkmenistan,2006,,,4801847
Turkmenistan,2007,,,4858843
Turkmenistan,2008,,,4918396
Turkmenistan,2009,,,4979672
Turkmenistan,2010,,,5041995
Turkmenistan,2011,,,5105301
Turkmenistan,2012,,,5169660
Turkmenistan,2013,,,5234640
Turks and Caicos Islands,2003,,,25625
Turks and Caicos Islands,2004,,,28191
Turks and Caicos Islands,2005,,,30531
Turks and Caicos Islands,2006,,,32590
Turks and Caicos Islands,2007,,,34404
Turks and Caicos Islands,2008,,,35960
Turks and Caicos Islands,2009,,,37271
Turks and Caicos Islands,2010,,,38354
Turks and Caicos Islands,2011,,,39184
Turks and Caicos Islands,2012,,,39761
Turks and Caicos Islands,2013,,,40159
Tuvalu,2003,,,9590
Tuvalu,2004,,,9646
Tuvalu,2005,,,9694
Tuvalu,2006,,,9732
Tuvalu,2007,,,9762
Tuvalu,2008,,,9786
Tuvalu,2009,,,9806
Tuvalu,2010,16.28,,9827
Tuvalu,2011,,,9847
Tuvalu,2012,,,9867
Tuvalu,2013,,,9888
Uganda,2003,,,26641627
Uganda,2004,,,27521632
Uganda,2005,76.33,5.11,28431204
Uganda,2006,,,29370251
Uganda,2007,,,30339895
Uganda,2008,,,31339392
Uganda,2009,69.37,,32367909
Uganda,2010,,5.87,33424683
Uganda,2011,,,34509205
Uganda,2012,64.95,,35620977
Uganda,2013,,,36759274
Ukraine,2003,6.25,,47643278
Ukraine,2004,4.97,,47275250
Ukraine,2005,2.26,,46923927
Ukraine,2006,1.4,,46591797
Ukraine,2007,1.03,,46282158
Ukraine,2008,0.4,,45991584
Ukraine,2009,0.55,,45715010
Ukraine,2010,0.25,,45448329
Ukraine,2011,0.17,,45190180
Ukraine,2012,0.2,,44940268
Ukraine,2013,0.08,,44696741
United Arab Emirates,2003,,,3400959
United Arab Emirates,2004,,,3658042
United Arab Emirates,2005,,,4069349
United Arab Emirates,2006,,,4662728
United Arab Emirates,2007,,,5405541
United Arab Emirates,2008,,,6206623
United Arab Emirates,2009,,,6938815
United Arab Emirates,2010,,,7511690
United Arab Emirates,2011,,,7890924
United Arab Emirates,2012,,,8105873
United Arab Emirates,2013,,,8207940
United Kingdom,2003,,,59604347
United Kingdom,2004,,,59891788
United Kingdom,2005,,11.57,60202727
United Kingdom,2006,,,60538143
United Kingdom,2007,,,60896101
United Kingdom,2008,,,61270318
United Kingdom,2009,,,61652315
United Kingdom,2010,,12.46,62035570
United Kingdom,2011,,,62417431
United Kingdom,2012,,,62798099
United Kingdom,2013,,,63177406
United States,2003,,,291290823
United States,2004,,,294063120
United States,2005,,13.01,296820296
United States,2006,,,299564470
United States,2007,,,302284564
United States,2008,,,304989064
United States,2009,,,307686729
United States,2010,,13.24,310383948
United States,2011,,,313085380
United States,2012,,,315791284
United States,2013,,,318497630
Uruguay,2003,5.22,,3323124
Uruguay,2004,6.88,,3321367
Uruguay,2005,6.11,8.5,3322529
Uruguay,2006,4.67,,3327451
Uruguay,2007,3.78,,3335528
Uruguay,2008,2.55,,3345967
Uruguay,2009,2.11,,3357391
Uruguay,2010,1.61,8.61,3368786
Uruguay,2011,1.61,,3380008
Uruguay,2012,1.67,,3391428
Uruguay,2013,1.56,,3403117
Uzbekistan,2003,87.82,,25489492
Uzbekistan,2004,,,25708188
Uzbekistan,2005,,,25947414
Uzbekistan,2006,,,26213729
Uzbekistan,2007,,,26503833
Uzbekistan,2008,,,26811974
Uzbekistan,2009,,,27128063
Uzbekistan,2010,,,27444702
Uzbekistan,2011,,,27760267
Uzbekistan,2012,,,28077486
Uzbekistan,2013,,,28398155
Vanuatu,2003,,,199968
Vanuatu,2004,,,205561
Vanuatu,2005,,,211170
Vanuatu,2006,,,216760
Vanuatu,2007,,,222377
Vanuatu,2008,,,228041
Vanuatu,2009,,,233790
Vanuatu,2010,38.8,,239651
Vanuatu,2011,,,245619
Vanuatu,2012,,,251674
Vanuatu,2013,,,257812
Venezuela,2003,33.58,,25736393
Venezuela,2004,29.08,,26199994
Venezuela,2005,23.97,7.8,26664122
Venezuela,2006,14.9,,27128721
Venezuela,2007,,,27593427
Venezuela,2008,,,28057485
Venezuela,2009,,,28519913
Venezuela,2010,,8.78,28979857
Venezuela,2011,,,29436891
Venezuela,2012,,,29890694
Venezuela,2013,,,30340637
Vietnam,2003,,,81377056
Vietnam,2004,58.46,,82262996
Vietnam,2005,,,83161145
Vietnam,2006,51.15,,84075580
Vietnam,2007,,,85007447
Vietnam,2008,45.61,,85951912
Vietnam,2009,,,86901173
Vietnam,2010,18.05,,87848445
Vietnam,2011,,,88791996
Vietnam,2012,13.86,,89730274
Vietnam,2013,,,90656550
Western Sahara,2003,,,389412
Western Sahara,2004,,,416172
Western Sahara,2005,,,440469
Western Sahara,2006,,,461610
Western Sahara,2007,,,480140
Western Sahara,2008,,,496923
Western Sahara,2009,,,513367
Western Sahara,2010,,,530500
Western Sahara,2011,,,548377
Western Sahara,2012,,,566613
Western Sahara,2013,,,585270
Yemen,2005,,3.12,Yemen,2010,,3.84,Zambia,2003,,,10938261
Zambia,2004,74.02,,11192422
Zambia,2005,,6.59,11462365
Zambia,2006,76.86,,11750105
Zambia,2007,,,12055384
Zambia,2008,,,12379612
Zambia,2009,,,12723746
Zambia,2010,78.87,7.4,13088570
Zambia,2011,,,13474959
Zambia,2012,,,13883577
Zambia,2013,,,14314515
Zimbabwe,2003,,,12612956
Zimbabwe,2004,,,12597877
Zimbabwe,2005,,7.65,12570686
Zimbabwe,2006,,,12529655
Zimbabwe,2007,,,12481245
Zimbabwe,2008,,,12451543
Zimbabwe,2009,,,12473992
Zimbabwe,2010,,7.86,12571454
Zimbabwe,2011,45.5,,12754378
Zimbabwe,2012,,,13013678
Zimbabwe,2013,,,13327925
