Entity, Code, Year,us,international
Afghanistan,AFG,2003,198.7285436,922.8294492
Afghanistan,AFG,2004,219.1413528,916.3344748
Afghanistan,AFG,2005,250.2941299,1011.595524
Afghanistan,AFG,2006,272.563077,1065.619665
Afghanistan,AFG,2007,369.835796,1210.479265
Afghanistan,AFG,2008,373.3611163,1247.066144
Afghanistan,AFG,2009,445.8932979,1482.098837
Afghanistan,AFG,2010,553.3002894,1581.600836
Afghanistan,AFG,2011,603.5370231,1660.739856
Afghanistan,AFG,2012,669.0090509,1873.153946
Afghanistan,AFG,2013,631.7449706,1877.411953
Albania,ALB,2003,1890.681557,5114.784779
Albania,ALB,2004,2416.588235,5524.921661
Albania,ALB,2005,2709.142931,5942.870083
Albania,ALB,2006,3005.012903,6634.779222
Albania,ALB,2007,3603.013685,7289.632366
Albania,ALB,2008,4370.539647,8228.357428
Albania,ALB,2009,4114.136545,8823.802984
Albania,ALB,2010,4094.358832,9646.615727
Albania,ALB,2011,4437.178068,10207.70067
Albania,ALB,2012,4247.614308,10526.24833
Albania,ALB,2013,4414.72314,10584.44692
Algeria,DZA,2003,2094.335506,9620.872056
Algeria,DZA,2004,2598.908023,10176.37006
Algeria,DZA,2005,3100.122378,10971.51742
Algeria,DZA,2006,3464.610079,11332.44961
Algeria,DZA,2007,3935.183343,11843.36358
Algeria,DZA,2008,4905.254866,12161.89916
Algeria,DZA,2009,3868.83123,12241.81055
Algeria,DZA,2010,4463.394675,12609.86941
Algeria,DZA,2011,5432.250203,12989.95496
Algeria,DZA,2012,5564.82566,13404.00929
Algeria,DZA,2013,5471.866766,13715.33174
American Samoa,ASM,2003,8914.525433,
American Samoa,ASM,2004,8639.308855,
American Samoa,ASM,2005,8508.406915,
American Samoa,ASM,2006,8456.947997,
American Samoa,ASM,2007,8980.536414,
American Samoa,ASM,2008,9871.997194,
American Samoa,ASM,2009,12058.26382,
American Samoa,ASM,2010,10352.82276,
American Samoa,ASM,2011,10375.99422,
American Samoa,ASM,2012,11660.32953,
American Samoa,ASM,2013,11553.69121,
Andorra,AND,2003,32438.6839,
Andorra,AND,2004,38255.9505,
Andorra,AND,2005,41185.98902,
Andorra,AND,2006,43666.98514,
Andorra,AND,2007,48510.46728,
Andorra,AND,2008,47712.29908,
Andorra,AND,2009,43215.68701,
Andorra,AND,2010,39627.66352,
Andorra,AND,2011,40919.18328,
Andorra,AND,2012,38167.09575,
Andorra,AND,2013,40215.43532,
Angola,AGO,2003,779.4683056,2715.943441
Angola,AGO,2004,1041.086844,2985.598585
Angola,AGO,2005,1443.991929,3516.402658
Angola,AGO,2006,2062.415149,4222.663033
Angola,AGO,2007,2878.837144,5128.361253
Angola,AGO,2008,3868.578883,5743.110048
Angola,AGO,2009,3347.84485,5718.694408
Angola,AGO,2010,3529.053482,5775.864013
Angola,AGO,2011,4299.012889,5911.254334
Angola,AGO,2012,4598.249988,6109.136612
Angola,AGO,2013,4804.616884,6400.673376
Antigua and Barbuda,ATG,2003,9739.82556,15368.73406
Antigua and Barbuda,ATG,2004,10352.8374,16526.52686
Antigua and Barbuda,ATG,2005,11371.93895,17928.46708
Antigua and Barbuda,ATG,2006,12724.39377,20603.61598
Antigua and Barbuda,ATG,2007,14252.29452,22843.67155
Antigua and Barbuda,ATG,2008,14703.31923,23026.45521
Antigua and Barbuda,ATG,2009,13012.46692,20168.36639
Antigua and Barbuda,ATG,2010,12126.87614,18760.63337
Antigua and Barbuda,ATG,2011,11929.34991,18602.42536
Antigua and Barbuda,ATG,2012,12565.44197,19457.04146
Antigua and Barbuda,ATG,2013,12224.86416,19520.52693
Argentina,ARG,2003,3330.437006,11217.57193
Argentina,ARG,2004,4251.574348,12430.71372
Argentina,ARG,2005,5076.883829,13817.71407
Argentina,ARG,2006,5878.761027,15227.5125
Argentina,ARG,2007,7193.61764,16865.54476
Argentina,ARG,2008,8953.359275,17711.44179
Argentina,ARG,2009,8161.306966,16618.12085
Argentina,ARG,2010,10276.2605,18333.5437
Argentina,ARG,2011,12726.90836,19629.35185
Argentina,ARG,2012,12969.70712,19579.00648
Argentina,ARG,2013,12976.63642,20161.49683
Armenia,ARM,2003,930.1661567,3531.968643
Armenia,ARM,2004,1191.96192,4031.947204
Armenia,ARM,2005,1643.758397,4769.489004
Armenia,ARM,2006,2158.002909,5607.645869
Armenia,ARM,2007,3138.808703,6605.216696
Armenia,ARM,2008,4010.026997,7260.968756
Armenia,ARM,2009,2993.832531,6323.578336
Armenia,ARM,2010,3218.381655,6567.258582
Armenia,ARM,2011,3526.978143,7022.103943
Armenia,ARM,2012,3684.80481,7649.491409
Armenia,ARM,2013,3843.591213,7997.387128
Aruba,ABW,2003,20834.5102,
Aruba,ABW,2004,22567.82492,
Aruba,ABW,2005,23302.83199,
Aruba,ABW,2006,24014.94427,
Aruba,ABW,2007,25921.02605,
Aruba,ABW,2008,27546.89939,
Aruba,ABW,2009,24631.43486,
Aruba,ABW,2010,24271.94042,
Aruba,ABW,2011,25324.72036,35973.78051
Australia,AUS,2003,23465.38559,29723.68385
Australia,AUS,2004,30472.37977,31345.22087
Australia,AUS,2005,34016.71483,32591.80935
Australia,AUS,2006,36118.28381,34356.76641
Australia,AUS,2007,40991.98289,36596.00841
Australia,AUS,2008,49664.68504,37506.90682
Australia,AUS,2009,42742.99898,40282.31372
Australia,AUS,2010,51874.08048,39191.03563
Australia,AUS,2011,62245.10029,41782.28494
Australia,AUS,2012,67677.63477,42616.14892
Australia,AUS,2013,67792.30386,45668.68911
Austria,AUT,2003,32102.93055,31987.22057
Austria,AUT,2004,36693.40262,33649.41335
Austria,AUT,2005,38242.04252,34866.84044
Austria,AUT,2006,40430.99361,37455.51021
Austria,AUT,2007,46586.65025,39150.87728
Austria,AUT,2008,51386.37665,41058.63054
Austria,AUT,2009,47654.18721,40704.40971
Austria,AUT,2010,46657.0629,41906.72959
Austria,AUT,2011,51126.74139,44237.96032
Austria,AUT,2012,48333.57273,46233.39624
Austria,AUT,2013,50504.71532,47721.73728
Azerbaijan,AZE,2003,883.6439965,4945.907916
Azerbaijan,AZE,2004,1045.02163,5551.448842
Azerbaijan,AZE,2005,1578.40239,7169.150431
Azerbaijan,AZE,2006,2473.085776,9830.162606
Azerbaijan,AZE,2007,3851.437869,12477.38469
Azerbaijan,AZE,2008,5574.603802,13799.78614
Azerbaijan,AZE,2009,4950.294791,14900.50866
Azerbaijan,AZE,2010,5842.805784,15627.60562
Azerbaijan,AZE,2011,7189.691229,15754.15236
Azerbaijan,AZE,2012,7496.335728,16180.88715
Azerbaijan,AZE,2013,7875.756953,17171.76137
Bahamas,BHS,2003,22009.20043,21305.85807
Bahamas,BHS,2004,21996.40649,21620.72728
Bahamas,BHS,2005,23405.45302,22602.9565
Bahamas,BHS,2006,23719.10788,23415.71172
Bahamas,BHS,2007,24301.24325,23923.70871
Bahamas,BHS,2008,23652.33053,23392.28616
Bahamas,BHS,2009,22037.10801,22191.1746
Bahamas,BHS,2010,21921.55906,22431.92995
Bahamas,BHS,2011,21523.97372,22674.72782
Bahamas,BHS,2012,22575.59019,23453.63549
Bahamas,BHS,2013,22590.39338,23506.78727
Bahrain,BHR,2003,14221.99259,36696.27589
Bahrain,BHR,2004,15846.47641,37851.82644
Bahrain,BHR,2005,17959.17854,38931.43524
Bahrain,BHR,2006,19307.99549,39636.41148
Bahrain,BHR,2007,20977.11053,40769.79102
Bahrain,BHR,2008,23067.56535,41047.16083
Bahrain,BHR,2009,19356.67236,39888.46819
Bahrain,BHR,2010,20722.10389,40230.2311
Bahrain,BHR,2011,22810.10242,40696.15097
Bahrain,BHR,2012,23649.36661,42208.65305
Bahrain,BHR,2013,25010.18329,44657.79592
Bangladesh,BGD,2003,432.7388972,1491.023592
Bangladesh,BGD,2004,460.7579167,1586.182168
Bangladesh,BGD,2005,484.1554071,1718.402873
Bangladesh,BGD,2006,494.0501466,1864.194503
Bangladesh,BGD,2007,541.0651484,2024.232095
Bangladesh,BGD,2008,615.7775411,2163.554427
Bangladesh,BGD,2009,681.1205368,2264.871499
Bangladesh,BGD,2010,757.6717572,2393.315832
Bangladesh,BGD,2011,835.7893401,2570.850145
Bangladesh,BGD,2012,856.342857,2756.443467
Bangladesh,BGD,2013,951.8894535,2934.644352
Barbados,BRB,2003,12028.50447,12080.7245
Barbados,BRB,2004,12868.86309,12549.13585
Barbados,BRB,2005,14223.86576,13421.38546
Barbados,BRB,2006,15646.05591,14563.16062
Barbados,BRB,2007,16462.48556,15153.29816
Barbados,BRB,2008,16570.32028,15446.34715
Barbados,BRB,2009,16523.32388,14872.99151
Barbados,BRB,2010,15905.91232,15035.18703
Barbados,BRB,2011,15534.15704,15404.78523
Barbados,BRB,2012,15384.8749,15680.37656
Barbados,BRB,2013,15472.7814,15870.04741
Belarus,BLR,2003,1819.525644,7616.458844
Belarus,BLR,2004,2378.339207,8781.636314
Belarus,BLR,2005,3126.071767,9984.192417
Belarus,BLR,2006,3848.215966,11389.5515
Belarus,BLR,2007,4735.484827,12756.63445
Belarus,BLR,2008,6376.183153,14383.16685
Belarus,BLR,2009,5176.172649,14553.79551
Belarus,BLR,2010,6030.388707,15906.75608
Belarus,BLR,2011,6519.710753,17166.69564
Belarus,BLR,2012,6940.243915,17801.91843
Belarus,BLR,2013,7978.825443,18271.75389
Belgium,BEL,2003,30743.95693,31054.64356
Belgium,BEL,2004,35589.71295,32260.7729
Belgium,BEL,2005,36967.28292,33332.35275
Belgium,BEL,2006,38852.36103,35406.6228
Belgium,BEL,2007,44403.83131,36858.19332
Belgium,BEL,2008,48424.58927,38133.51223
Belgium,BEL,2009,44880.56015,38047.67727
Belgium,BEL,2010,44380.23741,40129.42633
Belgium,BEL,2011,47702.77415,41248.6927
Belgium,BEL,2012,44740.5717,42354.62056
Belgium,BEL,2013,46510.38647,43452.24758
Belize,BLZ,2003,3679.909523,6479.777791
Belize,BLZ,2004,3831.538019,6791.957312
Belize,BLZ,2005,3933.332215,7008.805746
Belize,BLZ,2006,4187.37803,7361.074138
Belize,BLZ,2007,4324.876427,7444.302526
Belize,BLZ,2008,4470.220796,7636.841357
Belize,BLZ,2009,4258.788611,7558.047851
Belize,BLZ,2010,4344.150177,7715.950318
Belize,BLZ,2011,4516.24675,7855.698287
Belize,BLZ,2012,4673.63848,8121.152942
Belize,BLZ,2013,4688.538443,8179.049883
Benin,BEN,2003,519.2922847,1456.364545
Benin,BEN,2004,583.4093514,1516.430287
Benin,BEN,2005,601.799977,1545.698265
Benin,BEN,2006,625.830092,1608.772887
Benin,BEN,2007,706.0535419,1701.207073
Benin,BEN,2008,820.1513498,1768.803598
Benin,BEN,2009,793.45243,1773.053298
Benin,BEN,2010,757.6959074,1781.987066
Benin,BEN,2011,825.9427854,1820.894693
Benin,BEN,2012,837.9505001,1890.02902
Benin,BEN,2013,915.2674586,2002.051409
Bermuda,BMU,2003,66111.72523,45797.32036
Bermuda,BMU,2004,70359.31911,47835.43923
Bermuda,BMU,2005,75882.03386,49877.28411
Bermuda,BMU,2006,83912.6978,53949.42371
Bermuda,BMU,2007,90849.58698,56640.989
Bermuda,BMU,2008,93605.74817,58288.61209
Bermuda,BMU,2009,88463.31282,55320.16171
Bermuda,BMU,2010,88207.32756,55254.21412
Bermuda,BMU,2011,85973.15842,54984.51039
Bermuda,BMU,2012,85458.45551,53097.69629
Bermuda,BMU,2013,85748.06541,52436.05641
Bhutan,BTN,2003,997.7417141,3524.926753
Bhutan,BTN,2004,1097.457088,3734.48887
Bhutan,BTN,2005,1247.061392,4026.341876
Bhutan,BTN,2006,1335.456906,4331.461906
Bhutan,BTN,2007,1741.142552,5131.410377
Bhutan,BTN,2008,1795.181307,5372.132429
Bhutan,BTN,2009,1770.234497,5664.127805
Bhutan,BTN,2010,2178.921383,6289.814364
Bhutan,BTN,2011,2458.045976,6805.878456
Bhutan,BTN,2012,2422.008016,7162.293474
Bhutan,BTN,2013,2350.882889,7317.337414
Bolivia,BOL,2003,917.3643105,3753.050849
Bolivia,BOL,2004,978.3346485,3946.708576
Bolivia,BOL,2005,1046.427384,4180.318235
Bolivia,BOL,2006,1233.594435,4438.62465
Bolivia,BOL,2007,1389.634888,4684.94245
Bolivia,BOL,2008,1736.935051,4986.880533
Bolivia,BOL,2009,1776.866476,5108.873594
Bolivia,BOL,2010,1981.160705,5298.084512
Bolivia,BOL,2011,2377.675918,5598.508445
Bolivia,BOL,2012,2645.227753,5899.641861
Bolivia,BOL,2013,2947.938526,6303.06642
Bosnia and Herzegovina,BIH,2003,2214.732246,5348.659008
Bosnia and Herzegovina,BIH,2004,2650.642661,5842.693488
Bosnia and Herzegovina,BIH,2005,2968.411806,6453.161247
Bosnia and Herzegovina,BIH,2006,3404.321698,7384.143684
Bosnia and Herzegovina,BIH,2007,4180.292176,8159.894701
Bosnia and Herzegovina,BIH,2008,5075.316064,9001.146968
Bosnia and Herzegovina,BIH,2009,4697.809732,9007.303999
Bosnia and Herzegovina,BIH,2010,4611.470298,9317.07052
Bosnia and Herzegovina,BIH,2011,5050.156834,9893.37823
Bosnia and Herzegovina,BIH,2012,4716.673325,10170.41572
Bosnia and Herzegovina,BIH,2013,5035.86555,10821.20534
Botswana,BWA,2003,4163.065906,9314.395714
Botswana,BWA,2004,4896.583835,9695.193424
Botswana,BWA,2005,5351.253732,10313.61119
Botswana,BWA,2006,5374.554867,11346.04949
Botswana,BWA,2007,5714.047937,12413.28568
Botswana,BWA,2008,5623.379566,13226.60648
Botswana,BWA,2009,5185.729845,12098.79299
Botswana,BWA,2010,6346.156204,13064.46623
Botswana,BWA,2011,7645.214609,13889.27047
Botswana,BWA,2012,7029.231453,14506.88523
Botswana,BWA,2013,7007.625783,16111.10914
Brazil,BRA,2003,3059.587582,9690.57941
Brazil,BRA,2004,3623.047667,10401.94138
Brazil,BRA,2005,4770.182746,10951.27478
Brazil,BRA,2006,5860.145975,11604.86355
Brazil,BRA,2007,7313.557962,12503.60928
Brazil,BRA,2008,8787.610375,13262.80054
Brazil,BRA,2009,8553.38047,13215.42568
Brazil,BRA,2010,11224.15408,14244.97879
Brazil,BRA,2011,13167.47289,14973.09847
Brazil,BRA,2012,12291.46685,15396.62234
Brazil,BRA,2013,12216.90446,15968.29208
Bulgaria,BGR,2003,2710.468024,8379.281786
Bulgaria,BGR,2004,3381.507837,9177.314687
Bulgaria,BGR,2005,3893.68998,10275.04993
Bulgaria,BGR,2006,4513.13628,11377.85564
Bulgaria,BGR,2007,5932.899677,12897.95386
Bulgaria,BGR,2008,7296.122479,14395.69769
Bulgaria,BGR,2009,6955.987733,14132.99163
Bulgaria,BGR,2010,6843.263289,14962.98486
Bulgaria,BGR,2011,7813.803499,15676.05322
Bulgaria,BGR,2012,7378.025539,16208.23704
Bulgaria,BGR,2013,7674.860559,16646.7165
Burkina Faso,BFA,2003,332.3443051,966.0746729
Burkina Faso,BFA,2004,371.3230865,1007.172672
Burkina Faso,BFA,2005,406.9988071,1096.688786
Burkina Faso,BFA,2006,422.6332374,1165.697092
Burkina Faso,BFA,2007,475.1100122,1226.881402
Burkina Faso,BFA,2008,569.7612784,1302.205391
Burkina Faso,BFA,2009,552.7455521,1310.685631
Burkina Faso,BFA,2010,575.4464527,1395.960366
Burkina Faso,BFA,2011,666.8402783,1472.716191
Burkina Faso,BFA,2012,673.8227,1549.479611
Burkina Faso,BFA,2013,699.0452847,1571.268335
Burundi,BDI,2003,112.8493703,613.6300389
Burundi,BDI,2004,127.4296648,639.8742272
Burundi,BDI,2005,150.5070434,644.7866027
Burundi,BDI,2006,165.8794176,677.3826655
Burundi,BDI,2007,170.7999005,704.4398589
Burundi,BDI,2008,196.2472628,729.4627833
Burundi,BDI,2009,204.9446502,735.7012343
Burundi,BDI,2010,231.1943256,748.3806576
Burundi,BDI,2011,260.4799073,771.5094237
Burundi,BDI,2012,265.2856051,793.0801921
Burundi,BDI,2013,282.7555252,818.2852133
Cambodia,KHM,2003,362.4213785,1366.004185
Cambodia,KHM,2004,408.6105184,1523.775476
Cambodia,KHM,2005,474.2238766,1753.441983
Cambodia,KHM,2006,539.8791529,1971.627326
Cambodia,KHM,2007,631.675789,2197.829978
Cambodia,KHM,2008,745.7877873,2355.790305
Cambodia,KHM,2009,738.2326684,2340.381721
Cambodia,KHM,2010,785.6928841,2471.891474
Cambodia,KHM,2011,882.4901462,2658.709247
Cambodia,KHM,2012,950.0244132,2858.71357
Cambodia,KHM,2013,1028.419568,3069.58846
Cameroon,CMR,2003,824.8689393,2201.26351
Cameroon,CMR,2004,930.2011716,2283.938956
Cameroon,CMR,2005,952.1872484,2347.659063
Cameroon,CMR,2006,1002.989164,2430.989688
Cameroon,CMR,2007,1110.701186,2507.479227
Cameroon,CMR,2008,1233.524316,2559.223662
Cameroon,CMR,2009,1203.195308,2557.390745
Cameroon,CMR,2010,1182.869227,2601.228297
Cameroon,CMR,2011,1295.649726,2690.765055
Cameroon,CMR,2012,1255.648189,2789.683679
Cameroon,CMR,2013,1365.34419,2913.173239
Canada,CAN,2003,28172.14883,32189.0616
Canada,CAN,2004,31979.87195,33754.86956
Canada,CAN,2005,36189.58838,36134.60224
Canada,CAN,2006,40386.69948,38009.876
Canada,CAN,2007,44544.5268,39441.96779
Canada,CAN,2008,46596.33599,40277.61931
Canada,CAN,2009,40773.45436,38791.07469
Canada,CAN,2010,47447.47602,40027.24021
Canada,CAN,2011,52082.21076,41565.27122
Canada,CAN,2012,52496.69487,42145.09786
Canada,CAN,2013,52413.72116,44097.60642
Cape Verde,CPV,2003,1768.921302,3412.642078
Cape Verde,CPV,2004,1976.458506,3801.929908
Cape Verde,CPV,2005,2048.13459,4134.497584
Cape Verde,CPV,2006,2304.289902,4542.140553
Cape Verde,CPV,2007,3112.285712,5308.134174
Cape Verde,CPV,2008,3638.905946,5710.16342
Cape Verde,CPV,2009,3444.5566,5620.539317
Cape Verde,CPV,2010,3312.825985,5710.344252
Cape Verde,CPV,2011,3670.429453,5991.77849
Cape Verde,CPV,2012,3408.482762,6097.221556
Cape Verde,CPV,2013,3558.796314,6171.857986
Caribbean small states,,2003,5621.26785,10328.43671
Caribbean small states,,2004,6130.263788,11028.33578
Caribbean small states,,2005,6898.778285,11733.61478
Caribbean small states,,2006,7697.176479,12900.12961
Caribbean small states,,2007,8503.255402,13610.55023
Caribbean small states,,2008,9641.410665,14026.39883
Caribbean small states,,2009,8059.695503,13557.30411
Caribbean small states,,2010,8701.583469,13850.58132
Caribbean small states,,2011,9352.573111,14199.76426
Caribbean small states,,2012,9592.779948,14545.18892
Caribbean small states,,2013,9654.56647,14959.11971
Central African Republic,CAF,2003,286.2508019,664.3150585
Central African Republic,CAF,2004,313.210598,710.410967
Central African Republic,CAF,2005,327.1149461,726.8663666
Central African Republic,CAF,2006,347.6073678,771.1467414
Central African Republic,CAF,2007,397.1480467,813.8053894
Central African Republic,CAF,2008,456.8614334,833.2529641
Central African Republic,CAF,2009,449.9601839,842.5222241
Central African Republic,CAF,2010,446.4434494,870.0440809
Central African Republic,CAF,2011,494.3306779,911.6559469
Central African Republic,CAF,2012,486.410114,963.5640139
Central African Republic,CAF,2013,337.4849614,618.5146823
Central Europe and the Baltics,,2003,5941.171573,12330.55191
Central Europe and the Baltics,,2004,7161.448082,13462.82898
Central Europe and the Baltics,,2005,8342.436299,14283.32477
Central Europe and the Baltics,,2006,9461.098659,15884.50215
Central Europe and the Baltics,,2007,11951.68715,17631.25443
Central Europe and the Baltics,,2008,14489.15052,19519.39969
Central Europe and the Baltics,,2009,12197.87382,19520.5859
Central Europe and the Baltics,,2010,12556.93917,20755.33427
Central Europe and the Baltics,,2011,13882.73542,22156.88784
Central Europe and the Baltics,,2012,12996.3408,22944.38263
Central Europe and the Baltics,,2013,13704.56665,23960.53954
Chad,TCD,2003,292.5914364,1033.583468
Chad,TCD,2004,454.6765879,1366.996011
Chad,TCD,2005,660.2421396,1596.835983
Chad,TCD,2006,712.1847694,1600.201226
Chad,TCD,2007,801.683884,1640.780387
Chad,TCD,2008,929.7702391,1668.577985
Chad,TCD,2009,804.4559039,1695.96331
Chad,TCD,2010,896.5697341,1886.251061
Chad,TCD,2011,989.2363633,1863.845605
Chad,TCD,2012,973.4702574,1999.034948
Chad,TCD,2013,986.0103177,2077.060248
Chile,CHL,2003,4787.699532,10771.24748
Chile,CHL,2004,6210.828325,11777.13305
Chile,CHL,2005,7615.30468,12774.73122
Chile,CHL,2006,9484.681227,15611.10821
Chile,CHL,2007,10526.87746,16862.92407
Chile,CHL,2008,10781.36608,16422.86633
Chile,CHL,2009,10243.32824,16267.46193
Chile,CHL,2010,12860.17764,18356.77622
Chile,CHL,2011,14705.69242,20437.70453
Chile,CHL,2012,15431.90293,21620.28097
Chile,CHL,2013,15941.39722,22578.72892
China,CHN,2003,1288.642924,3961.274167
China,CHN,2004,1508.668462,4455.20533
China,CHN,2005,1753.4178,5092.560189
China,CHN,2006,2099.229676,5883.719784
China,CHN,2007,2695.366223,6863.982229
China,CHN,2008,3471.247547,7635.073139
China,CHN,2009,3838.434292,8374.43285
China,CHN,2010,4560.512487,9333.124882
China,CHN,2011,5633.796106,10384.36732
China,CHN,2012,6337.882993,11351.06284
China,CHN,2013,7077.770594,12367.96586
Colombia,COL,2003,2246.257472,7241.331258
Colombia,COL,2004,2740.249442,7732.319476
Colombia,COL,2005,3386.0256,8248.355342
Colombia,COL,2006,3709.078776,8957.341118
Colombia,COL,2007,4674.21961,9710.917596
Colombia,COL,2008,5433.72045,10132.26566
Colombia,COL,2009,5148.422113,10260.22668
Colombia,COL,2010,6250.655044,10680.00301
Colombia,COL,2011,7227.73968,11496.47771
Colombia,COL,2012,7884.984429,12058.34376
Colombia,COL,2013,8030.58603,12725.04373
Comoros,COM,2003,544.5066526,1236.16601
Comoros,COM,2004,616.4197236,1264.156135
Comoros,COM,2005,621.9033702,1310.265382
Comoros,COM,2006,648.3008717,1353.519441
Comoros,COM,2007,720.7593013,1367.48884
Comoros,COM,2008,795.9705019,1366.64755
Comoros,COM,2009,778.5454199,1370.466884
Comoros,COM,2010,769.1742883,1383.929694
Comoros,COM,2011,829.7586885,1414.611723
Comoros,COM,2012,788.632653,1448.427686
Comoros,COM,2013,834.3410949,1487.110507
Congo,COG,2003,998.1013117,3791.130711
Congo,COG,2004,1289.337837,3915.741745
Congo,COG,2005,1637.064381,4223.075367
Congo,COG,2006,2012.11007,4474.881179
Congo,COG,2007,2111.209489,4369.053334
Congo,COG,2008,2881.594292,4543.927309
Congo,COG,2009,2255.332879,4760.444179
Congo,COG,2010,2737.342365,5081.434342
Congo,COG,2011,3196.647534,5213.946937
Congo,COG,2012,2952.052348,5368.266975
Congo,COG,2013,2964.573152,5502.484191
Costa Rica,CRI,2003,4167.714107,8793.383147
Costa Rica,CRI,2004,4425.507467,9289.503317
Costa Rica,CRI,2005,4697.011135,9817.001194
Costa Rica,CRI,2006,5245.187372,10697.46354
Costa Rica,CRI,2007,6120.623418,11714.21471
Costa Rica,CRI,2008,6911.136136,12329.93006
Costa Rica,CRI,2009,6809.396224,12141.93498
Costa Rica,CRI,2010,8199.414621,12737.02018
Costa Rica,CRI,2011,9186.59639,13397.23054
Costa Rica,CRI,2012,9985.36959,14133.68818
Costa Rica,CRI,2013,10569.66631,14524.6715
Cote d'Ivoire,CIV,2003,865.789649,2268.272292
Cote d'Ivoire,CIV,2004,919.8068028,2317.614362
Cote d'Ivoire,CIV,2005,931.754287,2388.432195
Cote d'Ivoire,CIV,2006,951.9478956,2450.596778
Cote d'Ivoire,CIV,2007,1065.896375,2508.373899
Cote d'Ivoire,CIV,2008,1242.431044,2567.190743
Cote d'Ivoire,CIV,2009,1217.749206,2612.063869
Cote d'Ivoire,CIV,2010,1219.749096,2635.837771
Cote d'Ivoire,CIV,2011,1214.703946,2511.420195
Cote d'Ivoire,CIV,2012,1262.480218,2762.341426
Cote d'Ivoire,CIV,2013,1423.682282,2980.26506
Croatia,HRV,2003,7805.881418,13121.79532
Croatia,HRV,2004,9365.742468,14097.55075
Croatia,HRV,2005,10224.24059,14859.28942
Croatia,HRV,2006,11363.41845,16934.74979
Croatia,HRV,2007,13546.69872,18770.86955
Croatia,HRV,2008,15893.86056,20247.00223
Croatia,HRV,2009,14157.14416,19470.59051
Croatia,HRV,2010,13505.74586,19205.43736
Croatia,HRV,2011,14539.18421,20704.30871
Croatia,HRV,2012,13235.97757,21132.99584
Croatia,HRV,2013,13574.74009,21681.08566
Cuba,CUB,2003,3192.669378,
Cuba,CUB,2004,3390.716256,
Cuba,CUB,2005,3779.05707,
Cuba,CUB,2006,4669.060916,
Cuba,CUB,2007,5184.494227,
Cuba,CUB,2008,5376.447622,
Cuba,CUB,2009,5484.7763,
Cuba,CUB,2010,5676.141403,
Cuba,CUB,2011,6075.924306,
Cuba,CUB,2012,6425.941119,
Cuba,CUB,2013,6760.15344,
Cyprus,CYP,2003,20293.40789,24300.75247
Cyprus,CYP,2004,23932.49128,26091.90872
Cyprus,CYP,2005,25324.48666,28169.4792
Cyprus,CYP,2006,27169.99256,30496.14882
Cyprus,CYP,2007,31386.63265,32986.03792
Cyprus,CYP,2008,35390.70488,34823.74294
Cyprus,CYP,2009,32105.8159,33922.66853
Cyprus,CYP,2010,30818.46396,33295.02789
Cyprus,CYP,2011,32233.83942,33192.37985
Cyprus,CYP,2012,28951.15556,31877.47027
Cyprus,CYP,2013,27907.96736,30610.72278
Czech Republic,CZE,2003,9741.058384,19361.21368
Czech Republic,CZE,2004,11667.63212,20781.3434
Czech Republic,CZE,2005,13317.72983,21909.58517
Czech Republic,CZE,2006,15159.14115,23751.79204
Czech Republic,CZE,2007,18333.9459,26058.20042
Czech Republic,CZE,2008,22649.37934,27784.10457
Czech Republic,CZE,2009,19698.49209,27567.20246
Czech Republic,CZE,2010,19764.01554,27659.26524
Czech Republic,CZE,2011,21717.45794,28797.41796
Czech Republic,CZE,2012,19729.87051,29047.24644
Czech Republic,CZE,2013,19916.01939,30485.71415
Democratic Republic of Congo,COD,2003,173.9163518,433.0794753
Democratic Republic of Congo,COD,2004,194.1667863,460.2476414
Democratic Republic of Congo,COD,2005,218.5235092,488.3880869
Democratic Republic of Congo,COD,2006,252.8430454,513.3796909
Democratic Republic of Congo,COD,2007,280.1217437,542.0617287
Democratic Republic of Congo,COD,2008,318.1201341,568.0834779
Democratic Republic of Congo,COD,2009,292.6284114,569.5350063
Democratic Republic of Congo,COD,2010,318.0757516,597.0769873
Democratic Republic of Congo,COD,2011,357.4834938,629.8563888
Democratic Republic of Congo,COD,2012,398.1406948,664.8017801
Democratic Republic of Congo,COD,2013,420.87049,708.9596215
Denmark,DNK,2003,40458.77064,30784.41611
Denmark,DNK,2004,46511.60457,32931.9465
Denmark,DNK,2005,48799.82037,34150.1558
Denmark,DNK,2006,52026.99311,37317.11644
Denmark,DNK,2007,58487.04501,38953.19989
Denmark,DNK,2008,64322.06664,41278.32884
Denmark,DNK,2009,58163.29359,40380.94447
Denmark,DNK,2010,58041.41122,43082.75554
Denmark,DNK,2011,61753.66007,44403.39415
Denmark,DNK,2012,58507.50021,44803.96224
Denmark,DNK,2013,61191.19263,46726.85332
Djibouti,DJI,2003,819.974118,1829.128163
Djibouti,DJI,2004,864.1847206,1920.612134
Djibouti,DJI,2005,904.7297489,2012.599574
Djibouti,DJI,2006,965.6693779,2138.631747
Djibouti,DJI,2007,1047.586896,2269.907481
Djibouti,DJI,2008,1214.077118,2408.405623
Djibouti,DJI,2009,1253.657431,2506.467964
Djibouti,DJI,2010,1325.990724,2581.41661
Djibouti,DJI,2011,1430.986898,2705.405589
Djibouti,DJI,2012,1536.150685,2838.674473
Djibouti,DJI,2013,1622.637974,2976.37808
Dominica,DMA,2003,4994.667402,7252.151987
Dominica,DMA,2004,5325.046981,7662.48739
Dominica,DMA,2005,5244.033732,7874.312061
Dominica,DMA,2006,5513.16071,8332.77524
Dominica,DMA,2007,5939.053585,9076.939726
Dominica,DMA,2008,6446.663832,9896.721747
Dominica,DMA,2009,6866.224899,9833.788324
Dominica,DMA,2010,6912.435714,9991.240609
Dominica,DMA,2011,6985.532327,10134.5278
Dominica,DMA,2012,6744.567106,10164.59172
Dominica,DMA,2013,7022.750665,10357.16898
Dominican Republic,DOM,2003,2372.628827,6858.159489
Dominican Republic,DOM,2004,2421.096062,7033.127197
Dominican Republic,DOM,2005,3681.059903,7816.303418
Dominican Republic,DOM,2006,3836.468771,8788.881934
Dominican Republic,DOM,2007,4647.310359,9671.431005
Dominican Republic,DOM,2008,5011.037937,10038.05233
Dominican Republic,DOM,2009,4952.677503,10072.80198
Dominican Republic,DOM,2010,5451.06696,10898.51719
Dominican Republic,DOM,2011,5759.0643,11320.90306
Dominican Republic,DOM,2012,5968.876767,11702.34609
Dominican Republic,DOM,2013,6027.055544,12302.17342
Ecuador,ECU,2003,2440.46898,6555.372742
Ecuador,ECU,2004,2708.557892,7169.972305
Ecuador,ECU,2005,3021.942547,7664.289273
Ecuador,ECU,2006,3350.786541,8110.485561
Ecuador,ECU,2007,3590.718086,8366.145444
Ecuador,ECU,2008,4274.952065,8920.500827
Ecuador,ECU,2009,4255.565701,8889.213526
Ecuador,ECU,2010,4657.302361,9163.159136
Ecuador,ECU,2011,5223.351763,9926.903441
Ecuador,ECU,2012,5702.104313,10512.31875
Ecuador,ECU,2013,6074.090829,11037.34677
Egypt,EGY,2003,1120.874928,6410.523732
Egypt,EGY,2004,1045.943208,6728.861316
Egypt,EGY,2005,1168.115231,7124.489862
Egypt,EGY,2006,1375.196316,7708.047561
Egypt,EGY,2007,1640.476068,8327.410813
Egypt,EGY,2008,2011.246154,8939.282135
Egypt,EGY,2009,2291.667062,9255.383927
Egypt,EGY,2010,2602.479549,9658.065215
Egypt,EGY,2011,2747.480327,9823.823287
Egypt,EGY,2012,3181.441708,10003.35422
Egypt,EGY,2013,3213.389158,10156.41485
El Salvador,SLV,2003,2519.737387,5590.155232
El Salvador,SLV,2004,2632.709942,5821.655148
El Salvador,SLV,2005,2835.281237,6193.970132
El Salvador,SLV,2006,3062.951768,6603.873614
El Salvador,SLV,2007,3304.838107,7008.704991
El Salvador,SLV,2008,3507.347674,7205.450294
El Salvador,SLV,2009,3366.482133,7001.795076
El Salvador,SLV,2010,3474.392445,7152.204925
El Salvador,SLV,2011,3736.58713,7428.030149
El Salvador,SLV,2012,3827.786267,7671.620404
El Salvador,SLV,2013,3895.664491,7901.964358
Equatorial Guinea,GNQ,2003,3577.176197,17823.75329
Equatorial Guinea,GNQ,2004,6085.348907,24219.66767
Equatorial Guinea,GNQ,2005,10850.63334,27933.46545
Equatorial Guinea,GNQ,2006,12732.02759,29643.92635
Equatorial Guinea,GNQ,2007,15761.83913,33513.74211
Equatorial Guinea,GNQ,2008,22742.38159,38441.34833
Equatorial Guinea,GNQ,2009,16530.20937,37496.56822
Equatorial Guinea,GNQ,2010,17136.44568,33041.18835
Equatorial Guinea,GNQ,2011,21451.88617,34363.15291
Equatorial Guinea,GNQ,2012,21557.6528,36288.40627
Equatorial Guinea,GNQ,2013,20246.99308,33877.54224
Eritrea,ERI,2003,232.7945459,1395.231872
Eritrea,ERI,2004,287.4222243,1409.043034
Eritrea,ERI,2005,276.7508096,1450.333417
Eritrea,ERI,2006,297.8280588,1444.85803
Eritrea,ERI,2007,317.3294336,1473.074941
Eritrea,ERI,2008,326.0825642,1329.644373
Eritrea,ERI,2009,430.7544499,1366.590931
Eritrea,ERI,2010,482.1490904,1387.714663
Eritrea,ERI,2011,582.7755302,1510.458929
Estonia,EST,2003,7174.237415,13063.91548
Estonia,EST,2004,8850.465115,14429.61907
Estonia,EST,2005,10338.31322,16516.14387
Estonia,EST,2006,12595.41065,19269.06952
Estonia,EST,2007,16586.4052,21955.65331
Estonia,EST,2008,18094.54805,22664.03933
Estonia,EST,2009,14726.31828,20523.35285
Estonia,EST,2010,14638.60482,21623.44966
Estonia,EST,2011,17454.84342,24543.06747
Estonia,EST,2012,17421.89022,26022.46885
Estonia,EST,2013,19029.7746,27434.51577
Ethiopia,ETH,2003,118.8734466,512.0775458
Ethiopia,ETH,2004,135.7623858,580.921474
Ethiopia,ETH,2005,161.6266248,652.1060614
Ethiopia,ETH,2006,193.7949056,724.9016942
Ethiopia,ETH,2007,243.3026822,807.4365645
Ethiopia,ETH,2008,325.3825543,888.1424517
Ethiopia,ETH,2009,379.7566385,948.2249523
Ethiopia,ETH,2010,341.3099092,1052.104262
Ethiopia,ETH,2011,354.8463544,1162.783317
Ethiopia,ETH,2012,468.5067249,1253.243318
Ethiopia,ETH,2013,502.1535887,1371.981671
Fiji,FJI,2003,2835.973972,5917.528964
Fiji,FJI,2004,3332.918533,6388.993904
Fiji,FJI,2005,3658.630832,6612.747688
Fiji,FJI,2006,3749.939813,6895.237516
Fiji,FJI,2007,4078.82327,6956.304866
Fiji,FJI,2008,4177.657789,7093.550249
Fiji,FJI,2009,3369.408247,6976.983703
Fiji,FJI,2010,3651.966784,7203.365693
Fiji,FJI,2011,4353.121392,7488.829381
Fiji,FJI,2012,4546.738504,7712.521168
Fiji,FJI,2013,4763.068956,8255.785355
Finland,FIN,2003,32816.16088,28983.18388
Finland,FIN,2004,37636.11173,31140.14073
Finland,FIN,2005,38969.17163,31993.40726
Finland,FIN,2006,41120.67651,34382.7959
Finland,FIN,2007,48288.5491,37688.35192
Finland,FIN,2008,53401.31487,39969.3876
Finland,FIN,2009,47107.15571,37868.72341
Finland,FIN,2010,46202.41516,38812.31889
Finland,FIN,2011,50790.72415,40683.52758
Finland,FIN,2012,47415.55987,40620.17607
Finland,FIN,2013,49638.07713,41293.51577
France,FRA,2003,29691.18158,28256.66167
France,FRA,2004,33874.74255,29169.45643
France,FRA,2005,34879.72633,30603.4624
France,FRA,2006,36544.50853,32543.36126
France,FRA,2007,41600.58397,34150.6017
France,FRA,2008,45413.06571,35156.38284
France,FRA,2009,41631.13141,34767.15426
France,FRA,2010,40703.34279,36026.98256
France,FRA,2011,43810.20088,37457.28429
France,FRA,2012,40838.02444,37645.31028
France,FRA,2013,42554.12205,39487.83856
Gabon,GAB,2003,4892.011618,14415.83666
Gabon,GAB,2004,5685.577736,14520.14845
Gabon,GAB,2005,6741.293948,15140.01952
Gabon,GAB,2006,7027.777345,14603.76833
Gabon,GAB,2007,8352.817101,15369.08885
Gabon,GAB,2008,10094.02746,14686.45582
Gabon,GAB,2009,7603.660223,14347.16801
Gabon,GAB,2010,8754.113376,15045.16361
Gabon,GAB,2011,10716.20258,15893.51531
Gabon,GAB,2012,9774.181017,16457.15714
Gabon,GAB,2013,9679.742995,17078.17146
Gambia,GMB,2003,359.6521781,1303.657444
Gambia,GMB,2004,413.8398773,1388.438212
Gambia,GMB,2005,432.1929061,1374.763673
Gambia,GMB,2006,439.3423674,1387.935633
Gambia,GMB,2007,519.0452794,1430.468973
Gambia,GMB,2008,607.9479735,1494.159242
Gambia,GMB,2009,549.317956,1552.768177
Gambia,GMB,2010,562.8517527,1622.248952
Gambia,GMB,2011,517.7942063,1534.894938
Gambia,GMB,2012,506.3853433,1603.601458
Gambia,GMB,2013,486.0795247,1654.879163
Georgia,GEO,2003,928.0108227,3455.755048
Georgia,GEO,2004,1207.367228,3808.345012
Georgia,GEO,2005,1530.057521,4364.786505
Georgia,GEO,2006,1872.680416,4985.276523
Georgia,GEO,2007,2492.12878,5825.773265
Georgia,GEO,2008,3174.949001,6155.927442
Georgia,GEO,2009,2706.588512,6054.394897
Georgia,GEO,2010,2964.477034,6597.568549
Georgia,GEO,2011,3725.063221,7315.090898
Georgia,GEO,2012,4142.869175,8026.507187
Georgia,GEO,2013,4274.376857,8541.81226
Germany,DEU,2003,30359.95215,29988.21339
Germany,DEU,2004,34165.93403,31439.58273
Germany,DEU,2005,34696.62092,31968.46745
Germany,DEU,2006,36447.87232,34261.47365
Germany,DEU,2007,41814.8191,36436.51777
Germany,DEU,2008,45699.19832,38028.77214
Germany,DEU,2009,41732.70725,37080.30825
Germany,DEU,2010,41785.55691,39263.18779
Germany,DEU,2011,46810.32796,42692.51976
Germany,DEU,2012,44065.24891,43564.14802
Germany,DEU,2013,46530.91143,45232.19785
Ghana,GHA,2003,373.2815537,2008.473707
Ghana,GHA,2004,423.1936389,2123.21966
Ghana,GHA,2005,498.1723904,2260.993837
Ghana,GHA,2006,922.9351677,2415.53128
Ghana,GHA,2007,1090.686718,2520.721663
Ghana,GHA,2008,1224.401554,2733.278412
Ghana,GHA,2009,1086.765038,2814.385023
Ghana,GHA,2010,1312.607557,2997.525954
Ghana,GHA,2011,1574.978653,3404.459566
Ghana,GHA,2012,1629.800222,3699.347805
Ghana,GHA,2013,1814.492297,3940.08737
Greece,GRC,2003,18477.57841,23868.73321
Greece,GRC,2004,21955.10409,25455.24812
Greece,GRC,2005,22551.73574,25577.52408
Greece,GRC,2006,24801.15781,28535.92343
Greece,GRC,2007,28827.32636,29280.43976
Greece,GRC,2008,31997.28201,30856.01183
Greece,GRC,2009,29710.9703,30396.43136
Greece,GRC,2010,26917.75898,28202.83336
Greece,GRC,2011,25916.29353,26141.31959
Greece,GRC,2012,22242.68193,25284.46408
Greece,GRC,2013,21874.8195,26097.8719
Greenland,GRL,2003,24801.65903,
Greenland,GRL,2004,28497.52016,
Greenland,GRL,2005,29088.82683,
Greenland,GRL,2006,32035.08065,
Greenland,GRL,2007,36232.68274,
Greenland,GRL,2008,41022.99421,
Greenland,GRL,2009,41277.46789,
Greenland,GRL,2010,40532.5081,
Greenland,GRL,2011,44212.44114,
Greenland,GRL,2012,42398.63367,
Greenland,GRL,2013,43967.15016,
Grenada,GRD,2003,5773.073577,8922.588015
Grenada,GRD,2004,5836.177063,9083.643603
Grenada,GRD,2005,6754.512393,10590.16818
Grenada,GRD,2006,6764.722867,10445.51878
Grenada,GRD,2007,7322.596862,11347.13349
Grenada,GRD,2008,7946.944346,11640.86452
Grenada,GRD,2009,7395.088125,10915.06759
Grenada,GRD,2010,7365.666659,10951.88411
Grenada,GRD,2011,7410.408438,11220.82837
Grenada,GRD,2012,7583.187002,11252.02342
Grenada,GRD,2013,7955.615985,11655.40746
Guam,GUM,2003,22572.50466,
Guam,GUM,2004,24396.10624,
Guam,GUM,2005,26495.87758,
Guam,GUM,2006,26555.6452,
Guam,GUM,2007,27540.83913,
Guam,GUM,2008,29056.497,
Guam,GUM,2009,30025.56035,
Guam,GUM,2010,30700.43401,
Guam,GUM,2011,30862.11,
Guam,GUM,2012,32499.23425,
Guam,GUM,2013,33446.60951,
Guatemala,GTM,2003,1753.349471,5176.763606
Guatemala,GTM,2004,1872.737083,5359.66911
Guatemala,GTM,2005,2077.83438,5582.008758
Guatemala,GTM,2006,2256.56724,5926.81529
Guatemala,GTM,2007,2489.955836,6324.938786
Guatemala,GTM,2008,2794.221809,6515.057583
Guatemala,GTM,2009,2635.753474,6456.221896
Guatemala,GTM,2010,2825.52407,6578.247295
Guatemala,GTM,2011,3187.845296,6844.49564
Guatemala,GTM,2012,3299.605139,7026.193874
Guatemala,GTM,2013,3452.828934,7249.278756
Guinea,GIN,2003,370.1931781,991.4486186
Guinea,GIN,2004,386.3288283,1022.73395
Guinea,GIN,2005,303.424498,1065.99481
Guinea,GIN,2006,296.6803082,1103.192059
Guinea,GIN,2007,409.456775,1127.883761
Guinea,GIN,2008,437.4467238,1180.315517
Guinea,GIN,2009,436.6895539,1159.728243
Guinea,GIN,2010,438.7513346,1170.276694
Guinea,GIN,2011,459.2009012,1214.021016
Guinea,GIN,2012,502.3485646,1257.090692
Guinea,GIN,2013,540.1693204,1277.871981
Guinea-Bissau,GNB,2003,360.5718585,1093.521575
Guinea-Bissau,GNB,2004,393.3138244,1129.698392
Guinea-Bissau,GNB,2005,424.9534585,1188.936767
Guinea-Bissau,GNB,2006,418.9445004,1225.518645
Guinea-Bissau,GNB,2007,481.0694976,1268.564377
Guinea-Bissau,GNB,2008,583.5445622,1303.488476
Guinea-Bissau,GNB,2009,544.2220779,1324.149269
Guinea-Bissau,GNB,2010,543.9574108,1365.147957
Guinea-Bissau,GNB,2011,692.6009989,1484.950907
Guinea-Bissau,GNB,2012,607.7518833,1447.050406
Guinea-Bissau,GNB,2013,610.5663047,1444.25722
Guyana,GUY,2003,986.7958173,3882.69718
Guyana,GUY,2004,1045.58861,4121.994251
Guyana,GUY,2005,1098.455216,4175.287581
Guyana,GUY,2006,1945.630905,4532.437478
Guyana,GUY,2007,2327.058324,4991.252947
Guyana,GUY,2008,2576.124957,5200.569993
Guyana,GUY,2009,2716.35256,5418.471643
Guyana,GUY,2010,3026.281212,5717.759773
Guyana,GUY,2011,3439.597513,6132.214142
Guyana,GUY,2012,3785.935665,6511.278548
Guyana,GUY,2013,3944.178173,6916.095479
Haiti,HTI,2003,329.7820946,1377.794775
Haiti,HTI,2004,387.9429725,1344.44592
Haiti,HTI,2005,465.3101876,1390.757778
Haiti,HTI,2006,505.4706206,1442.976901
Haiti,HTI,2007,615.8198192,1507.289069
Haiti,HTI,2008,674.7564147,1526.169509
Haiti,HTI,2009,668.2976046,1561.387409
Haiti,HTI,2010,662.2795182,1471.648649
Haiti,HTI,2011,740.9358452,1562.278874
Haiti,HTI,2012,766.8437623,1614.025896
Haiti,HTI,2013,810.2656073,1686.171533
Honduras,HND,2003,1157.30427,2888.183786
Honduras,HND,2004,1217.657961,3078.01306
Honduras,HND,2005,1311.741714,3291.9321
Honduras,HND,2006,1437.628785,3535.360191
Honduras,HND,2007,1592.572182,3770.76575
Honduras,HND,2008,1751.595857,3923.597021
Honduras,HND,2009,1815.489496,3779.318967
Honduras,HND,2010,1932.85829,3890.851407
Honduras,HND,2011,2120.584798,4046.076252
Honduras,HND,2012,2178.383025,4213.02445
Honduras,HND,2013,2136.773905,4323.244467
Hong Kong,HKG,2003,23977.01945,29792.85036
Hong Kong,HKG,2004,24928.10037,33016.84046
Hong Kong,HKG,2005,26649.7508,36437.492
Hong Kong,HKG,2006,28224.21506,39940.85006
Hong Kong,HKG,2007,30594.01784,43280.97377
Hong Kong,HKG,2008,31515.66277,44800.21971
Hong Kong,HKG,2009,30697.34038,43935.68496
Hong Kong,HKG,2010,32549.99823,47134.56897
Hong Kong,HKG,2011,35142.48793,50085.95933
Hong Kong,HKG,2012,36707.77423,51274.05727
Hong Kong,HKG,2013,38357.82676,53472.23072
Hungary,HUN,2003,8396.253023,15417.62289
Hungary,HUN,2004,10259.52606,16198.91678
Hungary,HUN,2005,11161.72441,17014.32672
Hungary,HUN,2006,11398.76584,18230.03521
Hungary,HUN,2007,13842.60549,18933.88843
Hungary,HUN,2008,15669.25929,20586.08921
Hungary,HUN,2009,12967.16543,20573.3759
Hungary,HUN,2010,13025.53379,21466.57422
Hungary,HUN,2011,14048.87958,22729.18447
Hungary,HUN,2012,12834.32349,22997.74493
Hungary,HUN,2013,13613.60147,24366.36598
Iceland,ISL,2003,39044.09099,32303.16578
Iceland,ISL,2004,46917.27216,35294.70583
Iceland,ISL,2005,56249.75055,36964.52768
Iceland,ISL,2006,56103.54115,38722.99858
Iceland,ISL,2007,68348.31817,40723.44413
Iceland,ISL,2008,55575.29196,42677.53536
Iceland,ISL,2009,40461.89251,41063.7324
Iceland,ISL,2010,41676.44527,38410.6693
Iceland,ISL,2011,46000.02017,39465.84594
Iceland,ISL,2012,44333.85018,40486.93782
Iceland,ISL,2013,47810.30888,42631.07549
India,IND,2003,541.1352279,2336.473081
India,IND,2004,621.3183767,2549.265889
India,IND,2005,707.008019,2830.405074
India,IND,2006,792.0259698,3138.633816
India,IND,2007,1018.166373,3484.884682
India,IND,2008,991.4846304,3637.643029
India,IND,2009,1090.317765,3920.006139
India,IND,2010,1345.770153,4315.596024
India,IND,2011,1461.671957,4635.879137
India,IND,2012,1446.98541,4916.48579
India,IND,2013,1452.195373,5250.512363
Indonesia,IDN,2003,1064.509447,5305.683329
Indonesia,IDN,2004,1148.569096,5647.24128
Indonesia,IDN,2005,1260.928834,6076.577888
Indonesia,IDN,2006,1586.20504,6517.949093
Indonesia,IDN,2007,1855.093915,7019.74893
Indonesia,IDN,2008,2160.527606,7486.01947
Indonesia,IDN,2009,2254.445606,7787.123624
Indonesia,IDN,2010,3113.480635,8262.899269
Indonesia,IDN,2011,3634.276805,8837.820122
Indonesia,IDN,2012,3687.953996,9421.586953
Indonesia,IDN,2013,3620.663981,9979.517292
Iran,IRN,2003,2231.342796,11498.63183
Iran,IRN,2004,2638.679075,12184.74734
Iran,IRN,2005,3121.844906,12956.36346
Iran,IRN,2006,3631.243047,13956.43757
Iran,IRN,2007,4685.121719,15459.68167
Iran,IRN,2008,5452.489671,15730.67917
Iran,IRN,2009,5414.456355,16031.71744
Iran,IRN,2010,6273.378441,17090.77465
Iran,IRN,2011,7842.434673,17876.1888
Iran,IRN,2012,7680.600644,16788.39915
Iran,IRN,2013,6607.068354,16521.26262
Iraq,IRQ,2003,,5989.836823
Iraq,IRQ,2004,1391.816923,9239.309706
Iraq,IRQ,2005,1849.603911,9701.238056
Iraq,IRQ,2006,2351.812429,10740.83541
Iraq,IRQ,2007,3129.224922,10905.91196
Iraq,IRQ,2008,4521.03247,11736.73816
Iraq,IRQ,2009,3735.144836,11905.19641
Iraq,IRQ,2010,4502.749048,12460.33797
Iraq,IRQ,2011,5854.614497,13261.60145
Iraq,IRQ,2012,6651.12242,14895.39198
Iraq,IRQ,2013,6925.224046,15603.90725
Ireland,IRL,2003,41107.15532,36235.84691
Ireland,IRL,2004,47631.06377,38696.59078
Ireland,IRL,2005,50886.82789,40444.61322
Ireland,IRL,2006,54326.09713,44246.445
Ireland,IRL,2007,61388.17457,46763.0426
Ireland,IRL,2008,61235.40105,44264.43019
Ireland,IRL,2009,51983.78892,41567.21192
Ireland,IRL,2010,48538.58776,43221.45984
Ireland,IRL,2011,52567.52568,45477.0109
Ireland,IRL,2012,49231.36254,46552.98012
Ireland,IRL,2013,52034.76736,48310.047
Israel,ISR,2003,18946.99942,23788.00887
Israel,ISR,2004,19888.172,25222.88543
Israel,ISR,2005,20611.17931,24885.21849
Israel,ISR,2006,21905.01769,25775.11425
Israel,ISR,2007,25008.6037,27623.89333
Israel,ISR,2008,29657.44201,27516.22992
Israel,ISR,2009,27795.87671,27578.42911
Israel,ISR,2010,30661.99004,28856.10274
Israel,ISR,2011,33657.15727,30528.74772
Israel,ISR,2012,32569.59683,31750.63001
Israel,ISR,2013,36393.66932,34225.29035
Italy,ITA,2003,27387.2258,29079.55062
Italy,ITA,2004,31174.56118,29468.15937
Italy,ITA,2005,31959.26215,30051.77252
Italy,ITA,2006,33410.7482,32350.57784
Italy,ITA,2007,37698.78573,33983.15182
Italy,ITA,2008,40640.18465,35402.91755
Italy,ITA,2009,36976.84512,34549.27609
Italy,ITA,2010,35849.37364,35075.7532
Italy,ITA,2011,38334.68477,36347.34335
Italy,ITA,2012,34814.12436,36237.10964
Italy,ITA,2013,35370.27441,36131.13125
Jamaica,JAM,2003,3465.221998,6989.42444
Jamaica,JAM,2004,3719.97351,7233.303308
Jamaica,JAM,2005,4082.240762,7489.149502
Jamaica,JAM,2006,4313.160082,7898.118379
Jamaica,JAM,2007,4620.517913,8179.415263
Jamaica,JAM,2008,4902.492378,8228.632437
Jamaica,JAM,2009,4293.383274,7892.395196
Jamaica,JAM,2010,4682.728424,7834.754034
Jamaica,JAM,2011,5103.549487,8099.462488
Jamaica,JAM,2012,5210.303363,8164.176835
Jamaica,JAM,2013,5006.144952,8306.191233
Japan,JPN,2003,34808.39092,28867.92278
Japan,JPN,2004,37688.72234,30382.78917
Japan,JPN,2005,37217.64873,31663.4531
Japan,JPN,2006,35433.98896,33057.58961
Japan,JPN,2007,35275.22843,34529.13336
Japan,JPN,2008,39339.29757,34798.7659
Japan,JPN,2009,40855.17564,33099.27036
Japan,JPN,2010,44507.67639,34996.32446
Japan,JPN,2011,48167.99727,35774.69671
Japan,JPN,2012,48603.47665,37191.38595
Japan,JPN,2013,40454.44746,38974.07949
Jordan,JOR,2003,1889.213962,6662.089855
Jordan,JOR,2004,2061.456882,7245.362016
Jordan,JOR,2005,2203.083787,7835.062165
Jordan,JOR,2006,2537.30049,8405.573025
Jordan,JOR,2007,2762.806354,8944.458978
Jordan,JOR,2008,3385.609665,9332.511213
Jordan,JOR,2009,3492.130906,9436.645425
Jordan,JOR,2010,3679.190275,9281.116135
Jordan,JOR,2011,3807.324145,9214.206624
Jordan,JOR,2012,3870.753211,9129.319794
Jordan,JOR,2013,3992.867107,9062.010176
Kazakhstan,KAZ,2003,2068.123657,11360.99333
Kazakhstan,KAZ,2004,2874.288291,12705.43385
Kazakhstan,KAZ,2005,3771.278957,14259.0187
Kazakhstan,KAZ,2006,5291.57565,16098.51091
Kazakhstan,KAZ,2007,6771.414797,17793.14788
Kazakhstan,KAZ,2008,8513.564645,18513.92541
Kazakhstan,KAZ,2009,7165.27705,18387.20191
Kazakhstan,KAZ,2010,9070.649972,19690.38497
Kazakhstan,KAZ,2011,11634.42422,21277.70637
Kazakhstan,KAZ,2012,12387.18982,22392.20367
Kazakhstan,KAZ,2013,13890.85601,23773.81933
Kenya,KEN,2003,436.6875357,1771.60072
Kenya,KEN,2004,458.8843551,1861.732531
Kenya,KEN,2005,519.7999346,1980.18918
Kenya,KEN,2006,697.0066385,2114.259743
Kenya,KEN,2007,839.1081117,2256.26789
Kenya,KEN,2008,916.8992515,2243.288394
Kenya,KEN,2009,920.0816252,2271.887012
Kenya,KEN,2010,967.3400773,2425.760617
Kenya,KEN,2011,987.4453967,2556.870916
Kenya,KEN,2012,1155.020582,2650.443328
Kenya,KEN,2013,1229.114798,2776.526567
Kiribati,KIR,2003,1015.038605,1669.000139
Kiribati,KIR,2004,1130.602806,1656.264798
Kiribati,KIR,2005,1214.556667,1759.55826
Kiribati,KIR,2006,1151.555618,1748.301393
Kiribati,KIR,2007,1357.632211,1795.291131
Kiribati,KIR,2008,1413.30234,1757.832584
Kiribati,KIR,2009,1297.285141,1738.725516
Kiribati,KIR,2010,1493.16051,1696.511974
Kiribati,KIR,2011,1692.613277,1706.480953
Kiribati,KIR,2012,1763.815497,1794.518408
Kiribati,KIR,2013,1724.361737,1894.779074
Kuwait,KWT,2003,22071.56961,67552.42741
Kuwait,KWT,2004,26921.08278,75528.22353
Kuwait,KWT,2005,35490.26132,83224.57488
Kuwait,KWT,2006,42717.55725,88328.01607
Kuwait,KWT,2007,45793.97614,91268.60723
Kuwait,KWT,2008,55571.99806,90011.78217
Kuwait,KWT,2009,37567.30121,79296.86474
Kuwait,KWT,2010,38497.61696,73682.86838
Kuwait,KWT,2011,48268.5912,77459.53831
Kuwait,KWT,2012,51264.07134,79047.76387
Kuwait,KWT,2013,48399.90581,76667.70633
Kyrgyzstan,KGZ,2003,380.5073624,1906.556261
Kyrgyzstan,KGZ,2004,433.2351189,2071.417492
Kyrgyzstan,KGZ,2005,476.55213,2110.377936
Kyrgyzstan,KGZ,2006,543.1107024,2218.727934
Kyrgyzstan,KGZ,2007,721.7686908,2448.899199
Kyrgyzstan,KGZ,2008,966.3936272,2681.122187
Kyrgyzstan,KGZ,2009,871.2243893,2746.102655
Kyrgyzstan,KGZ,2010,880.0377751,2733.729337
Kyrgyzstan,KGZ,2011,1123.883168,2920.60321
Kyrgyzstan,KGZ,2012,1177.974735,2922.702873
Kyrgyzstan,KGZ,2013,1282.437162,3229.349349
Latvia,LVA,2003,5134.905694,11025.95886
Latvia,LVA,2004,6351.080125,12223.02121
Latvia,LVA,2005,7558.742006,13847.59667
Latvia,LVA,2006,9667.9757,15761.59961
Latvia,LVA,2007,14044.01589,18122.174
Latvia,LVA,2008,16348.53121,19432.2592
Latvia,LVA,2009,12219.37379,16889.03651
Latvia,LVA,2010,11326.21947,17592.62793
Latvia,LVA,2011,13702.68947,19773.24353
Latvia,LVA,2012,13822.80559,21252.7179
Latvia,LVA,2013,15032.22924,22696.81122
Lebanon,LBN,2003,5425.66907,10199.93341
Lebanon,LBN,2004,5424.22356,10635.28706
Lebanon,LBN,2005,5339.441291,10927.84895
Lebanon,LBN,2006,5372.065899,11240.14171
Lebanon,LBN,2007,6014.271115,12528.2409
Lebanon,LBN,2008,7012.775759,13856.42297
Lebanon,LBN,2009,8400.268878,15134.80035
Lebanon,LBN,2010,8763.826274,15951.95653
Lebanon,LBN,2011,8734.900653,15694.96566
Lebanon,LBN,2012,8787.946608,15245.76017
Lebanon,LBN,2013,8406.285153,14565.7376
Lesotho,LSO,2003,603.636279,1589.687042
Lesotho,LSO,2004,781.5145936,1647.615436
Lesotho,LSO,2005,862.9463118,1745.3017
Lesotho,LSO,2006,915.7757504,1859.642439
Lesotho,LSO,2007,918.4327017,1984.166649
Lesotho,LSO,2008,934.4208563,2138.77709
Lesotho,LSO,2009,923.1360931,2180.361986
Lesotho,LSO,2010,1173.260212,2326.656062
Lesotho,LSO,2011,1352.384303,2503.173766
Lesotho,LSO,2012,1281.50016,2666.440334
Lesotho,LSO,2013,1196.01335,2731.966749
Liberia,LBR,2003,133.4945108,486.2156545
Liberia,LBR,2004,149.4452549,502.9640936
Liberia,LBR,2005,168.6480254,532.3540947
Liberia,LBR,2006,178.927099,572.7162985
Liberia,LBR,2007,210.3733292,618.8861988
Liberia,LBR,2008,232.061732,648.426741
Liberia,LBR,2009,303.0667491,661.1688639
Liberia,LBR,2010,327.4205097,685.5006861
Liberia,LBR,2011,379.6895803,734.3262738
Liberia,LBR,2012,415.0361958,786.1243216
Liberia,LBR,2013,454.1222236,847.1320298
Liechtenstein,LIE,2003,89469.75087,
Liechtenstein,LIE,2004,99848.61504,
Liechtenstein,LIE,2005,104994.0183,
Liechtenstein,LIE,2006,113983.1678,
Liechtenstein,LIE,2007,130267.2433,
Liechtenstein,LIE,2008,142973.8309,
Liechtenstein,LIE,2009,125945.0096,
Liechtenstein,LIE,2010,141165.0829,
Liechtenstein,LIE,2011,158283.0763,
Liechtenstein,LIE,2012,149295.646,
Liechtenstein,LIE,2013,173528.1505,
Lithuania,LTU,2003,5505.535669,12066.98194
Lithuania,LTU,2004,6706.966998,13040.66472
Lithuania,LTU,2005,7863.162009,14526.10421
Lithuania,LTU,2006,9240.642548,16494.01145
Lithuania,LTU,2007,12297.91535,19088.06126
Lithuania,LTU,2008,14961.56818,20744.07829
Lithuania,LTU,2009,11837.39103,18164.39629
Lithuania,LTU,2010,11984.86857,20129.68803
Lithuania,LTU,2011,14357.73679,22854.21007
Lithuania,LTU,2012,14341.08306,24657.87898
Lithuania,LTU,2013,15712.82376,26717.07501
Luxembourg,LUX,2003,65445.88503,60035.75547
Luxembourg,LUX,2004,75716.35108,64096.86448
Luxembourg,LUX,2005,80289.69641,68220.06448
Luxembourg,LUX,2006,89739.7117,77996.24278
Luxembourg,LUX,2007,106018.4928,83948.78655
Luxembourg,LUX,2008,114293.8433,86693.89512
Luxembourg,LUX,2009,103198.6693,82362.30945
Luxembourg,LUX,2010,104965.3061,85779.0824
Luxembourg,LUX,2011,115761.5077,92005.01684
Luxembourg,LUX,2012,106749.0136,91622.17742
Luxembourg,LUX,2013,113751.8005,95697.10157
Macao,MAC,2003,17809.59815,41266.79807
Macao,MAC,2004,22453.19235,52457.37334
Macao,MAC,2005,25058.53593,57162.64422
Macao,MAC,2006,29979.85447,65307.16446
Macao,MAC,2007,36402.56051,75131.93835
Macao,MAC,2008,40667.88423,77584.57133
Macao,MAC,2009,40881.38064,77553.35316
Macao,MAC,2010,52374.79445,96198.241
Macao,MAC,2011,66813.34974,116752.2116
Macao,MAC,2012,76496.36619,126863.41
Macao,MAC,2013,89524.84436,140037.1156
Madagascar,MDG,2003,316.7998965,1124.373507
Madagascar,MDG,2004,245.1235876,1180.242607
Madagascar,MDG,2005,274.8197023,1237.201112
Madagascar,MDG,2006,292.1507443,1300.704121
Madagascar,MDG,2007,377.8482928,1378.26419
Madagascar,MDG,2008,470.733254,1463.094812
Madagascar,MDG,2009,415.6893226,1375.638427
Madagascar,MDG,2010,412.7309341,1357.654563
Madagascar,MDG,2011,454.963464,1367.543082
Madagascar,MDG,2012,443.9061001,1396.203885
Madagascar,MDG,2013,461.7230722,1411.918029
Malawi,MWI,2003,260.1052517,684.8543688
Malawi,MWI,2004,274.2256294,721.9696787
Malawi,MWI,2005,280.3673842,748.0958764
Malawi,MWI,2006,297.6971211,783.9016678
Malawi,MWI,2007,320.2227274,855.7850727
Malawi,MWI,2008,372.842678,910.9173989
Malawi,MWI,2009,420.7379657,964.3149381
Malawi,MWI,2010,458.8681744,1012.067458
Malawi,MWI,2011,512.1254051,1051.185996
Malawi,MWI,2012,374.5018802,1058.912262
Malawi,MWI,2013,332.9223039,1099.200591
Malaysia,MYS,2003,4463.675893,14411.36407
Malaysia,MYS,2004,4955.477743,15507.21495
Malaysia,MYS,2005,5593.822995,16540.79421
Malaysia,MYS,2006,6222.982955,17667.75359
Malaysia,MYS,2007,7269.17114,19488.42784
Malaysia,MYS,2008,8513.629541,20162.89782
Malaysia,MYS,2009,7326.744435,19448.27568
Malaysia,MYS,2010,9071.356987,20680.32076
Malaysia,MYS,2011,10405.12062,21818.87569
Malaysia,MYS,2012,10779.49641,23007.12867
Malaysia,MYS,2013,10882.27842,24033.99905
Maldives,MDV,2003,3432.247841,6788.425933
Maldives,MDV,2004,3853.333408,7690.620625
Maldives,MDV,2005,3488.493769,7088.648653
Maldives,MDV,2006,4428.522898,8443.880725
Maldives,MDV,2007,5002.862285,9112.530361
Maldives,MDV,2008,5828.621374,10092.70551
Maldives,MDV,2009,5970.16059,9681.450619
Maldives,MDV,2010,6330.79498,10301.70575
Maldives,MDV,2011,6497.550443,11126.94559
Maldives,MDV,2012,6541.070465,11373.46296
Maldives,MDV,2013,7112.33575,11853.99048
Mali,MLI,2003,391.7912801,1456.524978
Mali,MLI,2004,439.3572924,1472.481882
Mali,MLI,2005,487.9402556,1567.708574
Mali,MLI,2006,521.6425796,1636.445353
Mali,MLI,2007,595.6368319,1681.662578
Mali,MLI,2008,689.6784228,1737.714752
Mali,MLI,2009,697.0153124,1774.06535
Mali,MLI,2010,708.3707632,1834.117059
Mali,MLI,2011,835.0889098,1874.70303
Mali,MLI,2012,777.3476868,1838.190576
Mali,MLI,2013,777.6059139,1856.267363
Malta,MLT,2003,13689.98999,20936.43446
Malta,MLT,2004,15109.05497,21416.18423
Malta,MLT,2005,15835.34667,22232.5243
Malta,MLT,2006,16671.5672,23237.2496
Malta,MLT,2007,19375.5696,24883.59202
Malta,MLT,2008,21928.70067,26193.13654
Malta,MLT,2009,20675.58259,26166.23352
Malta,MLT,2010,21087.79469,27862.85075
Malta,MLT,2011,22821.8407,28595.32256
Malta,MLT,2012,21930.80836,29442.56989
Malta,MLT,2013,23930.18808,31240.14324
Marshall Islands,MHL,2003,2434.714867,2613.206139
Marshall Islands,MHL,2004,2517.694051,2685.73837
Marshall Islands,MHL,2005,2646.133897,2849.435452
Marshall Islands,MHL,2006,2758.489189,2992.148698
Marshall Islands,MHL,2007,2893.369359,3177.372119
Marshall Islands,MHL,2008,2928.130147,3181.758273
Marshall Islands,MHL,2009,2917.262997,3144.974848
Marshall Islands,MHL,2010,3142.609442,3381.540501
Marshall Islands,MHL,2011,3286.416581,3501.420746
Marshall Islands,MHL,2012,3513.962364,3689.353766
Marshall Islands,MHL,2013,3617.752354,3827.928886
Mauritania,MRT,2003,528.5806613,2302.994958
Mauritania,MRT,2004,602.547286,2431.841423
Mauritania,MRT,2005,697.7451989,2658.436435
Mauritania,MRT,2006,944.1304851,3166.192905
Mauritania,MRT,2007,1013.31028,3249.220341
Mauritania,MRT,2008,1167.535689,3255.497599
Mauritania,MRT,2009,1046.838051,3154.620763
Mauritania,MRT,2010,1203.383675,3249.876929
Mauritania,MRT,2011,1393.261593,3371.994582
Mauritania,MRT,2012,1364.283745,3526.34393
Mauritania,MRT,2013,1450.578038,3689.8449
Mauritius,MUS,2003,4623.347642,9876.46913
Mauritius,MUS,2004,5229.876738,10664.04277
Mauritius,MUS,2005,5116.045424,11078.02723
Mauritius,MUS,2006,5695.969327,12335.63549
Mauritius,MUS,2007,6574.654338,13328.34086
Mauritius,MUS,2008,8030.063005,14270.16945
Mauritius,MUS,2009,7318.12641,14815.80799
Mauritius,MUS,2010,8000.376432,15616.00684
Mauritius,MUS,2011,9197.026972,16561.77098
Mauritius,MUS,2012,9291.227619,17408.1887
Mauritius,MUS,2013,9637.00265,18243.51278
Mexico,MEX,2003,6751.998987,10713.42841
Mexico,MEX,2004,7199.059665,11330.65912
Mexico,MEX,2005,7986.798439,12212.85479
Mexico,MEX,2006,8767.920258,13298.25613
Mexico,MEX,2007,9330.341687,13877.28538
Mexico,MEX,2008,9689.052887,14436.81504
Mexico,MEX,2009,7748.123301,14092.23703
Mexico,MEX,2010,8959.581416,14764.81003
Mexico,MEX,2011,9834.472689,15922.89816
Mexico,MEX,2012,9820.532572,16457.09495
Mexico,MEX,2013,10298.86766,16683.30143
Monaco,MCO,2003,108978.4897,
Monaco,MCO,2004,123382.0149,
Monaco,MCO,2005,126655.5981,
Monaco,MCO,2006,135535.0024,
Monaco,MCO,2007,170156.6944,
Monaco,MCO,2008,192989.1895,
Monaco,MCO,2009,152111.598,
Monaco,MCO,2010,144246.3688,
Monaco,MCO,2011,162009.8778,
Mongolia,MNG,2003,646.0561295,4377.923269
Mongolia,MNG,2004,797.8377432,4921.366938
Mongolia,MNG,2005,998.8226671,5384.323061
Mongolia,MNG,2006,1334.651896,5950.249147
Mongolia,MNG,2007,1634.081431,6647.15375
Mongolia,MNG,2008,2139.625631,7278.375516
Mongolia,MNG,2009,1717.898761,7131.643482
Mongolia,MNG,2010,2650.353659,7552.665573
Mongolia,MNG,2011,3769.595255,8881.484717
Mongolia,MNG,2012,4368.082248,9969.14017
Mongolia,MNG,2013,4385.379355,11093.85002
Montenegro,MNE,2003,2789.10735,7332.187702
Montenegro,MNE,2004,3380.199535,7840.739325
Montenegro,MNE,2005,3674.617924,8313.662219
Montenegro,MNE,2006,4383.595097,10354.47258
Montenegro,MNE,2007,5957.145693,12402.41502
Montenegro,MNE,2008,7325.703474,13737.72309
Montenegro,MNE,2009,6698.079439,12981.8147
Montenegro,MNE,2010,6682.281158,13661.36953
Montenegro,MNE,2011,7318.742449,14472.39423
Montenegro,MNE,2012,6586.719209,13863.86325
Montenegro,MNE,2013,7186.429787,14883.58359
Morocco,MAR,2003,1721.973863,4257.963493
Morocco,MAR,2004,1948.812275,4530.82369
Morocco,MAR,2005,2013.755559,4773.984071
Morocco,MAR,2006,2191.478567,5232.009118
Morocco,MAR,2007,2494.353552,5496.643132
Morocco,MAR,2008,2884.94776,5866.564216
Morocco,MAR,2009,2861.554005,6086.340164
Morocco,MAR,2010,2834.20472,6312.915427
Morocco,MAR,2011,3039.916016,6688.402606
Morocco,MAR,2012,2904.746728,6916.435024
Morocco,MAR,2013,3111.762887,7239.873106
Mozambique,MOZ,2003,283.8911588,564.3082393
Mozambique,MOZ,2004,336.3318145,606.7713797
Mozambique,MOZ,2005,369.1545359,661.0487226
Mozambique,MOZ,2006,385.7567141,726.7897526
Mozambique,MOZ,2007,422.1461573,778.3873547
Mozambique,MOZ,2008,503.1277109,823.7864481
Mozambique,MOZ,2009,463.852618,857.3459027
Mozambique,MOZ,2010,419.2258149,899.1987281
Mozambique,MOZ,2011,526.5313517,954.7991162
Mozambique,MOZ,2012,566.0513873,1012.437187
Mozambique,MOZ,2013,605.9856081,1070.663568
Myanmar,MMR,2003,219.782326,1507.493596
Myanmar,MMR,2004,219.8156688,1742.632258
Myanmar,MMR,2005,247.2427006,2025.540178
Myanmar,MMR,2006,296.9007284,2343.183622
Myanmar,MMR,2007,410.4500001,2676.190656
Myanmar,MMR,2008,643.9513703,2989.784895
Myanmar,MMR,2009,741.0777116,3308.846366
Myanmar,MMR,2010,987.7365832,3645.936435
Myanmar,MMR,2011,1186.423937,3898.414627
Myanmar,MMR,2012,1171.508257,4225.119352
Myanmar,MMR,2013,1168.803947,4613.339782
Namibia,NAM,2003,2482.36862,5416.672926
Namibia,NAM,2004,3288.257373,6177.919402
Namibia,NAM,2005,3573.146387,6464.093344
Namibia,NAM,2006,3881.209535,7052.267894
Namibia,NAM,2007,4202.510968,7629.285893
Namibia,NAM,2008,4029.065061,7884.762889
Namibia,NAM,2009,4153.497885,7853.818998
Namibia,NAM,2010,5191.583081,8289.696027
Namibia,NAM,2011,5600.971392,8721.255524
Namibia,NAM,2012,5749.404752,9132.342914
Namibia,NAM,2013,5488.131712,9581.97861
Nauru,NRU,2007,2028.063733,3726.448419
Nauru,NRU,2008,3914.956935,5121.55759
Nauru,NRU,2009,4416.728353,5617.956282
Nauru,NRU,2010,4912.599558,6459.080878
Nauru,NRU,2011,7233.946609,7339.304367
Nauru,NRU,2012,10099.422,8050.704559
Nauru,NRU,2013,10036.18321,10429.8055
Nepal,NPL,2003,253.7200412,1341.498888
Nepal,NPL,2004,287.4001056,1422.473508
Nepal,NPL,2005,317.089198,1499.722461
Nepal,NPL,2006,348.6314534,1579.309241
Nepal,NPL,2007,393.8843518,1659.113785
Nepal,NPL,2008,473.8444409,1777.233566
Nepal,NPL,2009,480.7200909,1853.338355
Nepal,NPL,2010,592.1835216,1945.806681
Nepal,NPL,2011,692.1166842,2031.087465
Nepal,NPL,2012,681.7925868,2142.098495
Nepal,NPL,2013,688.6172788,2239.403285
Netherlands,NLD,2003,35245.16407,33701.44031
Netherlands,NLD,2004,39954.64222,35440.76332
Netherlands,NLD,2005,41577.16009,37265.34509
Netherlands,NLD,2006,44453.97119,40620.75965
Netherlands,NLD,2007,51241.31562,43462.04905
Netherlands,NLD,2008,56928.82048,45843.89223
Netherlands,NLD,2009,51900.34009,44090.32519
Netherlands,NLD,2010,50338.25483,44585.52623
Netherlands,NLD,2011,53540.60536,46066.65241
Netherlands,NLD,2012,49474.70561,46707.26971
Netherlands,NLD,2013,51574.48942,48666.31785
New Zealand,NZL,2003,21913.70817,23963.53112
New Zealand,NZL,2004,25420.39935,25086.62497
New Zealand,NZL,2005,27750.89515,25677.26149
New Zealand,NZL,2006,26670.86452,27767.22048
New Zealand,NZL,2007,32509.73471,29386.94768
New Zealand,NZL,2008,31287.77865,29860.37025
New Zealand,NZL,2009,28200.94193,30699.30419
New Zealand,NZL,2010,33691.34837,31263.78579
New Zealand,NZL,2011,38426.55081,32734.53667
New Zealand,NZL,2012,39970.25624,32986.03121
New Zealand,NZL,2013,42889.88141,36169.44879
Nicaragua,NIC,2003,1015.565314,2959.810136
Nicaragua,NIC,2004,1091.505157,3161.236389
Nicaragua,NIC,2005,1175.116225,3358.645014
Nicaragua,NIC,2006,1240.992617,3546.813453
Nicaragua,NIC,2007,1344.301871,3776.233358
Nicaragua,NIC,2008,1518.805386,3931.054301
Nicaragua,NIC,2009,1464.497754,3781.76748
Nicaragua,NIC,2010,1526.497938,3947.216766
Nicaragua,NIC,2011,1682.957924,4231.497518
Nicaragua,NIC,2012,1792.038045,4535.284737
Nicaragua,NIC,2013,1847.198049,4779.773333
Niger,NER,2003,215.8050408,658.87221
Niger,NER,2004,232.5661574,653.3958276
Niger,NER,2005,250.0383731,679.3362639
Niger,NER,2006,258.0463873,713.8950093
Niger,NER,2007,292.55962,728.3174884
Niger,NER,2008,354.8185998,783.8666854
Niger,NER,2009,341.2894618,755.1622156
Niger,NER,2010,348.151511,797.5117415
Niger,NER,2011,375.5819866,801.6042311
Niger,NER,2012,391.5155024,878.47678
Niger,NER,2013,416.1400838,904.2634903
Niger,NER,2003,215.8050408,658.87221
Niger,NER,2004,232.5661574,653.3958276
Niger,NER,2005,250.0383731,679.3362639
Niger,NER,2006,258.0463873,713.8950093
Niger,NER,2007,292.55962,728.3174884
Niger,NER,2008,354.8185998,783.8666854
Niger,NER,2009,341.2894618,755.1622156
Niger,NER,2010,348.151511,797.5117415
Niger,NER,2011,375.5819866,801.6042311
Niger,NER,2012,391.5155024,878.47678
Niger,NER,2013,416.1400838,904.2634903
Nigeria,NGA,2003,512.650719,2650.976241
Nigeria,NGA,2004,648.8150852,3550.744733
Nigeria,NGA,2005,807.8938738,3694.485774
Nigeria,NGA,2006,1019.743286,4014.48935
Nigeria,NGA,2007,1136.829645,4288.395313
Nigeria,NGA,2008,1383.893354,4525.212182
Nigeria,NGA,2009,1097.661422,4747.714933
Nigeria,NGA,2010,2327.32067,5045.978167
Nigeria,NGA,2011,2527.942003,5259.295504
Nigeria,NGA,2012,2755.297787,5437.807117
Nigeria,NGA,2013,2996.964302,5670.102575
Northern Mariana Islands,MNP,2003,18376.79096,
Northern Mariana Islands,MNP,2004,18427.42488,
Northern Mariana Islands,MNP,2005,16644.70382,
Northern Mariana Islands,MNP,2006,16048.50214,
Northern Mariana Islands,MNP,2007,15761.26225,
Northern Mariana Islands,MNP,2008,16350.05485,
Northern Mariana Islands,MNP,2009,14279.55599,
Northern Mariana Islands,MNP,2010,14681.02308,
Northern Mariana Islands,MNP,2011,13628.08166,
Northern Mariana Islands,MNP,2012,13980.41625,
Northern Mariana Islands,MNP,2013,14434.82123,
Norway,NOR,2003,50111.65445,38530.80313
Norway,NOR,2004,57570.26916,42516.43221
Norway,NOR,2005,66775.3944,47772.43008
Norway,NOR,2006,74114.69715,54110.88265
Norway,NOR,2007,85128.65759,55847.13872
Norway,NOR,2008,96880.50961,61676.11957
Norway,NOR,2009,80017.77681,55459.98967
Norway,NOR,2010,87646.75346,57995.86019
Norway,NOR,2011,100574.9861,62060.95853
Norway,NOR,2012,101563.7027,65380.24599
Norway,NOR,2013,102910.435,66959.29085
Oman,OMN,2003,9069.810206,35298.35495
Oman,OMN,2004,10129.28886,35843.54282
Oman,OMN,2005,12376.97936,36913.87857
Oman,OMN,2006,14408.0505,38978.70023
Oman,OMN,2007,15805.13226,40545.66761
Oman,OMN,2008,22075.03536,43170.35665
Oman,OMN,2009,16784.34616,44172.88
Oman,OMN,2010,19280.74739,44417.76806
Oman,OMN,2011,20986.00036,42121.26212
Oman,OMN,2012,22134.91006,43822.19815
Oman,OMN,2013,21268.7564,43386.32651
Pakistan,PAK,2003,563.594342,3037.222837
Pakistan,PAK,2004,649.8048233,3282.315892
Pakistan,PAK,2005,711.4699463,3573.525102
Pakistan,PAK,2006,873.7702727,3831.577823
Pakistan,PAK,2007,950.4327931,4040.345942
Pakistan,PAK,2008,1039.312088,4104.907382
Pakistan,PAK,2009,1006.603999,4166.508041
Pakistan,PAK,2010,1040.142268,4196.955809
Pakistan,PAK,2011,1226.215314,4309.763713
Pakistan,PAK,2012,1261.208967,4447.90271
Pakistan,PAK,2013,1272.441061,4619.744539
Palau,PLW,2003,8116.751269,11597.76027
Palau,PLW,2004,8851.747122,12677.56354
Palau,PLW,2005,9710.640008,13182.09864
Palau,PLW,2006,9729.162502,13144.5549
Palau,PLW,2007,9743.487771,13417.46886
Palau,PLW,2008,9793.355745,12844.66577
Palau,PLW,2009,9163.307443,11701.6897
Palau,PLW,2010,8978.993649,12157.3001
Palau,PLW,2011,9704.35458,12952.30756
Palau,PLW,2012,10318.91319,13508.73291
Palau,PLW,2013,10932.12237,13288.75982
Panama,PAN,2003,4267.13578,8979.202572
Panama,PAN,2004,4591.892776,9736.941397
Panama,PAN,2005,4916.54886,10575.91228
Panama,PAN,2006,5348.518399,11629.48404
Panama,PAN,2007,6068.086607,13130.12604
Panama,PAN,2008,6973.92804,14282.29774
Panama,PAN,2009,7429.628274,14362.96335
Panama,PAN,2010,7937.259931,15107.42948
Panama,PAN,2011,9270.723171,16939.88317
Panama,PAN,2012,10589.82713,18518.8416
Panama,PAN,2013,11685.97983,19721.9435
Papua New Guinea,PNG,2003,588.3582595,1420.338192
Papua New Guinea,PNG,2004,637.3616215,1462.41803
Papua New Guinea,PNG,2005,770.5773486,1566.303803
Papua New Guinea,PNG,2006,854.3469021,1611.761482
Papua New Guinea,PNG,2007,956.6608952,1730.820994
Papua New Guinea,PNG,2008,1178.702469,1837.292364
Papua New Guinea,PNG,2009,1166.66337,1919.613138
Papua New Guinea,PNG,2010,1366.879112,2044.848991
Papua New Guinea,PNG,2011,1770.867119,2258.553251
Papua New Guinea,PNG,2012,2071.318741,2432.15306
Papua New Guinea,PNG,2013,2029.953604,2552.626024
Paraguay,PRY,2003,1174.779347,4996.038586
Paraguay,PRY,2004,1408.527976,5251.990099
Paraguay,PRY,2005,1507.145691,5448.980231
Paraguay,PRY,2006,1809.710539,5799.018833
Paraguay,PRY,2007,2312.192926,6188.424453
Paraguay,PRY,2008,3059.992184,6621.219162
Paraguay,PRY,2009,2599.596259,6322.535061
Paraguay,PRY,2010,3225.591754,7142.057039
Paraguay,PRY,2011,3988.011894,7504.653644
Paraguay,PRY,2012,3855.537735,7447.108184
Paraguay,PRY,2013,4479.905858,8514.08188
Peru,PER,2003,2180.250997,5858.862946
Peru,PER,2004,2448.143899,6240.731544
Peru,PER,2005,2754.780029,6762.772656
Peru,PER,2006,3171.498056,7404.295238
Peru,PER,2007,3611.21047,8148.92185
Peru,PER,2008,4208.878011,8956.515287
Peru,PER,2009,4166.093387,9010.325505
Peru,PER,2010,5022.493191,9755.149148
Peru,PER,2011,5771.565878,10449.09326
Peru,PER,2012,6387.785281,11145.5119
Peru,PER,2013,6583.116248,11828.80684
Philippines,PHL,2003,1010.553196,3729.011059
Philippines,PHL,2004,1079.03715,4008.678809
Philippines,PHL,2005,1194.697155,4255.159861
Philippines,PHL,2006,1391.772325,4535.140605
Philippines,PHL,2007,1672.685433,4881.396479
Philippines,PHL,2008,1919.466195,5100.535714
Philippines,PHL,2009,1825.341521,5115.481643
Philippines,PHL,2010,2129.499242,5483.620757
Philippines,PHL,2011,2352.518156,5707.204842
Philippines,PHL,2012,2581.818554,6099.120754
Philippines,PHL,2013,2760.289146,6526.650182
Poland,POL,2003,5693.52416,12256.4189
Poland,POL,2004,6681.178818,13350.52408
Poland,POL,2005,8021.251569,13895.92354
Poland,POL,2006,9040.770206,15150.8957
Poland,POL,2007,11260.31852,16781.37789
Poland,POL,2008,14001.44688,18310.44321
Poland,POL,2009,11527.59323,19266.12953
Poland,POL,2010,12599.52486,21089.01108
Poland,POL,2011,13893.18768,22850.47842
Poland,POL,2012,13145.10484,23832.72702
Poland,POL,2013,13780.54911,24718.4568
Portugal,PRT,2003,15772.7334,20839.63403
Portugal,PRT,2004,18045.5881,21490.81623
Portugal,PRT,2005,18784.9485,22739.58966
Portugal,PRT,2006,19821.44463,24669.56698
Portugal,PRT,2007,22780.05845,25695.86767
Portugal,PRT,2008,24815.60884,26631.56396
Portugal,PRT,2009,23063.97161,26496.18036
Portugal,PRT,2010,22538.65408,27360.96112
Portugal,PRT,2011,23196.18375,26780.21491
Portugal,PRT,2012,20577.40264,26454.1026
Portugal,PRT,2013,21618.73534,27899.50947
Puerto Rico,PRI,2003,19820.20729,30727.86275
Puerto Rico,PRI,2004,20988.99233,32122.19033
Puerto Rico,PRI,2005,21959.32271,33392.4209
Puerto Rico,PRI,2006,22935.94115,34256.91035
Puerto Rico,PRI,2007,23664.88235,34198.68848
Puerto Rico,PRI,2008,24898.33884,34443.78037
Puerto Rico,PRI,2009,25768.73605,34071.24489
Puerto Rico,PRI,2010,26435.74019,33756.81593
Puerto Rico,PRI,2011,27278.87489,34195.64085
Puerto Rico,PRI,2012,27811.54815,34272.19499
Puerto Rico,PRI,2013,28703.74835,35023.68622
Qatar,QAT,2003,34176.98183,90348.99372
Qatar,QAT,2004,41818.35256,100426.5461
Qatar,QAT,2005,51488.49529,97767.19034
Qatar,QAT,2006,60256.55926,108831.2524
Qatar,QAT,2007,67005.61258,111959.8615
Qatar,QAT,2008,82967.37228,115012.4503
Qatar,QAT,2009,61478.23813,113312.8522
Qatar,QAT,2010,70306.22784,122609.4108
Qatar,QAT,2011,85948.07046,129349.9164
Qatar,QAT,2012,88564.82298,127610.2088
Qatar,QAT,2013,88304.87958,126913.0354
Romania,ROU,2003,2774.955806,7820.422076
Romania,ROU,2004,3552.92452,9137.526291
Romania,ROU,2005,4676.315183,9723.534337
Romania,ROU,2006,5828.745662,11694.25581
Romania,ROU,2007,8214.185378,13442.61225
Romania,ROU,2008,10136.47356,16302.02586
Romania,ROU,2009,8220.108329,16013.18023
Romania,ROU,2010,8297.483621,17180.51047
Romania,ROU,2011,9200.277825,18094.96422
Romania,ROU,2012,8558.397606,18983.33068
Romania,ROU,2013,9585.266593,19877.45154
Rwanda,RWA,2003,212.6619491,765.3915035
Rwanda,RWA,2004,236.9114381,831.5255923
Rwanda,RWA,2005,287.0931877,920.766713
Rwanda,RWA,2006,342.3656294,1012.478964
Rwanda,RWA,2007,404.8533039,1090.846245
Rwanda,RWA,2008,500.6687264,1203.148258
Rwanda,RWA,2009,539.1538211,1253.737805
Rwanda,RWA,2010,563.4910487,1325.781621
Rwanda,RWA,2011,617.3107648,1421.185929
Rwanda,RWA,2012,678.0796973,1535.482646
Rwanda,RWA,2013,688.8768557,1592.823423
Saint Kitts and Nevis,KNA,2003,9847.603546,16939.39355
Saint Kitts and Nevis,KNA,2004,10476.36357,17782.946
Saint Kitts and Nevis,KNA,2005,11173.76056,19702.29004
Saint Kitts and Nevis,KNA,2006,12928.6329,20423.90676
Saint Kitts and Nevis,KNA,2007,13538.92858,20689.53149
Saint Kitts and Nevis,KNA,2008,14681.36684,22178.10625
Saint Kitts and Nevis,KNA,2009,14212.33957,21435.71875
Saint Kitts and Nevis,KNA,2010,13704.25445,20979.06198
Saint Kitts and Nevis,KNA,2011,14483.44351,21689.30389
Saint Kitts and Nevis,KNA,2012,13965.55811,21711.94624
Saint Kitts and Nevis,KNA,2013,14823.74859,23180.10555
Saint Lucia,LCA,2003,5117.859195,8276.905538
Saint Lucia,LCA,2004,5504.479,9082.870502
Saint Lucia,LCA,2005,5810.177324,9245.906004
Saint Lucia,LCA,2006,6424.257427,10076.93316
Saint Lucia,LCA,2007,6877.518168,10327.02701
Saint Lucia,LCA,2008,7014.985314,10844.21205
Saint Lucia,LCA,2009,6905.251306,10772.70825
Saint Lucia,LCA,2010,7196.041342,10622.28946
Saint Lucia,LCA,2011,7367.020393,10789.17214
Saint Lucia,LCA,2012,7428.806631,10766.62182
Saint Lucia,LCA,2013,7503.428129,10895.9278
Saint Vincent and the Grenadines,VCT,2003,4446.758618,7355.446827
Saint Vincent and the Grenadines,VCT,2004,4808.215911,7856.665659
Saint Vincent and the Grenadines,VCT,2005,5064.451065,8297.089193
Saint Vincent and the Grenadines,VCT,2006,5609.649007,9195.722438
Saint Vincent and the Grenadines,VCT,2007,5977.544681,9279.215456
Saint Vincent and the Grenadines,VCT,2008,6370.437886,10081.1108
Saint Vincent and the Grenadines,VCT,2009,6177.610514,9936.444577
Saint Vincent and the Grenadines,VCT,2010,6231.770232,9714.99908
Saint Vincent and the Grenadines,VCT,2011,6183.676822,9871.648577
Saint Vincent and the Grenadines,VCT,2012,6338.117781,10193.50417
Saint Vincent and the Grenadines,VCT,2013,6597.211381,10548.69245
Samoa,WSM,2003,1907.209417,4162.730362
Samoa,WSM,2004,2351.033814,4447.004781
Samoa,WSM,2005,2571.262348,4750.376751
Samoa,WSM,2006,2807.963899,4960.601363
Samoa,WSM,2007,3022.543121,5379.200683
Samoa,WSM,2008,3509.820223,5502.633675
Samoa,WSM,2009,3035.112838,5240.709277
Samoa,WSM,2010,3453.487434,5290.660663
Samoa,WSM,2011,3942.009827,5667.490534
Samoa,WSM,2012,4234.554443,5748.263641
Samoa,WSM,2013,4219.065123,5681.20542
San Marino,SMR,2003,39411.15762,
San Marino,SMR,2004,45637.00667,
San Marino,SMR,2005,47038.87156,
San Marino,SMR,2006,49604.9215,
San Marino,SMR,2007,56295.40528,
San Marino,SMR,2008,62596.94756,
Sao Tome and Principe,STP,2003,649.3402153,1764.036147
Sao Tome and Principe,STP,2004,693.3045683,1837.457262
Sao Tome and Principe,STP,2005,810.860157,1983.3395
Sao Tome and Principe,STP,2006,843.8009447,2178.848988
Sao Tome and Principe,STP,2007,894.0927988,2256.185213
Sao Tome and Principe,STP,2008,1126.462102,2431.922089
Sao Tome and Principe,STP,2009,1099.571046,2452.539599
Sao Tome and Principe,STP,2010,1129.754961,2588.079743
Sao Tome and Principe,STP,2011,1304.326189,2695.629542
Sao Tome and Principe,STP,2012,1380.949959,2768.233515
Sao Tome and Principe,STP,2013,1619.532678,2882.867239
Saudi Arabia,SAU,2003,9567.458285,35550.27719
Saudi Arabia,SAU,2004,11138.80746,38293.23543
Saudi Arabia,SAU,2005,13739.82945,40547.13447
Saudi Arabia,SAU,2006,15334.66994,41782.54408
Saudi Arabia,SAU,2007,16472.16605,42520.35502
Saudi Arabia,SAU,2008,20037.83234,44841.92932
Saudi Arabia,SAU,2009,16094.2931,43055.81069
Saudi Arabia,SAU,2010,19259.58726,44502.41931
Saudi Arabia,SAU,2011,23770.74739,48524.63249
Saudi Arabia,SAU,2012,25303.09462,50573.39065
Saudi Arabia,SAU,2013,24934.38614,51264.86615
Senegal,SEN,2003,642.7663113,1665.857782
Senegal,SEN,2004,733.0581811,1765.019728
Senegal,SEN,2005,773.8698713,1873.737614
Senegal,SEN,2006,809.8038296,1926.534515
Senegal,SEN,2007,950.3978522,2020.104627
Senegal,SEN,2008,1100.336708,2077.764364
Senegal,SEN,2009,1020.566464,2084.997148
Senegal,SEN,2010,1001.631377,2136.480863
Senegal,SEN,2011,1080.253021,2154.817596
Senegal,SEN,2012,1036.405018,2223.996483
Senegal,SEN,2013,1048.912351,2269.643472
Serbia,SRB,2003,2832.490652,7197.446245
Serbia,SRB,2004,3331.228766,8070.176454
Serbia,SRB,2005,3528.131008,8707.009057
Serbia,SRB,2006,4129.758741,9615.708895
Serbia,SRB,2007,5458.121718,10472.10853
Serbia,SRB,2008,6701.773913,11921.83264
Serbia,SRB,2009,5821.305397,11841.77607
Serbia,SRB,2010,5411.877404,12098.74634
Serbia,SRB,2011,6423.291783,12967.82735
Serbia,SRB,2012,5659.380204,13107.97215
Serbia,SRB,2013,6353.826383,13772.49685
Seychelles,SYC,2003,8524.961236,14134.48392
Seychelles,SYC,2004,10176.65871,14161.5154
Seychelles,SYC,2005,11092.51074,15859.91946
Seychelles,SYC,2006,12014.39987,17516.54847
Seychelles,SYC,2007,12154.82994,19755.66719
Seychelles,SYC,2008,11122.86207,19274.84812
Seychelles,SYC,2009,9706.95606,19131.33174
Seychelles,SYC,2010,10804.68447,19953.1605
Seychelles,SYC,2011,12189.09516,22556.58257
Seychelles,SYC,2012,12845.17363,24251.52397
Seychelles,SYC,2013,15687.34795,25655.82295
Sierra Leone,SLE,2003,263.7618312,862.726771
Sierra Leone,SLE,2004,263.1045817,901.6920778
Sierra Leone,SLE,2005,287.6891942,933.4998171
Sierra Leone,SLE,2006,322.313468,982.3090272
Sierra Leone,SLE,2007,358.8274716,1059.512973
Sierra Leone,SLE,2008,406.3759178,1110.935143
Sierra Leone,SLE,2009,394.5932439,1144.520751
Sierra Leone,SLE,2010,405.1284018,1192.596559
Sierra Leone,SLE,2011,445.052005,1246.252789
Sierra Leone,SLE,2012,561.8984239,1428.535497
Sierra Leone,SLE,2013,710.8186998,1712.832695
Singapore,SGP,2003,23573.62804,45799.71784
Singapore,SGP,2004,27405.27136,50911.46129
Singapore,SGP,2005,29869.85398,55172.92365
Singapore,SGP,2006,33579.85948,59999.29849
Singapore,SGP,2007,39223.58187,64466.04096
Singapore,SGP,2008,39721.04818,63438.30932
Singapore,SGP,2009,38577.55822,61646.83703
Singapore,SGP,2010,46569.67951,70646.82026
Singapore,SGP,2011,53166.67581,75013.18666
Singapore,SGP,2012,54431.16199,77429.42954
Singapore,SGP,2013,56029.18914,81287.83955
Slovakia,SVK,2003,8696.913242,14138.90916
Slovakia,SVK,2004,10654.79371,15198.91969
Slovakia,SVK,2005,11669.41975,16616.13454
Slovakia,SVK,2006,13139.03218,18875.52455
Slovakia,SVK,2007,16057.73314,21156.83045
Slovakia,SVK,2008,18650.35912,23691.64388
Slovakia,SVK,2009,16512.98197,23082.79056
Slovakia,SVK,2010,16600.61359,25010.54458
Slovakia,SVK,2011,18187.15744,25835.00476
Slovakia,SVK,2012,17274.6423,26647.42196
Slovakia,SVK,2013,18191.61279,27897.59857
Slovenia,SVN,2003,14880.47154,21132.38649
Slovenia,SVN,2004,17260.90151,22792.92798
Slovenia,SVN,2005,18169.18091,23945.25534
Slovenia,SVN,2006,19726.1265,25777.98669
Slovenia,SVN,2007,23841.31792,27594.79118
Slovenia,SVN,2008,27501.81027,29624.19018
Slovenia,SVN,2009,24633.79785,27504.07207
Slovenia,SVN,2010,23437.47202,27792.97798
Slovenia,SVN,2011,24985.24827,28804.70152
Slovenia,SVN,2012,22486.47167,28841.92306
Slovenia,SVN,2013,23150.31799,29531.95771
Solomon Islands,SLB,2003,744.7657423,1277.313806
Solomon Islands,SLB,2004,818.442619,1342.015196
Solomon Islands,SLB,2005,880.8748508,1424.361731
Solomon Islands,SLB,2006,948.6592511,1532.480501
Solomon Islands,SLB,2007,1046.931125,1648.976292
Solomon Islands,SLB,2008,1205.791067,1759.425752
Solomon Islands,SLB,2009,1158.282672,1651.002435
Solomon Islands,SLB,2010,1272.448025,1746.765157
Solomon Islands,SLB,2011,1642.837974,1969.206168
Solomon Islands,SLB,2012,1858.689868,2053.59537
Solomon Islands,SLB,2013,1880.5159,2103.955736
Somalia,SOM,2013,407.5432354,
South Africa,ZAF,2003,3775.608275,8650.316272
South Africa,ZAF,2004,4863.51688,9177.625274
South Africa,ZAF,2005,5414.634326,9846.093809
South Africa,ZAF,2006,5631.703485,10577.93938
South Africa,ZAF,2007,6125.039984,11289.4251
South Africa,ZAF,2008,5786.59972,11716.71554
South Africa,ZAF,2009,5888.602084,11462.61075
South Africa,ZAF,2010,7362.76139,11785.60514
South Africa,ZAF,2011,8049.954224,12243.87909
South Africa,ZAF,2012,7548.163698,12556.74847
South Africa,ZAF,2013,6876.953821,12879.59134
South Korea,KOR,2003,14209.38852,21374.49678
South Korea,KOR,2004,15907.66583,22947.22316
South Korea,KOR,2005,18639.52221,24196.42385
South Korea,KOR,2006,20888.38015,25827.7946
South Korea,KOR,2007,23060.70788,27822.86014
South Korea,KOR,2008,20430.63946,28655.98352
South Korea,KOR,2009,18291.9196,28320.31912
South Korea,KOR,2010,22086.95292,30376.87182
South Korea,KOR,2011,24079.78852,31228.5107
South Korea,KOR,2012,24358.78218,32097.164
South Korea,KOR,2013,25890.01867,32615.77259
South Sudan,SSD,2008,1678.711862,3570.761057
South Sudan,SSD,2009,1264.789908,3620.00879
South Sudan,SSD,2010,1562.239346,3713.258487
South Sudan,SSD,2011,1706.090713,3482.048396
South Sudan,SSD,2012,958.4550081,1846.74181
South Sudan,SSD,2013,1186.101325,2054.725606
Spain,ESP,2003,21495.70741,25054.49149
Spain,ESP,2004,24918.64584,26198.5836
Spain,ESP,2005,26510.71745,27702.46431
Spain,ESP,2006,28482.60948,30832.97075
Spain,ESP,2007,32709.40104,32584.25538
Spain,ESP,2008,35578.73619,33463.11447
Spain,ESP,2009,32333.4661,32423.60174
Spain,ESP,2010,30736.00228,31984.15525
Spain,ESP,2011,31834.21816,32067.19245
Spain,ESP,2012,28562.29324,31986.50036
Spain,ESP,2013,29210.09342,32602.03033
Sri Lanka,LKA,2003,989.4547732,4965.727538
Sri Lanka,LKA,2004,1074.606092,5339.521248
Sri Lanka,LKA,2005,1259.807591,5811.505852
Sri Lanka,LKA,2006,1448.76101,6400.816758
Sri Lanka,LKA,2007,1644.816372,6964.986319
Sri Lanka,LKA,2008,2054.489192,7467.591882
Sri Lanka,LKA,2009,2106.681584,7731.668695
Sri Lanka,LKA,2010,2819.511161,8389.990393
Sri Lanka,LKA,2011,3220.992615,9213.320943
Sri Lanka,LKA,2012,3350.521375,10163.85871
Sri Lanka,LKA,2013,3610.289374,10595.71291
Sudan,SDN,2003,477.7384078,2154.735328
Sudan,SDN,2004,565.0569459,2237.188411
Sudan,SDN,2005,679.7539949,2415.537115
Sudan,SDN,2006,893.8793645,2668.223752
Sudan,SDN,2007,1115.6952,2975.82959
Sudan,SDN,2008,1291.528826,3187.310976
Sudan,SDN,2009,1226.884381,3231.236495
Sudan,SDN,2010,1476.478087,3298.004749
Sudan,SDN,2011,1666.857757,3631.663456
Sudan,SDN,2012,1892.894352,4172.538735
Sudan,SDN,2013,1955.660799,4322.99132
Suriname,SUR,2003,2603.139009,9136.100343
Suriname,SUR,2004,3006.48773,10146.13355
Suriname,SUR,2005,3595.088055,10834.59221
Suriname,SUR,2006,5207.90002,11473.25284
Suriname,SUR,2007,5761.39536,12249.53953
Suriname,SUR,2008,6858.163158,12869.89825
Suriname,SUR,2009,7443.850178,13218.0631
Suriname,SUR,2010,8303.31332,13924.39072
Suriname,SUR,2011,8318.97692,14887.93681
Suriname,SUR,2012,9272.413453,15410.99649
Suriname,SUR,2013,9484.568098,15956.949
Swaziland,SWZ,2003,2020.994049,5243.645244
Swaziland,SWZ,2004,2529.633557,5544.021957
Swaziland,SWZ,2005,2873.862141,6006.335615
Swaziland,SWZ,2006,2937.360723,6476.094243
Swaziland,SWZ,2007,3047.48798,6834.034025
Swaziland,SWZ,2008,2842.438422,6901.29689
Swaziland,SWZ,2009,3032.517125,6932.265488
Swaziland,SWZ,2010,3690.239336,7148.912053
Swaziland,SWZ,2011,3934.273025,7323.997018
Swaziland,SWZ,2012,3851.501547,7668.816874
Swaziland,SWZ,2013,3598.705972,8174.434888
Sweden,SWE,2003,36961.42537,31470.89574
Sweden,SWE,2004,42442.22045,33551.70558
Sweden,SWE,2005,43085.35315,33967.18753
Sweden,SWE,2006,46256.4716,37439.83703
Sweden,SWE,2007,53324.37937,40563.8388
Sweden,SWE,2008,55746.84238,41853.69618
Sweden,SWE,2009,46207.0592,39693.3253
Sweden,SWE,2010,52076.25591,41667.83209
Sweden,SWE,2011,59593.28711,43755.06044
Sweden,SWE,2012,57134.07707,44724.97434
Sweden,SWE,2013,60283.24522,45673.17063
Switzerland,CHE,2003,47960.56497,37611.51842
Switzerland,CHE,2004,53255.97631,39135.82669
Switzerland,CHE,2005,54797.54663,40457.73086
Switzerland,CHE,2006,57348.92788,44951.62866
Switzerland,CHE,2007,63223.46778,49467.22055
Switzerland,CHE,2008,72119.56087,52317.57054
Switzerland,CHE,2009,69672.00471,51632.65359
Switzerland,CHE,2010,74276.71842,52935.80414
Switzerland,CHE,2011,87998.44468,55918.73283
Switzerland,CHE,2012,83164.38795,57590.70118
Switzerland,CHE,2013,84658.88768,59788.18931
Tajikistan,TJK,2003,236.3014438,1268.909122
Tajikistan,TJK,2004,309.2801834,1408.964496
Tajikistan,TJK,2005,337.359236,1519.740662
Tajikistan,TJK,2006,404.2872665,1641.034651
Tajikistan,TJK,2007,520.035956,1777.563579
Tajikistan,TJK,2008,706.0914128,1913.519713
Tajikistan,TJK,2009,666.3458569,1957.639749
Tajikistan,TJK,2010,738.3475227,2063.730411
Tajikistan,TJK,2011,834.5412953,2211.753822
Tajikistan,TJK,2012,954.7205253,2367.185366
Tajikistan,TJK,2013,1040.214412,2525.685528
Thailand,THA,2003,2358.930629,8855.494675
Thailand,THA,2004,2659.839108,9604.710478
Thailand,THA,2005,2893.651356,10262.10894
Thailand,THA,2006,3368.952576,11035.61459
Thailand,THA,2007,3972.206475,11878.03915
Thailand,THA,2008,4378.687406,12255.21202
Thailand,THA,2009,4212.054902,12201.36244
Thailand,THA,2010,5075.302176,13213.74775
Thailand,THA,2011,5491.159981,13535.13327
Thailand,THA,2012,5859.915622,14714.47502
Thailand,THA,2013,6171.262444,15293.25799
Togo,TGO,2003,310.4370144,1011.056235
Togo,TGO,2004,349.9937253,1033.423535
Togo,TGO,2005,372.1721837,1051.03368
Togo,TGO,2006,377.336029,1097.387813
Togo,TGO,2007,420.7604743,1121.731304
Togo,TGO,2008,513.391914,1137.992257
Togo,TGO,2009,499.6468713,1155.260187
Togo,TGO,2010,487.9238913,1183.839338
Togo,TGO,2011,562.3393592,1233.834912
Togo,TGO,2012,563.6894247,1282.532064
Togo,TGO,2013,579.434805,1319.659066
Tonga,TON,2003,2029.714718,4154.366563
Tonga,TON,2004,2284.307858,4227.46076
Tonga,TON,2005,2594.74999,4404.666303
Tonga,TON,2006,2892.522663,4474.419082
Tonga,TON,2007,2932.315883,4373.414411
Tonga,TON,2008,3392.64743,4568.277963
Tonga,TON,2009,3070.846563,4681.605487
Tonga,TON,2010,3547.590975,4883.072932
Tonga,TON,2011,4045.018866,5101.505373
Tonga,TON,2012,4501.542462,5223.009102
Tonga,TON,2013,4266.557174,5123.041478
Trinidad and Tobago,TTO,2003,8804.518666,19547.27675
Trinidad and Tobago,TTO,2004,10290.51914,21572.51352
Trinidad and Tobago,TTO,2005,12323.12705,23532.48931
Trinidad and Tobago,TTO,2006,14095.96337,27328.29287
Trinidad and Tobago,TTO,2007,16530.18044,29252.1188
Trinidad and Tobago,TTO,2008,21188.11857,30693.869
Trinidad and Tobago,TTO,2009,14508.8796,29429.34747
Trinidad and Tobago,TTO,2010,16683.94578,30628.54176
Trinidad and Tobago,TTO,2011,19053.97067,31012.71642
Trinidad and Tobago,TTO,2012,19152.05301,31830.51803
Trinidad and Tobago,TTO,2013,19607.83283,33038.96777
Tunisia,TUN,2003,2761.969249,6832.440281
Tunisia,TUN,2004,3112.835029,7400.072075
Tunisia,TUN,2005,3194.562243,7838.074031
Tunisia,TUN,2006,3371.71231,8424.454804
Tunisia,TUN,2007,3778.184171,9137.583448
Tunisia,TUN,2008,4310.093026,9609.707561
Tunisia,TUN,2009,4129.977335,9868.801433
Tunisia,TUN,2010,4140.15177,10225.25223
Tunisia,TUN,2011,4256.91279,10120.67717
Tunisia,TUN,2012,4137.554021,10595.87444
Tunisia,TUN,2013,4199.470253,10947.91384
Turkey,TUR,2003,4718.501291,9603.830371
Turkey,TUR,2004,6040.72953,10868.23306
Turkey,TUR,2005,7384.354661,11887.87499
Turkey,TUR,2006,8034.869161,13628.00258
Turkey,TUR,2007,9709.490246,14840.19836
Turkey,TUR,2008,10850.68975,16048.92019
Turkey,TUR,2009,9036.499911,15501.84711
Turkey,TUR,2010,10672.05693,17459.56972
Turkey,TUR,2011,11341.13395,19660.88949
Turkey,TUR,2012,11720.30843,20639.85867
Turkey,TUR,2013,12542.93565,22310.5364
Turkmenistan,TKM,2003,1283.885977,4691.967981
Turkmenistan,TKM,2004,1453.917166,5010.761804
Turkmenistan,TKM,2005,1704.51475,5783.426492
Turkmenistan,TKM,2006,2136.66815,6538.595025
Turkmenistan,TKM,2007,2600.371428,7363.082409
Turkmenistan,TKM,2008,3904.467675,8496.630693
Turkmenistan,TKM,2009,4036.459223,8952.453518
Turkmenistan,TKM,2010,4439.203,9741.305291
Turkmenistan,TKM,2011,5649.978486,11212.53851
Turkmenistan,TKM,2012,6675.262954,12460.7504
Turkmenistan,TKM,2013,7304.420525,13697.55492
Tuvalu,TUV,2003,1866.599625,2629.60253
Tuvalu,TUV,2004,2176.564747,2631.161647
Tuvalu,TUV,2005,2178.02921,2578.510535
Tuvalu,TUV,2006,2259.333279,2685.11966
Tuvalu,TUV,2007,2638.911845,2901.299964
Tuvalu,TUV,2008,2929.42164,3164.407458
Tuvalu,TUV,2009,2595.639908,3017.624474
Tuvalu,TUV,2010,3021.889528,2945.718682
Tuvalu,TUV,2011,3698.910096,3230.929323
Tuvalu,TUV,2012,3718.018711,3266.373502
Tuvalu,TUV,2013,3542.135089,3333.00182
Uganda,UGA,2003,237.9995917,984.8672694
Uganda,UGA,2004,288.0236949,1043.839132
Uganda,UGA,2005,315.7880227,1106.501459
Uganda,UGA,2006,336.4593923,1220.45138
Uganda,UGA,2007,401.8508631,1312.161474
Uganda,UGA,2008,449.6928183,1405.110656
Uganda,UGA,2009,647.0107732,1460.071148
Uganda,UGA,2010,594.9972557,1508.977415
Uganda,UGA,2011,584.3962137,1628.901607
Uganda,UGA,2012,647.704741,1665.263063
Uganda,UGA,2013,662.4922903,1694.444174
Ukraine,UKR,2003,1048.522488,5206.106632
Ukraine,UKR,2004,1367.352433,6042.184784
Ukraine,UKR,2005,1828.717626,6452.096195
Ukraine,UKR,2006,2303.018831,7184.203287
Ukraine,UKR,2007,3068.608998,8005.69176
Ukraine,UKR,2008,3891.037823,8395.812545
Ukraine,UKR,2009,2545.480341,7239.624226
Ukraine,UKR,2010,2965.142365,7666.219577
Ukraine,UKR,2011,3569.757027,8281.867126
Ukraine,UKR,2012,3855.42128,8475.471746
Ukraine,UKR,2013,4029.715504,8629.676994
United Arab Emirates,ARE,2003,33230.52318,82571.361
United Arab Emirates,ARE,2004,36161.17061,85090.28276
United Arab Emirates,ARE,2005,39439.80197,82205.94527
United Arab Emirates,ARE,2006,42372.22166,81305.37481
United Arab Emirates,ARE,2007,42672.61323,74698.27439
United Arab Emirates,ARE,2008,45758.90554,68902.19905
United Arab Emirates,ARE,2009,33072.57517,59160.00185
United Arab Emirates,ARE,2010,35049.14832,56415.07405
United Arab Emirates,ARE,2011,40462.31209,58404.01559
United Arab Emirates,ARE,2012,42112.23565,60914.80308
United Arab Emirates,ARE,2013,43350.64268,64713.13121
United Kingdom,GBR,2003,34007.88876,29898.23589
United Kingdom,GBR,2004,39824.76181,31617.61228
United Kingdom,GBR,2005,41524.06554,32274.76374
United Kingdom,GBR,2006,44016.72641,34332.30121
United Kingdom,GBR,2007,49949.15488,35151.34069
United Kingdom,GBR,2008,46523.26545,36068.09323
United Kingdom,GBR,2009,38010.10045,34402.96146
United Kingdom,GBR,2010,38709.91166,35740.7372
United Kingdom,GBR,2011,41240.42486,36456.00216
United Kingdom,GBR,2012,41538.30726,37477.80229
United Kingdom,GBR,2013,42407.37101,39016.75868
United States,USA,2003,39677.19835,39677.19835
United States,USA,2004,41921.80976,41921.80976
United States,USA,2005,44307.92058,44307.92058
United States,USA,2006,46437.06712,46437.06712
United States,USA,2007,48061.53766,48061.53766
United States,USA,2008,48401.42734,48401.42734
United States,USA,2009,47001.55535,47001.55535
United States,USA,2010,48373.87882,48373.87882
United States,USA,2011,49790.66548,49790.66548
United States,USA,2012,51450.1223,51450.1223
United States,USA,2013,52787.02695,52787.02695
United States Virgin Islands,VIR,2003,31947.07869,
United States Virgin Islands,VIR,2004,35192.21862,
United States Virgin Islands,VIR,2004,35192.21862,
United States Virgin Islands,VIR,2005,41154.05653,
United States Virgin Islands,VIR,2006,41819.87001,
United States Virgin Islands,VIR,2007,44711.09539,
United States Virgin Islands,VIR,2008,39685.87463,
United States Virgin Islands,VIR,2009,39388.23133,
United States Virgin Islands,VIR,2010,40831.11408,
United States Virgin Islands,VIR,2011,40072.22264,
United States Virgin Islands,VIR,2012,38898.12396,
United States Virgin Islands,VIR,2013,35937.63426,
Uruguay,URY,2003,3622.052284,9654.336692
Uruguay,URY,2004,4117.308853,10421.03573
Uruguay,URY,2005,5220.951116,11553.51551
Uruguay,URY,2006,5877.876078,12376.3366
Uruguay,URY,2007,7009.697046,13501.6028
Uruguay,URY,2008,9062.312164,14705.55174
Uruguay,URY,2009,9415.170386,15391.19699
Uruguay,URY,2010,11938.212,16736.85103
Uruguay,URY,2011,14166.49908,17904.74582
Uruguay,URY,2012,15092.06819,18817.74196
Uruguay,URY,2013,16881.20568,19942.50405
Uzbekistan,UZB,2003,396.129969,2288.356703
Uzbekistan,UZB,2004,465.1198869,2503.279375
Uzbekistan,UZB,2005,546.7768502,2732.716951
Uzbekistan,UZB,2006,654.2838373,2985.636057
Uzbekistan,UZB,2007,830.4076942,3321.566762
Uzbekistan,UZB,2008,1082.286025,3632.740121
Uzbekistan,UZB,2009,1213.265328,3890.610174
Uzbekistan,UZB,2010,1377.08214,4153.938846
Uzbekistan,UZB,2011,1564.966945,4469.997484
Uzbekistan,UZB,2012,1740.468298,4853.649706
Uzbekistan,UZB,2013,1907.551233,5244.04938
Vanuatu,VUT,2003,1580.502724,2105.43081
Vanuatu,VUT,2004,1787.947023,2192.458133
Vanuatu,VUT,2005,1886.433359,2323.514575
Vanuatu,VUT,2006,2047.097823,2533.92305
Vanuatu,VUT,2007,2393.367265,2669.779208
Vanuatu,VUT,2008,2697.961375,2828.415927
Vanuatu,VUT,2009,2643.441423,2874.841509
Vanuatu,VUT,2010,2965.802434,2888.398273
Vanuatu,VUT,2011,3275.091684,2915.299885
Vanuatu,VUT,2012,3158.58688,2952.568516
Vanuatu,VUT,2013,3167.343056,2990.96474
Venezuela,VEN,2003,3232.524276,9957.685837
Venezuela,VEN,2004,4271.372404,11891.62467
Venezuela,VEN,2005,5432.688675,13309.69764
Venezuela,VEN,2006,6735.797588,14821.148
Venezuela,VEN,2007,8318.803399,16276.92563
Venezuela,VEN,2008,11227.23138,17192.91545
Venezuela,VEN,2009,11536.14939,16507.34135
Venezuela,VEN,2010,13545.20584,16210.28996
Venezuela,VEN,2011,10741.57638,16981.33549
Venezuela,VEN,2012,12755.00008,18004.46532
Venezuela,VEN,2013,12237.22406,18281.19297
Vietnam,VNM,2003,530.8618505,2590.294311
Vietnam,VNM,2004,606.9043783,2828.047516
Vietnam,VNM,2005,699.4997775,3102.936693
Vietnam,VNM,2006,796.6715738,3383.69504
Vietnam,VNM,2007,919.2092656,3681.316118
Vietnam,VNM,2008,1164.612525,3924.101329
Vietnam,VNM,2009,1232.369674,4123.425804
Vietnam,VNM,2010,1333.583524,4395.510163
Vietnam,VNM,2011,1542.670436,4715.886349
Vietnam,VNM,2012,1754.547974,5000.764854
Vietnam,VNM,2013,1907.564382,5300.32607
Yemen,YEM,2003,605.1647335,3360.66843
Yemen,YEM,2004,693.0835669,3490.716252
Yemen,YEM,2005,813.9643857,3699.915248
Yemen,YEM,2006,901.7599875,3827.095212
Yemen,YEM,2007,995.6284828,3949.783998
Yemen,YEM,2008,1203.720733,4061.241117
Yemen,YEM,2009,1093.812918,4135.865264
Yemen,YEM,2010,1309.23196,4388.144847
Yemen,YEM,2011,1349.42025,3805.237994
Yemen,YEM,2012,1421.171575,3863.289475
Yemen,YEM,2013,1580.181601,4007.8267
Zambia,ZMB,2003,429.1583434,1916.105741
Zambia,ZMB,2004,530.2772217,2051.607433
Zambia,ZMB,2005,691.3178164,2210.472268
Zambia,ZMB,2006,1030.154199,2392.690039
Zambia,ZMB,2007,1104.587985,2589.897156
Zambia,ZMB,2008,1369.068249,2768.423449
Zambia,ZMB,2009,1139.110233,2961.99056
Zambia,ZMB,2010,1463.213573,3212.941881
Zambia,ZMB,2011,1644.619672,3361.112069
Zambia,ZMB,2012,1734.930612,3574.05852
Zambia,ZMB,2013,1850.793359,3701.392674
Zimbabwe,ZWE,2003,453.3511552,1601.597426
Zimbabwe,ZWE,2004,454.3606654,1532.64379
Zimbabwe,ZWE,2005,444.7605075,1472.877759
Zimbabwe,ZWE,2006,414.796232,1445.005143
Zimbabwe,ZWE,2007,396.9982166,1407.216442
Zimbabwe,ZWE,2008,325.6785703,1161.389245
Zimbabwe,ZWE,2009,605.824121,1248.901134
Zimbabwe,ZWE,2010,713.6035062,1430.860889
Zimbabwe,ZWE,2011,839.0927936,1663.456376
Zimbabwe,ZWE,2012,955.648466,1882.237978
Zimbabwe,ZWE,2013,1011.227396,1967.474077
