Entity,Year,Life expectancy
Afghanistan,2003,57.25
Afghanistan,2004,57.875
Afghanistan,2005,58.5
Afghanistan,2006,59.110001
Afghanistan,2007,59.694
Afghanistan,2008,60.243
Afghanistan,2009,60.754002
Afghanistan,2010,61.226002
Afghanistan,2011,61.666
Afghanistan,2012,62.085999
Afghanistan,2013,62.493999
Albania,2003,74.82
Albania,2004,75.028
Albania,2005,75.217003
Albania,2006,75.417999
Albania,2007,75.655998
Albania,2008,75.943001
Albania,2009,76.280998
Albania,2010,76.652
Albania,2011,77.030998
Albania,2012,77.389
Albania,2013,77.702003
Algeria,2003,71.779999
Algeria,2004,72.280998
Algeria,2005,72.766998
Algeria,2006,73.224998
Algeria,2007,73.648003
Algeria,2008,74.031998
Algeria,2009,74.374001
Algeria,2010,74.676003
Algeria,2011,74.944
Algeria,2012,75.186996
Algeria,2013,75.417999
Angola,2003,50.507999
Angola,2004,51.675999
Angola,2005,52.833
Angola,2006,53.973999
Angola,2007,55.096001
Angola,2008,56.188999
Angola,2009,57.230999
Angola,2010,58.192001
Angola,2011,59.042
Angola,2012,59.77
Angola,2013,60.373001
Antigua and Barbuda,2003,74.157997
Antigua and Barbuda,2004,74.353996
Antigua and Barbuda,2005,74.543999
Antigua and Barbuda,2006,74.726997
Antigua and Barbuda,2007,74.904999
Antigua and Barbuda,2008,75.078003
Antigua and Barbuda,2009,75.247002
Antigua and Barbuda,2010,75.412003
Antigua and Barbuda,2011,75.573997
Antigua and Barbuda,2012,75.733002
Antigua and Barbuda,2013,75.891998
Argentina,2003,74.424004
Argentina,2004,74.602997
Argentina,2005,74.775002
Argentina,2006,74.941002
Argentina,2007,75.105003
Argentina,2008,75.267998
Argentina,2009,75.431
Argentina,2010,75.595001
Argentina,2011,75.761002
Argentina,2012,75.926003
Argentina,2013,76.088997
Armenia,2003,72.347
Armenia,2004,72.512001
Armenia,2005,72.625
Armenia,2006,72.714996
Armenia,2007,72.815002
Armenia,2008,72.945999
Armenia,2009,73.119003
Armenia,2010,73.331001
Armenia,2011,73.570999
Armenia,2012,73.814003
Armenia,2013,74.043999
Aruba,2003,74.038002
Aruba,2004,74.155998
Aruba,2005,74.287003
Aruba,2006,74.429001
Aruba,2007,74.575996
Aruba,2008,74.724998
Aruba,2009,74.872002
Aruba,2010,75.015999
Aruba,2011,75.157997
Aruba,2012,75.299004
Aruba,2013,75.440002
Australia,2003,80.452003
Australia,2004,80.712997
Australia,2005,80.955002
Australia,2006,81.175003
Australia,2007,81.376999
Australia,2008,81.565002
Australia,2009,81.741997
Australia,2010,81.910004
Australia,2011,82.072998
Australia,2012,82.234001
Australia,2013,82.394997
Australia/New Zealand,2003,80.239998
Australia/New Zealand,2004,80.502998
Australia/New Zealand,2005,80.748001
Australia/New Zealand,2006,80.973
Australia/New Zealand,2007,81.18
Australia/New Zealand,2008,81.375
Australia/New Zealand,2009,81.557999
Australia/New Zealand,2010,81.733002
Australia/New Zealand,2011,81.901001
Australia/New Zealand,2012,82.067001
Australia/New Zealand,2013,82.231003
Austria,2003,79.058998
Austria,2004,79.318001
Austria,2005,79.566002
Austria,2006,79.799004
Austria,2007,80.015999
Austria,2008,80.218002
Austria,2009,80.406998
Austria,2010,80.584
Austria,2011,80.752998
Austria,2012,80.917999
Austria,2013,81.083
Azerbaijan,2003,67.791
Azerbaijan,2004,68.249001
Azerbaijan,2005,68.75
Azerbaijan,2006,69.268997
Azerbaijan,2007,69.774002
Azerbaijan,2008,70.237999
Azerbaijan,2009,70.646004
Azerbaijan,2010,70.987
Azerbaijan,2011,71.260002
Azerbaijan,2012,71.477997
Azerbaijan,2013,71.655998
Bahamas,2003,73.264
Bahamas,2004,73.538002
Bahamas,2005,73.787003
Bahamas,2006,74.012001
Bahamas,2007,74.218002
Bahamas,2008,74.410004
Bahamas,2009,74.591003
Bahamas,2010,74.761002
Bahamas,2011,74.922997
Bahamas,2012,75.079002
Bahamas,2013,75.230003
Bahrain,2003,74.999001
Bahrain,2004,75.167
Bahrain,2005,75.325996
Bahrain,2006,75.477997
Bahrain,2007,75.625
Bahrain,2008,75.769997
Bahrain,2009,75.913002
Bahrain,2010,76.056
Bahrain,2011,76.198997
Bahrain,2012,76.341003
Bahrain,2013,76.482002
Bangladesh,2003,66.964996
Bangladesh,2004,67.459999
Bangladesh,2005,67.936996
Bangladesh,2006,68.403
Bangladesh,2007,68.861
Bangladesh,2008,69.311996
Bangladesh,2009,69.759003
Bangladesh,2010,70.197998
Bangladesh,2011,70.625999
Bangladesh,2012,71.039001
Bangladesh,2013,71.431
Barbados,2003,73.847
Barbados,2004,74.003998
Barbados,2005,74.163002
Barbados,2006,74.323997
Barbados,2007,74.486
Barbados,2008,74.648003
Barbados,2009,74.810997
Barbados,2010,74.973
Barbados,2011,75.133003
Barbados,2012,75.292
Barbados,2013,75.447998
Belarus,2003,67.825996
Belarus,2004,68.066002
Belarus,2005,68.353996
Belarus,2006,68.706001
Belarus,2007,69.133003
Belarus,2008,69.628998
Belarus,2009,70.175003
Belarus,2010,70.738998
Belarus,2011,71.280998
Belarus,2012,71.768997
Belarus,2013,72.18
Belgium,2003,78.509003
Belgium,2004,78.739998
Belgium,2005,78.974998
Belgium,2006,79.210999
Belgium,2007,79.441002
Belgium,2008,79.662003
Belgium,2009,79.873001
Belgium,2010,80.071999
Belgium,2011,80.260002
Belgium,2012,80.442001
Belgium,2013,80.617996
Belize,2003,68.619003
Belize,2004,68.815002
Belize,2005,69.023003
Belize,2006,69.218002
Belize,2007,69.385002
Belize,2008,69.516998
Belize,2009,69.611
Belize,2010,69.676003
Belize,2011,69.731003
Belize,2012,69.797997
Belize,2013,69.894997
Benin,2003,56.436001
Benin,2004,56.887001
Benin,2005,57.355
Benin,2006,57.817001
Benin,2007,58.255001
Benin,2008,58.653999
Benin,2009,59.008999
Benin,2010,59.319
Benin,2011,59.595001
Benin,2012,59.855
Benin,2013,60.112999
Bhutan,2003,63.321999
Bhutan,2004,64.125999
Bhutan,2005,64.882004
Bhutan,2006,65.578003
Bhutan,2007,66.213997
Bhutan,2008,66.792
Bhutan,2009,67.315002
Bhutan,2010,67.790001
Bhutan,2011,68.226997
Bhutan,2012,68.639
Bhutan,2013,69.038002
Bolivia,2003,62.398998
Bolivia,2004,62.967999
Bolivia,2005,63.537998
Bolivia,2006,64.112999
Bolivia,2007,64.692001
Bolivia,2008,65.272003
Bolivia,2009,65.847
Bolivia,2010,66.407997
Bolivia,2011,66.945
Bolivia,2012,67.450996
Bolivia,2013,67.921997
Botswana,2003,49.787998
Botswana,2004,50.832001
Botswana,2005,52.165001
Botswana,2006,53.695
Botswana,2007,55.312
Botswana,2008,56.918999
Botswana,2009,58.450001
Botswana,2010,59.868
Botswana,2011,61.179001
Botswana,2012,62.424999
Botswana,2013,63.630001
Brazil,2003,71.290001
Brazil,2004,71.669998
Brazil,2005,72.040001
Brazil,2006,72.404999
Brazil,2007,72.767998
Brazil,2008,73.128998
Brazil,2009,73.487999
Brazil,2010,73.837997
Brazil,2011,74.174004
Brazil,2012,74.487999
Brazil,2013,74.777
Bulgaria,2003,72.234001
Bulgaria,2004,72.459999
Bulgaria,2005,72.669998
Bulgaria,2006,72.870003
Bulgaria,2007,73.071999
Bulgaria,2008,73.280998
Bulgaria,2009,73.498001
Bulgaria,2010,73.716003
Bulgaria,2011,73.929001
Bulgaria,2012,74.128998
Bulgaria,2013,74.310997
Burkina Faso,2003,51.956001
Burkina Faso,2004,52.602001
Burkina Faso,2005,53.310001
Burkina Faso,2006,54.063
Burkina Faso,2007,54.841
Burkina Faso,2008,55.618
Burkina Faso,2009,56.375999
Burkina Faso,2010,57.096001
Burkina Faso,2011,57.762001
Burkina Faso,2012,58.376999
Burkina Faso,2013,58.942001
Burundi,2003,52.189999
Burundi,2004,52.437
Burundi,2005,52.735001
Burundi,2006,53.09
Burundi,2007,53.492001
Burundi,2008,53.925999
Burundi,2009,54.386002
Burundi,2010,54.861
Burundi,2011,55.338001
Burundi,2012,55.806999
Burundi,2013,56.258999
Cambodia,2003,61.241001
Cambodia,2004,62.186001
Cambodia,2005,63.088001
Cambodia,2006,63.926998
Cambodia,2007,64.695
Cambodia,2008,65.390999
Cambodia,2009,66.010002
Cambodia,2010,66.555
Cambodia,2011,67.033997
Cambodia,2012,67.466003
Cambodia,2013,67.867996
Cameroon,2003,51.671001
Cameroon,2004,52.300999
Cameroon,2005,52.916
Cameroon,2006,53.493999
Cameroon,2007,54.033001
Cameroon,2008,54.535
Cameroon,2009,54.995998
Cameroon,2010,55.424
Cameroon,2011,55.832001
Cameroon,2012,56.241001
Cameroon,2013,56.665001
Canada,2003,79.791
Canada,2004,80.013
Canada,2005,80.232002
Canada,2006,80.446999
Canada,2007,80.658997
Canada,2008,80.870003
Canada,2009,81.079002
Canada,2010,81.283997
Canada,2011,81.482002
Canada,2012,81.674004
Canada,2013,81.858002
Cape Verde,2003,71.292999
Cape Verde,2004,71.584
Cape Verde,2005,71.760002
Cape Verde,2006,71.842003
Cape Verde,2007,71.869003
Cape Verde,2008,71.880997
Cape Verde,2009,71.899002
Cape Verde,2010,71.941002
Cape Verde,2011,72.018997
Cape Verde,2012,72.126999
Cape Verde,2013,72.259003
Central African Republic,2003,43.827
Central African Republic,2004,44.080002
Central African Republic,2005,44.466
Central African Republic,2006,44.966999
Central African Republic,2007,45.551998
Central African Republic,2008,46.189999
Central African Republic,2009,46.862
Central African Republic,2010,47.560001
Central African Republic,2011,48.284
Central African Republic,2012,49.041
Central African Republic,2013,49.825001
Chad,2003,47.716
Chad,2004,47.848
Chad,2005,48.054001
Chad,2006,48.348999
Chad,2007,48.729
Chad,2008,49.181999
Chad,2009,49.691002
Chad,2010,50.233002
Chad,2011,50.778
Chad,2012,51.299999
Chad,2013,51.778
Chile,2003,77.453003
Chile,2004,77.632004
Chile,2005,77.791
Chile,2006,77.933998
Chile,2007,78.066002
Chile,2008,78.193001
Chile,2009,78.32
Chile,2010,78.454002
Chile,2011,78.598999
Chile,2012,78.758003
Chile,2013,78.931
China,2003,73.257004
China,2004,73.641998
China,2005,73.987
China,2006,74.291
China,2007,74.561996
China,2008,74.807999
China,2009,75.031998
China,2010,75.236
China,2011,75.425003
China,2012,75.601997
China,2013,75.768997
Colombia,2003,71.813004
Colombia,2004,72.061996
Colombia,2005,72.303001
Colombia,2006,72.531998
Colombia,2007,72.749001
Colombia,2008,72.952003
Colombia,2009,73.142998
Colombia,2010,73.324997
Colombia,2011,73.5
Colombia,2012,73.672997
Colombia,2013,73.847
Comoros,2003,59.737999
Comoros,2004,59.903999
Comoros,2005,60.125999
Comoros,2006,60.407001
Comoros,2007,60.734001
Comoros,2008,61.094002
Comoros,2009,61.474998
Comoros,2010,61.862
Comoros,2011,62.240002
Comoros,2012,62.596001
Comoros,2013,62.923
Costa Rica,2003,77.867996
Costa Rica,2004,77.992996
Costa Rica,2005,78.113998
Costa Rica,2006,78.234001
Costa Rica,2007,78.355003
Costa Rica,2008,78.481003
Costa Rica,2009,78.612999
Costa Rica,2010,78.755997
Costa Rica,2011,78.911003
Costa Rica,2012,79.077003
Costa Rica,2013,79.253998
Cote d'Ivoire,2003,46.855999
Cote d'Ivoire,2004,47.205002
Cote d'Ivoire,2005,47.658001
Cote d'Ivoire,2006,48.182999
Cote d'Ivoire,2007,48.747002
Cote d'Ivoire,2008,49.320999
Cote d'Ivoire,2009,49.882999
Cote d'Ivoire,2010,50.423
Cote d'Ivoire,2011,50.945
Cote d'Ivoire,2012,51.463001
Cote d'Ivoire,2013,51.988998
Croatia,2003,75.112
Croatia,2004,75.276001
Croatia,2005,75.475998
Croatia,2006,75.703003
Croatia,2007,75.939003
Croatia,2008,76.169998
Croatia,2009,76.389
Croatia,2010,76.594002
Croatia,2011,76.783997
Croatia,2012,76.963997
Croatia,2013,77.138
Cuba,2003,77.380997
Cuba,2004,77.663002
Cuba,2005,77.949997
Cuba,2006,78.224998
Cuba,2007,78.469002
Cuba,2008,78.671997
Cuba,2009,78.833
Cuba,2010,78.959
Cuba,2011,79.064003
Cuba,2012,79.167
Cuba,2013,79.281998
Cyprus,2003,78.386002
Cyprus,2004,78.505997
Cyprus,2005,78.630997
Cyprus,2006,78.764
Cyprus,2007,78.911003
Cyprus,2008,79.070999
Cyprus,2009,79.245003
Cyprus,2010,79.43
Cyprus,2011,79.620003
Cyprus,2012,79.809998
Cyprus,2013,79.995003
Czech Republic,2003,75.708
Czech Republic,2004,75.987
Czech Republic,2005,76.271004
Czech Republic,2006,76.558998
Czech Republic,2007,76.843002
Czech Republic,2008,77.117996
Czech Republic,2009,77.380997
Czech Republic,2010,77.626999
Czech Republic,2011,77.851997
Czech Republic,2012,78.058998
Czech Republic,2013,78.247002
Denmark,2003,77.439003
Denmark,2004,77.683998
Denmark,2005,77.935997
Denmark,2006,78.200996
Denmark,2007,78.483002
Denmark,2008,78.780998
Denmark,2009,79.089996
Denmark,2010,79.399002
Denmark,2011,79.694
Denmark,2012,79.964996
Denmark,2013,80.205002
Djibouti,2003,57.424
Djibouti,2004,57.676998
Djibouti,2005,57.999001
Djibouti,2006,58.393002
Djibouti,2007,58.848
Djibouti,2008,59.345001
Djibouti,2009,59.865002
Djibouti,2010,60.382999
Djibouti,2011,60.869999
Djibouti,2012,61.310001
Djibouti,2013,61.691002
Dominican Republic,2003,71.207001
Dominican Republic,2004,71.425003
Dominican Republic,2005,71.643997
Dominican Republic,2006,71.862
Dominican Republic,2007,72.078003
Dominican Republic,2008,72.290001
Dominican Republic,2009,72.498001
Dominican Republic,2010,72.702003
Dominican Republic,2011,72.901001
Dominican Republic,2012,73.098
Dominican Republic,2013,73.292
Ecuador,2003,73.720001
Ecuador,2004,73.936996
Ecuador,2005,74.136002
Ecuador,2006,74.321999
Ecuador,2007,74.500999
Ecuador,2008,74.678001
Ecuador,2009,74.859001
Ecuador,2010,75.045998
Ecuador,2011,75.244003
Ecuador,2012,75.448997
Ecuador,2013,75.661003
Egypt,2003,69.126999
Egypt,2004,69.281998
Egypt,2005,69.444
Egypt,2006,69.617996
Egypt,2007,69.796997
Egypt,2008,69.980003
Egypt,2009,70.167
Egypt,2010,70.357002
Egypt,2011,70.550003
Egypt,2012,70.741997
Egypt,2013,70.932999
El Salvador,2003,69.742996
El Salvador,2004,70.047997
El Salvador,2005,70.357002
El Salvador,2006,70.667999
El Salvador,2007,70.980003
El Salvador,2008,71.291
El Salvador,2009,71.598999
El Salvador,2010,71.902
El Salvador,2011,72.195
El Salvador,2012,72.478996
El Salvador,2013,72.752998
Equatorial Guinea,2003,53.709
Equatorial Guinea,2004,53.987
Equatorial Guinea,2005,54.262001
Equatorial Guinea,2006,54.549999
Equatorial Guinea,2007,54.858002
Equatorial Guinea,2008,55.189999
Equatorial Guinea,2009,55.542999
Equatorial Guinea,2010,55.908001
Equatorial Guinea,2011,56.264999
Equatorial Guinea,2012,56.601002
Equatorial Guinea,2013,56.904999
Eritrea,2003,57.174
Eritrea,2004,57.916
Eritrea,2005,58.691002
Eritrea,2006,59.472
Eritrea,2007,60.23
Eritrea,2008,60.939999
Eritrea,2009,61.591
Eritrea,2010,62.181
Eritrea,2011,62.717999
Eritrea,2012,63.220001
Eritrea,2013,63.702999
Estonia,2003,71.727997
Estonia,2004,72.169998
Estonia,2005,72.622002
Estonia,2006,73.103996
Estonia,2007,73.626999
Estonia,2008,74.189003
Estonia,2009,74.778
Estonia,2010,75.366997
Estonia,2011,75.919998
Estonia,2012,76.410004
Estonia,2013,76.819
Ethiopia,2003,54.209
Ethiopia,2004,55.172001
Ethiopia,2005,56.221001
Ethiopia,2006,57.333
Ethiopia,2007,58.466
Ethiopia,2008,59.580002
Ethiopia,2009,60.643002
Ethiopia,2010,61.625
Ethiopia,2011,62.500999
Ethiopia,2012,63.275002
Ethiopia,2013,63.952
Fiji,2003,68.079002
Fiji,2004,68.242996
Fiji,2005,68.404999
Fiji,2006,68.569
Fiji,2007,68.737
Fiji,2008,68.908997
Fiji,2009,69.086998
Fiji,2010,69.266998
Fiji,2011,69.447998
Fiji,2012,69.625
Fiji,2013,69.795998
Finland,2003,78.511002
Finland,2004,78.746002
Finland,2005,78.977997
Finland,2006,79.209
Finland,2007,79.441002
Finland,2008,79.675003
Finland,2009,79.907997
Finland,2010,80.138
Finland,2011,80.361
Finland,2012,80.573997
Finland,2013,80.776001
France,2003,79.585999
France,2004,79.856003
France,2005,80.129997
France,2006,80.403
France,2007,80.667999
France,2008,80.921997
France,2009,81.162003
France,2010,81.387001
France,2011,81.598
France,2012,81.800003
France,2013,81.996002
French Guiana,2003,76.301003
French Guiana,2004,76.695
French Guiana,2005,77.079002
French Guiana,2006,77.443001
French Guiana,2007,77.782997
French Guiana,2008,78.095001
French Guiana,2009,78.377998
French Guiana,2010,78.635002
French Guiana,2011,78.871002
French Guiana,2012,79.092003
French Guiana,2013,79.307999
French Polynesia,2003,73.396004
French Polynesia,2004,73.765999
French Polynesia,2005,74.132004
French Polynesia,2006,74.486
French Polynesia,2007,74.818001
French Polynesia,2008,75.123001
French Polynesia,2009,75.397003
French Polynesia,2010,75.642998
French Polynesia,2011,75.862
French Polynesia,2012,76.065002
French Polynesia,2013,76.257004
Gabon,2003,59.265999
Gabon,2004,59.512001
Gabon,2005,59.889999
Gabon,2006,60.388
Gabon,2007,60.969002
Gabon,2008,61.597
Gabon,2009,62.247002
Gabon,2010,62.893002
Gabon,2011,63.519001
Gabon,2012,64.119003
Gabon,2013,64.685997
Gambia,2003,57.132
Gambia,2004,57.527
Gambia,2005,57.914001
Gambia,2006,58.289001
Gambia,2007,58.647999
Gambia,2008,58.991001
Gambia,2009,59.316002
Gambia,2010,59.622002
Gambia,2011,59.910999
Gambia,2012,60.187
Gambia,2013,60.452
Georgia,2003,72.574997
Georgia,2004,72.681999
Georgia,2005,72.730003
Georgia,2006,72.730003
Georgia,2007,72.704002
Georgia,2008,72.672997
Georgia,2009,72.650002
Georgia,2010,72.649002
Georgia,2011,72.68
Georgia,2012,72.741997
Georgia,2013,72.832001
Germany,2003,78.752998
Germany,2004,78.994003
Germany,2005,79.223
Germany,2006,79.433998
Germany,2007,79.626999
Germany,2008,79.803001
Germany,2009,79.962997
Germany,2010,80.112999
Germany,2011,80.254997
Germany,2012,80.396004
Germany,2013,80.541
Ghana,2003,57.761002
Ghana,2004,58.187
Ghana,2005,58.666
Ghana,2006,59.167
Ghana,2007,59.662998
Ghana,2008,60.127998
Ghana,2009,60.549999
Ghana,2010,60.924
Ghana,2011,61.254002
Ghana,2012,61.561001
Ghana,2013,61.860001
Greece,2003,79.212997
Greece,2004,79.412003
Greece,2005,79.597
Greece,2006,79.764999
Greece,2007,79.917
Greece,2008,80.056999
Greece,2009,80.186996
Greece,2010,80.311996
Greece,2011,80.439003
Greece,2012,80.571999
Greece,2013,80.717003
Grenada,2003,70.990997
Grenada,2004,71.212997
Grenada,2005,71.438004
Grenada,2006,71.667
Grenada,2007,71.903
Grenada,2008,72.141998
Grenada,2009,72.383003
Grenada,2010,72.617996
Grenada,2011,72.839996
Grenada,2012,73.043999
Grenada,2013,73.226997
Guadeloupe,2003,78.038002
Guadeloupe,2004,78.335999
Guadeloupe,2005,78.626999
Guadeloupe,2006,78.908997
Guadeloupe,2007,79.182999
Guadeloupe,2008,79.446999
Guadeloupe,2009,79.703003
Guadeloupe,2010,79.950996
Guadeloupe,2011,80.193001
Guadeloupe,2012,80.43
Guadeloupe,2013,80.664001
Guam,2003,76.046997
Guam,2004,76.362
Guam,2005,76.663002
Guam,2006,76.956001
Guam,2007,77.249001
Guam,2008,77.542999
Guam,2009,77.839996
Guam,2010,78.134003
Guam,2011,78.418999
Guam,2012,78.689003
Guam,2013,78.938004
Guatemala,2003,69.092003
Guatemala,2004,69.436996
Guatemala,2005,69.763
Guatemala,2006,70.084999
Guatemala,2007,70.415001
Guatemala,2008,70.760002
Guatemala,2009,71.122002
Guatemala,2010,71.494003
Guatemala,2011,71.866997
Guatemala,2012,72.226997
Guatemala,2013,72.561996
Guinea,2003,51.859001
Guinea,2004,52.444
Guinea,2005,53.169998
Guinea,2006,53.972
Guinea,2007,54.775002
Guinea,2008,55.521
Guinea,2009,56.185001
Guinea,2010,56.764999
Guinea,2011,57.282001
Guinea,2012,57.782001
Guinea,2013,58.300999
Guinea-Bissau,2003,52.845001
Guinea-Bissau,2004,53.084
Guinea-Bissau,2005,53.356998
Guinea-Bissau,2006,53.662998
Guinea-Bissau,2007,53.991001
Guinea-Bissau,2008,54.333
Guinea-Bissau,2009,54.687
Guinea-Bissau,2010,55.049999
Guinea-Bissau,2011,55.424
Guinea-Bissau,2012,55.806999
Guinea-Bissau,2013,56.200001
Guyana,2003,65.313004
Guyana,2004,65.428001
Guyana,2005,65.538002
Guyana,2006,65.641998
Guyana,2007,65.740997
Guyana,2008,65.835999
Guyana,2009,65.929001
Guyana,2010,66.022003
Guyana,2011,66.116997
Guyana,2012,66.216003
Guyana,2013,66.318001
Haiti,2003,58.535
Haiti,2004,58.860001
Haiti,2005,59.219002
Haiti,2006,59.610001
Haiti,2007,60.022999
Haiti,2008,60.448002
Haiti,2009,60.875999
Haiti,2010,61.296001
Haiti,2011,61.699001
Haiti,2012,62.077999
Haiti,2013,62.431999
Honduras,2003,71.150002
Honduras,2004,71.341003
Honduras,2005,71.531998
Honduras,2006,71.723999
Honduras,2007,71.911003
Honduras,2008,72.093002
Honduras,2009,72.269997
Honduras,2010,72.445999
Honduras,2011,72.624001
Honduras,2012,72.805
Honduras,2013,72.989998
Hong Kong,2003,81.524002
Hong Kong,2004,81.744003
Hong Kong,2005,81.953003
Hong Kong,2006,82.154999
Hong Kong,2007,82.352997
Hong Kong,2008,82.547997
Hong Kong,2009,82.742996
Hong Kong,2010,82.935997
Hong Kong,2011,83.125
Hong Kong,2012,83.306999
Hong Kong,2013,83.480003
Hungary,2003,72.620003
Hungary,2004,72.883003
Hungary,2005,73.138
Hungary,2006,73.399002
Hungary,2007,73.676003
Hungary,2008,73.973
Hungary,2009,74.288002
Hungary,2010,74.609001
Hungary,2011,74.917999
Hungary,2012,75.199997
Hungary,2013,75.444
Iceland,2003,80.716003
Iceland,2004,80.927002
Iceland,2005,81.098999
Iceland,2006,81.240997
Iceland,2007,81.370003
Iceland,2008,81.500999
Iceland,2009,81.638
Iceland,2010,81.785004
Iceland,2011,81.941002
Iceland,2012,82.101997
Iceland,2013,82.263
India,2003,63.758999
India,2004,64.153999
India,2005,64.556
India,2006,64.966003
India,2007,65.383003
India,2008,65.802002
India,2009,66.219002
India,2010,66.625
India,2011,67.013
India,2012,67.376999
India,2013,67.713997
Indonesia,2003,66.82
Indonesia,2004,67.001999
Indonesia,2005,67.191002
Indonesia,2006,67.386002
Indonesia,2007,67.581001
Indonesia,2008,67.775002
Indonesia,2009,67.963997
Indonesia,2010,68.150002
Indonesia,2011,68.331001
Indonesia,2012,68.509003
Indonesia,2013,68.683998
Iran,2003,71.249001
Iran,2004,71.582001
Iran,2005,71.912003
Iran,2006,72.259003
Iran,2007,72.635002
Iran,2008,73.043999
Iran,2009,73.481003
Iran,2010,73.931999
Iran,2011,74.375
Iran,2012,74.787003
Iran,2013,75.153
Iraq,2003,68.741997
Iraq,2004,68.537003
Iraq,2005,68.349998
Iraq,2006,68.217003
Iraq,2007,68.155998
Iraq,2008,68.177002
Iraq,2009,68.282997
Iraq,2010,68.464996
Iraq,2011,68.702003
Iraq,2012,68.962997
Iraq,2013,69.219002
Ireland,2003,78.017998
Ireland,2004,78.417
Ireland,2005,78.801003
Ireland,2006,79.162003
Ireland,2007,79.498001
Ireland,2008,79.806999
Ireland,2009,80.087997
Ireland,2010,80.339996
Ireland,2011,80.564003
Ireland,2012,80.766998
Ireland,2013,80.956001
Israel,2003,79.713997
Israel,2004,79.991997
Israel,2005,80.268997
Israel,2006,80.538002
Israel,2007,80.793999
Israel,2008,81.033997
Israel,2009,81.257004
Israel,2010,81.461998
Israel,2011,81.652
Israel,2012,81.830002
Israel,2013,82.001999
Italy,2003,80.414001
Italy,2004,80.683998
Italy,2005,80.936996
Italy,2006,81.171997
Italy,2007,81.387001
Italy,2008,81.585999
Italy,2009,81.771004
Italy,2010,81.945
Italy,2011,82.114998
Italy,2012,82.282997
Italy,2013,82.454002
Jamaica,2003,72.911003
Jamaica,2004,73.167
Jamaica,2005,73.445999
Jamaica,2006,73.738998
Jamaica,2007,74.038002
Jamaica,2008,74.334
Jamaica,2009,74.619003
Jamaica,2010,74.883003
Jamaica,2011,75.122002
Jamaica,2012,75.334
Jamaica,2013,75.523003
Japan,2003,81.886002
Japan,2004,82.091003
Japan,2005,82.275002
Japan,2006,82.438004
Japan,2007,82.585999
Japan,2008,82.722
Japan,2009,82.849998
Japan,2010,82.973999
Japan,2011,83.097
Japan,2012,83.222
Japan,2013,83.350998
Jordan,2003,72.255997
Jordan,2004,72.427002
Jordan,2005,72.594002
Jordan,2006,72.760002
Jordan,2007,72.924004
Jordan,2008,73.086998
Jordan,2009,73.25
Jordan,2010,73.412003
Jordan,2011,73.570999
Jordan,2012,73.728996
Jordan,2013,73.883003
Kazakhstan,2003,64.524002
Kazakhstan,2004,64.875
Kazakhstan,2005,65.220001
Kazakhstan,2006,65.586998
Kazakhstan,2007,66.008003
Kazakhstan,2008,66.496002
Kazakhstan,2009,67.041
Kazakhstan,2010,67.612999
Kazakhstan,2011,68.169998
Kazakhstan,2012,68.676003
Kazakhstan,2013,69.101997
Kenya,2003,53.412998
Kenya,2004,54.513
Kenya,2005,55.819
Kenya,2006,57.271
Kenya,2007,58.784
Kenya,2008,60.275002
Kenya,2009,61.68
Kenya,2010,62.936001
Kenya,2011,64.008003
Kenya,2012,64.906998
Kenya,2013,65.651001
Kiribati,2003,64.598999
Kiribati,2004,64.739998
Kiribati,2005,64.859001
Kiribati,2006,64.960999
Kiribati,2007,65.054001
Kiribati,2008,65.146004
Kiribati,2009,65.244003
Kiribati,2010,65.353996
Kiribati,2011,65.481003
Kiribati,2012,65.623001
Kiribati,2013,65.779999
Kuwait,2003,73.366997
Kuwait,2004,73.433998
Kuwait,2005,73.504997
Kuwait,2006,73.584
Kuwait,2007,73.669998
Kuwait,2008,73.764
Kuwait,2009,73.867996
Kuwait,2010,73.978996
Kuwait,2011,74.096001
Kuwait,2012,74.217003
Kuwait,2013,74.337997
Kyrgyzstan,2003,66.792
Kyrgyzstan,2004,66.912003
Kyrgyzstan,2005,67.046997
Kyrgyzstan,2006,67.237999
Kyrgyzstan,2007,67.514
Kyrgyzstan,2008,67.887001
Kyrgyzstan,2009,68.346001
Kyrgyzstan,2010,68.860001
Kyrgyzstan,2011,69.380997
Kyrgyzstan,2012,69.861
Kyrgyzstan,2013,70.264999
Latvia,2003,70.709
Latvia,2004,70.931999
Latvia,2005,71.129997
Latvia,2006,71.339996
Latvia,2007,71.598
Latvia,2008,71.920998
Latvia,2009,72.306999
Latvia,2010,72.737999
Latvia,2011,73.177002
Latvia,2012,73.586998
Latvia,2013,73.936996
Lebanon,2003,75.891998
Lebanon,2004,76.350998
Lebanon,2005,76.786003
Lebanon,2006,77.186996
Lebanon,2007,77.553001
Lebanon,2008,77.880997
Lebanon,2009,78.172997
Lebanon,2010,78.43
Lebanon,2011,78.655998
Lebanon,2012,78.860001
Lebanon,2013,79.050003
Lesotho,2003,46.021
Lesotho,2004,46.077999
Lesotho,2005,46.521
Lesotho,2006,47.265999
Lesotho,2007,48.171001
Lesotho,2008,49.112
Lesotho,2009,50.014
Lesotho,2010,50.826
Lesotho,2011,51.529999
Lesotho,2012,52.158001
Lesotho,2013,52.737999
Liberia,2003,53.323002
Liberia,2004,54.084
Liberia,2005,55.051998
Liberia,2006,56.136002
Liberia,2007,57.207001
Liberia,2008,58.167
Liberia,2009,58.977001
Liberia,2010,59.631001
Liberia,2011,60.154999
Liberia,2012,60.615002
Liberia,2013,61.066002
Lithuania,2003,71.527
Lithuania,2004,71.617996
Lithuania,2005,71.695
Lithuania,2006,71.795998
Lithuania,2007,71.957001
Lithuania,2008,72.196999
Lithuania,2009,72.514999
Lithuania,2010,72.890999
Lithuania,2011,73.290001
Lithuania,2012,73.671997
Lithuania,2013,74.002998
Luxembourg,2003,78.405998
Luxembourg,2004,78.644997
Luxembourg,2005,78.888
Luxembourg,2006,79.144997
Luxembourg,2007,79.420998
Luxembourg,2008,79.718002
Luxembourg,2009,80.031998
Luxembourg,2010,80.350998
Luxembourg,2011,80.663002
Luxembourg,2012,80.952003
Luxembourg,2013,81.210999
Madagascar,2003,60.256001
Madagascar,2004,60.751999
Madagascar,2005,61.212002
Madagascar,2006,61.650002
Madagascar,2007,62.078999
Madagascar,2008,62.508999
Madagascar,2009,62.944
Madagascar,2010,63.388
Madagascar,2011,63.835999
Madagascar,2012,64.279999
Madagascar,2013,64.712997
Malawi,2003,47.842999
Malawi,2004,48.735001
Malawi,2005,49.846001
Malawi,2006,51.162998
Malawi,2007,52.630001
Malawi,2008,54.176998
Malawi,2009,55.744999
Malawi,2010,57.263
Malawi,2011,58.667
Malawi,2012,59.926998
Malawi,2013,61.02
Malaysia,2003,73.241997
Malaysia,2004,73.356003
Malaysia,2005,73.462997
Malaysia,2006,73.577003
Malaysia,2007,73.704002
Malaysia,2008,73.851997
Malaysia,2009,74.022003
Malaysia,2010,74.209999
Malaysia,2011,74.407997
Malaysia,2012,74.606003
Malaysia,2013,74.796997
Maldives,2003,72.602997
Maldives,2004,73.417999
Maldives,2005,74.151001
Maldives,2006,74.771004
Maldives,2007,75.268997
Maldives,2008,75.648003
Maldives,2009,75.919998
Maldives,2010,76.112
Maldives,2011,76.259003
Maldives,2012,76.401001
Maldives,2013,76.570999
Mali,2003,50.373001
Mali,2004,51.223999
Mali,2005,52.056999
Mali,2006,52.839001
Mali,2007,53.553001
Mali,2008,54.193001
Mali,2009,54.756001
Mali,2010,55.249001
Mali,2011,55.694
Mali,2012,56.122002
Mali,2013,56.556
Malta,2003,78.578003
Malta,2004,78.764
Malta,2005,78.947998
Malta,2006,79.130997
Malta,2007,79.313004
Malta,2008,79.494003
Malta,2009,79.672997
Malta,2010,79.849998
Malta,2011,80.025002
Malta,2012,80.195999
Malta,2013,80.364998
Martinique,2003,79.065002
Martinique,2004,79.320999
Martinique,2005,79.561996
Martinique,2006,79.790001
Martinique,2007,80.011002
Martinique,2008,80.226997
Martinique,2009,80.442001
Martinique,2010,80.658997
Martinique,2011,80.878998
Martinique,2012,81.101997
Martinique,2013,81.325996
Mauritania,2003,60.381001
Mauritania,2004,60.539001
Mauritania,2005,60.729
Mauritania,2006,60.952
Mauritania,2007,61.199001
Mauritania,2008,61.460999
Mauritania,2009,61.73
Mauritania,2010,61.997002
Mauritania,2011,62.252998
Mauritania,2012,62.492001
Mauritania,2013,62.710999
Mauritius,2003,72.061996
Mauritius,2004,72.272003
Mauritius,2005,72.445999
Mauritius,2006,72.603996
Mauritius,2007,72.773003
Mauritius,2008,72.970001
Mauritius,2009,73.197998
Mauritius,2010,73.449997
Mauritius,2011,73.711998
Mauritius,2012,73.964996
Mauritius,2013,74.194
Mayotte,2003,76.625999
Mayotte,2004,76.929001
Mayotte,2005,77.228996
Mayotte,2006,77.525002
Mayotte,2007,77.819
Mayotte,2008,78.110001
Mayotte,2009,78.396004
Mayotte,2010,78.675003
Mayotte,2011,78.945
Mayotte,2012,79.204002
Mayotte,2013,79.450996
Mexico,2003,75.001999
Mexico,2004,75.18
Mexico,2005,75.347
Mexico,2006,75.504997
Mexico,2007,75.655998
Mexico,2008,75.802002
Mexico,2009,75.947998
Mexico,2010,76.096001
Mexico,2011,76.250999
Mexico,2012,76.412003
Mexico,2013,76.579002
Mongolia,2003,64.230003
Mongolia,2004,64.670998
Mongolia,2005,65.103996
Mongolia,2006,65.539001
Mongolia,2007,65.987
Mongolia,2008,66.448997
Mongolia,2009,66.919998
Mongolia,2010,67.383003
Mongolia,2011,67.82
Mongolia,2012,68.214996
Mongolia,2013,68.557999
Morocco,2003,70.295998
Morocco,2004,70.873001
Morocco,2005,71.456001
Morocco,2006,72.028999
Morocco,2007,72.580002
Morocco,2008,73.097
Morocco,2009,73.571999
Morocco,2010,73.999001
Morocco,2011,74.376999
Morocco,2012,74.717003
Morocco,2013,75.026001
Mozambique,2003,50.007
Mozambique,2004,50.662998
Mozambique,2005,51.362
Mozambique,2006,52.078999
Mozambique,2007,52.785
Mozambique,2008,53.459
Mozambique,2009,54.096001
Mozambique,2010,54.700001
Mozambique,2011,55.287998
Mozambique,2012,55.877998
Mozambique,2013,56.483002
Myanmar,2003,63.046001
Myanmar,2004,63.323002
Myanmar,2005,63.597
Myanmar,2006,63.880001
Myanmar,2007,64.181
Myanmar,2008,64.500999
Myanmar,2009,64.837997
Myanmar,2010,65.178001
Myanmar,2011,65.505997
Myanmar,2012,65.805
Myanmar,2013,66.066002
Namibia,2003,53.693001
Namibia,2004,53.48
Namibia,2005,53.563
Namibia,2006,53.983002
Namibia,2007,54.712002
Namibia,2008,55.696999
Namibia,2009,56.882999
Namibia,2010,58.188999
Namibia,2011,59.527
Namibia,2012,60.814999
Namibia,2013,61.981998
Nepal,2003,64.375999
Nepal,2004,64.973
Nepal,2005,65.537003
Nepal,2006,66.066002
Nepal,2007,66.565002
Nepal,2008,67.036003
Nepal,2009,67.484001
Nepal,2010,67.914001
Nepal,2011,68.329002
Nepal,2012,68.732002
Nepal,2013,69.125999
Netherlands,2003,78.836998
Netherlands,2004,79.110001
Netherlands,2005,79.401001
Netherlands,2006,79.702003
Netherlands,2007,80.000999
Netherlands,2008,80.287003
Netherlands,2009,80.554001
Netherlands,2010,80.796997
Netherlands,2011,81.014
Netherlands,2012,81.209999
Netherlands,2013,81.389
New Caledonia,2003,74.176003
New Caledonia,2004,74.403
New Caledonia,2005,74.625
New Caledonia,2006,74.845001
New Caledonia,2007,75.064003
New Caledonia,2008,75.283997
New Caledonia,2009,75.502998
New Caledonia,2010,75.721001
New Caledonia,2011,75.938004
New Caledonia,2012,76.150002
New Caledonia,2013,76.358002
New Zealand,2003,79.199997
New Zealand,2004,79.473999
New Zealand,2005,79.734001
New Zealand,2006,79.980003
New Zealand,2007,80.213997
New Zealand,2008,80.438004
New Zealand,2009,80.653
New Zealand,2010,80.857002
New Zealand,2011,81.050003
New Zealand,2012,81.232002
New Zealand,2013,81.404999
Nicaragua,2003,71.116997
Nicaragua,2004,71.537003
Nicaragua,2005,71.934998
Nicaragua,2006,72.313004
Nicaragua,2007,72.677002
Nicaragua,2008,73.028
Nicaragua,2009,73.369003
Nicaragua,2010,73.698997
Nicaragua,2011,74.015999
Nicaragua,2012,74.319
Nicaragua,2013,74.608002
Niger,2003,51.77
Niger,2004,52.436001
Niger,2005,53.126999
Niger,2006,53.848999
Niger,2007,54.592999
Niger,2008,55.349998
Niger,2009,56.105
Niger,2010,56.838001
Niger,2011,57.528
Niger,2012,58.16
Niger,2013,58.727001
Nigeria,2003,47.240002
Nigeria,2003,47.240002
Nigeria,2004,47.716999
Nigeria,2004,47.716999
Nigeria,2005,48.245998
Nigeria,2005,48.245998
Nigeria,2006,48.801998
Nigeria,2006,48.801998
Nigeria,2007,49.355999
Nigeria,2007,49.355999
Nigeria,2008,49.887001
Nigeria,2008,49.887001
Nigeria,2009,50.384998
Nigeria,2009,50.384998
Nigeria,2010,50.847
Nigeria,2010,50.847
Nigeria,2011,51.278999
Nigeria,2011,51.278999
Nigeria,2012,51.699001
Nigeria,2012,51.699001
Nigeria,2013,52.120998
Nigeria,2013,52.120998
Norway,2003,79.473999
Norway,2004,79.720001
Norway,2005,79.971001
Norway,2006,80.222
Norway,2007,80.468002
Norway,2008,80.705002
Norway,2009,80.93
Norway,2010,81.139999
Norway,2011,81.334999
Norway,2012,81.517998
Norway,2013,81.691002
Oman,2003,73.446999
Oman,2004,73.850998
Oman,2005,74.231003
Oman,2006,74.580002
Oman,2007,74.898003
Oman,2008,75.188004
Oman,2009,75.450996
Oman,2010,75.694
Oman,2011,75.921997
Oman,2012,76.140999
Oman,2013,76.358002
Pakistan,2003,63.414001
Pakistan,2004,63.625
Pakistan,2005,63.835999
Pakistan,2006,64.059998
Pakistan,2007,64.303001
Pakistan,2008,64.565002
Pakistan,2009,64.845001
Pakistan,2010,65.134003
Pakistan,2011,65.418999
Pakistan,2012,65.685997
Pakistan,2013,65.927002
Panama,2003,75.613998
Panama,2004,75.781998
Panama,2005,75.946999
Panama,2006,76.113998
Panama,2007,76.285004
Panama,2008,76.459999
Panama,2009,76.640999
Panama,2010,76.828003
Panama,2011,77.021004
Panama,2012,77.216003
Panama,2013,77.413002
Papua New Guinea,2003,62.784
Papua New Guinea,2003,62.784
Papua New Guinea,2004,63.112999
Papua New Guinea,2004,63.112999
Papua New Guinea,2005,63.432999
Papua New Guinea,2005,63.432999
Papua New Guinea,2006,63.733002
Papua New Guinea,2006,63.733002
Papua New Guinea,2007,64.005997
Papua New Guinea,2007,64.005997
Papua New Guinea,2008,64.247002
Papua New Guinea,2008,64.247002
Papua New Guinea,2009,64.455002
Papua New Guinea,2009,64.455002
Papua New Guinea,2010,64.634003
Papua New Guinea,2010,64.634003
Papua New Guinea,2011,64.791
Papua New Guinea,2011,64.791
Papua New Guinea,2012,64.936996
Papua New Guinea,2012,64.936996
Papua New Guinea,2013,65.082001
Papua New Guinea,2013,65.082001
Paraguay,2003,70.837997
Paraguay,2004,71.067001
Paraguay,2005,71.280998
Paraguay,2006,71.485001
Paraguay,2007,71.685997
Paraguay,2008,71.887001
Paraguay,2009,72.088997
Paraguay,2010,72.285004
Paraguay,2011,72.470001
Paraguay,2012,72.638
Paraguay,2013,72.786003
Peru,2003,71.783997
Peru,2004,72.146004
Peru,2005,72.473
Peru,2006,72.764
Peru,2007,73.023003
Peru,2008,73.258003
Peru,2009,73.474998
Peru,2010,73.681
Peru,2011,73.883003
Peru,2012,74.087997
Peru,2013,74.297997
Philippines,2003,67.555
Philippines,2004,67.669998
Philippines,2005,67.782997
Philippines,2006,67.891998
Philippines,2007,68
Philippines,2008,68.105003
Philippines,2009,68.210999
Philippines,2010,68.32
Philippines,2011,68.432999
Philippines,2012,68.553001
Philippines,2013,68.68
Poland,2003,74.652
Poland,2004,74.894997
Poland,2005,75.112
Poland,2006,75.319
Poland,2007,75.532997
Poland,2008,75.764999
Poland,2009,76.017998
Poland,2010,76.287003
Poland,2011,76.557999
Poland,2012,76.817001
Poland,2013,77.053001
Portugal,2003,77.763
Portugal,2004,78.114998
Portugal,2005,78.459999
Portugal,2006,78.793999
Portugal,2007,79.112
Portugal,2008,79.411003
Portugal,2009,79.689003
Portugal,2010,79.945999
Portugal,2011,80.183998
Portugal,2012,80.406998
Portugal,2013,80.620003
Puerto Rico,2003,76.843002
Puerto Rico,2004,77.114998
Puerto Rico,2005,77.356003
Puerto Rico,2006,77.580002
Puerto Rico,2007,77.803001
Puerto Rico,2008,78.037003
Puerto Rico,2009,78.285004
Puerto Rico,2010,78.544998
Puerto Rico,2011,78.809998
Puerto Rico,2012,79.068001
Puerto Rico,2013,79.311996
Qatar,2003,76.581001
Qatar,2004,76.667999
Qatar,2005,76.753998
Qatar,2006,76.843002
Qatar,2007,76.940002
Qatar,2008,77.049004
Qatar,2009,77.168999
Qatar,2010,77.301003
Qatar,2011,77.443001
Qatar,2012,77.589996
Qatar,2013,77.738998
Reunion,2003,76.970001
Reunion,2004,77.252998
Reunion,2005,77.531998
Reunion,2006,77.806999
Reunion,2007,78.082001
Reunion,2008,78.356003
Reunion,2009,78.627998
Reunion,2010,78.896004
Reunion,2011,79.156998
Reunion,2012,79.406998
Reunion,2013,79.646004
Romania,2003,71.566002
Romania,2004,71.924004
Romania,2005,72.269997
Romania,2006,72.610001
Romania,2007,72.957001
Romania,2008,73.313004
Romania,2009,73.674004
Romania,2010,74.026001
Romania,2011,74.357002
Romania,2012,74.653
Romania,2013,74.907997
Rwanda,2003,52.268002
Rwanda,2004,53.755001
Rwanda,2005,55.43
Rwanda,2006,57.219002
Rwanda,2007,58.971001
Rwanda,2008,60.564999
Rwanda,2009,61.962002
Rwanda,2010,63.139999
Rwanda,2011,64.106003
Rwanda,2012,64.911003
Rwanda,2013,65.598
Saint Lucia,2003,72.287003
Saint Lucia,2004,72.652
Saint Lucia,2005,73.028
Saint Lucia,2006,73.392998
Saint Lucia,2007,73.727997
Saint Lucia,2008,74.019997
Saint Lucia,2009,74.264999
Saint Lucia,2010,74.464996
Saint Lucia,2011,74.633003
Saint Lucia,2012,74.788002
Saint Lucia,2013,74.946999
Saint Vincent and the Grenadines,2003,70.846001
Saint Vincent and the Grenadines,2004,71.014
Saint Vincent and the Grenadines,2005,71.218002
Saint Vincent and the Grenadines,2006,71.445999
Saint Vincent and the Grenadines,2007,71.682999
Saint Vincent and the Grenadines,2008,71.914001
Saint Vincent and the Grenadines,2009,72.129997
Saint Vincent and the Grenadines,2010,72.327003
Saint Vincent and the Grenadines,2011,72.500999
Saint Vincent and the Grenadines,2012,72.656998
Saint Vincent and the Grenadines,2013,72.802002
Samoa,2003,70.314003
Samoa,2004,70.672997
Samoa,2005,71.051003
Samoa,2006,71.450996
Samoa,2007,71.865997
Samoa,2008,72.288002
Samoa,2009,72.709999
Samoa,2010,73.122002
Samoa,2011,73.513
Samoa,2012,73.875
Samoa,2013,74.206001
Sao Tome and Principe,2003,64.021004
Sao Tome and Principe,2004,64.321999
Sao Tome and Principe,2005,64.640999
Sao Tome and Principe,2006,64.956001
Sao Tome and Principe,2007,65.248001
Sao Tome and Principe,2008,65.5
Sao Tome and Principe,2009,65.709
Sao Tome and Principe,2010,65.875
Sao Tome and Principe,2011,66.008003
Sao Tome and Principe,2012,66.125
Sao Tome and Principe,2013,66.240997
Saudi Arabia,2003,72.947998
Saudi Arabia,2004,73.041
Saudi Arabia,2005,73.112
Saudi Arabia,2006,73.176003
Saudi Arabia,2007,73.245003
Saudi Arabia,2008,73.331001
Saudi Arabia,2009,73.440002
Saudi Arabia,2010,73.573997
Saudi Arabia,2011,73.730003
Saudi Arabia,2012,73.896004
Saudi Arabia,2013,74.066002
Senegal,2003,59.23
Senegal,2004,59.859001
Senegal,2005,60.541
Senegal,2006,61.263
Senegal,2007,62.007999
Senegal,2008,62.755001
Senegal,2009,63.485001
Senegal,2010,64.177002
Senegal,2011,64.814003
Senegal,2012,65.392998
Senegal,2013,65.914001
Seychelles,2003,72.122002
Seychelles,2004,72.202003
Seychelles,2005,72.267998
Seychelles,2006,72.322998
Seychelles,2007,72.375999
Seychelles,2008,72.433998
Seychelles,2009,72.503998
Seychelles,2010,72.592003
Seychelles,2011,72.703003
Seychelles,2012,72.835999
Seychelles,2013,72.989998
Sierra Leone,2003,41.668999
Sierra Leone,2004,42.66
Sierra Leone,2005,43.624001
Sierra Leone,2006,44.566002
Sierra Leone,2007,45.5
Sierra Leone,2008,46.431999
Sierra Leone,2009,47.348
Sierra Leone,2010,48.223999
Sierra Leone,2011,49.034
Sierra Leone,2012,49.762001
Sierra Leone,2013,50.401001
Singapore,2003,79.419998
Singapore,2004,79.824997
Singapore,2005,80.230003
Singapore,2006,80.619003
Singapore,2007,80.982002
Singapore,2008,81.311996
Singapore,2009,81.602997
Singapore,2010,81.856003
Singapore,2011,82.078003
Singapore,2012,82.279999
Singapore,2013,82.473
Slovakia,2003,73.882004
Slovakia,2004,74.069
Slovakia,2005,74.262001
Slovakia,2006,74.474998
Slovakia,2007,74.713997
Slovakia,2008,74.977997
Slovakia,2009,75.264
Slovakia,2010,75.559998
Slovakia,2011,75.848999
Slovakia,2012,76.115997
Slovakia,2013,76.350998
Slovenia,2003,76.859001
Slovenia,2004,77.209999
Slovenia,2005,77.581001
Slovenia,2006,77.969002
Slovenia,2007,78.364998
Slovenia,2008,78.761002
Slovenia,2009,79.146004
Slovenia,2010,79.509003
Slovenia,2011,79.839996
Slovenia,2012,80.133003
Slovenia,2013,80.389999
Solomon Islands,2003,64.971001
Solomon Islands,2004,65.549004
Solomon Islands,2005,66.103996
Solomon Islands,2006,66.635002
Solomon Islands,2007,67.147003
Solomon Islands,2008,67.640999
Solomon Islands,2009,68.117996
Solomon Islands,2010,68.571999
Solomon Islands,2011,69.000999
Solomon Islands,2012,69.400002
Solomon Islands,2013,69.771004
Somalia,2003,51.761002
Somalia,2004,52.042
Somalia,2005,52.344002
Somalia,2006,52.666
Somalia,2007,52.995998
Somalia,2008,53.323002
Somalia,2009,53.652
Somalia,2010,53.986
Somalia,2011,54.332001
Somalia,2012,54.694
Somalia,2013,55.071999
South Africa,2003,53.480999
South Africa,2004,52.877998
South Africa,2005,52.567001
South Africa,2006,52.613998
South Africa,2007,53.009998
South Africa,2008,53.720001
South Africa,2009,54.701
South Africa,2010,55.888
South Africa,2011,57.201
South Africa,2012,58.544998
South Africa,2013,59.830002
South Sudan,2003,50.393002
South Sudan,2004,50.782001
South Sudan,2005,51.189999
South Sudan,2006,51.626999
South Sudan,2007,52.095001
South Sudan,2008,52.591
South Sudan,2009,53.112999
South Sudan,2010,53.654999
South Sudan,2011,54.206001
South Sudan,2012,54.756001
South Sudan,2013,55.293999
Spain,2003,80.032997
Spain,2004,80.285004
Spain,2005,80.544998
Spain,2006,80.813004
Spain,2007,81.086998
Spain,2008,81.361
Spain,2009,81.634003
Spain,2010,81.898003
Spain,2011,82.149002
Spain,2012,82.385002
Spain,2013,82.602997
Sri Lanka,2003,73.127998
Sri Lanka,2004,73.593002
Sri Lanka,2005,73.896004
Sri Lanka,2006,74.058998
Sri Lanka,2007,74.143997
Sri Lanka,2008,74.207001
Sri Lanka,2009,74.269997
Sri Lanka,2010,74.351997
Sri Lanka,2011,74.461998
Sri Lanka,2012,74.593002
Sri Lanka,2013,74.740997
Sudan,2003,59.582001
Sudan,2004,59.993
Sudan,2005,60.416
Sudan,2006,60.854
Sudan,2007,61.299999
Sudan,2008,61.749001
Sudan,2009,62.193001
Sudan,2010,62.619999
Sudan,2011,63.019001
Sudan,2012,63.383999
Sudan,2013,63.712002
Suriname,2003,68.238998
Suriname,2004,68.480003
Suriname,2005,68.767998
Suriname,2006,69.088997
Suriname,2007,69.421997
Suriname,2008,69.749001
Suriname,2009,70.056999
Suriname,2010,70.334999
Suriname,2011,70.578003
Suriname,2012,70.790001
Suriname,2013,70.975998
Swaziland,2003,46.018002
Swaziland,2004,45.904999
Swaziland,2005,46.185001
Swaziland,2006,46.846001
Swaziland,2007,47.805
Swaziland,2008,48.969002
Swaziland,2009,50.259998
Swaziland,2010,51.598
Swaziland,2011,52.911999
Swaziland,2012,54.158001
Swaziland,2013,55.296001
Sweden,2003,80.235001
Sweden,2004,80.413002
Sweden,2005,80.596001
Sweden,2006,80.780998
Sweden,2007,80.963997
Sweden,2008,81.142998
Sweden,2009,81.317001
Sweden,2010,81.486
Sweden,2011,81.650002
Sweden,2012,81.813004
Sweden,2013,81.974998
Switzerland,2003,80.640999
Switzerland,2004,80.903999
Switzerland,2005,81.163002
Switzerland,2006,81.413002
Switzerland,2007,81.650002
Switzerland,2008,81.872002
Switzerland,2009,82.078003
Switzerland,2010,82.269997
Switzerland,2011,82.449997
Switzerland,2012,82.625
Switzerland,2013,82.796997
Tajikistan,2003,66.726997
Tajikistan,2004,67.163002
Tajikistan,2005,67.607002
Tajikistan,2006,68.052002
Tajikistan,2007,68.487
Tajikistan,2008,68.902
Tajikistan,2009,69.290001
Tajikistan,2010,69.643997
Tajikistan,2011,69.958
Tajikistan,2012,70.234001
Tajikistan,2013,70.476997
Thailand,2003,71.424004
Thailand,2004,71.775002
Thailand,2005,72.149002
Thailand,2006,72.533997
Thailand,2007,72.915001
Thailand,2008,73.278999
Thailand,2009,73.616997
Thailand,2010,73.922997
Thailand,2011,74.196999
Thailand,2012,74.445999
Thailand,2013,74.678001
Togo,2003,53.935001
Togo,2004,54.23
Togo,2005,54.598
Togo,2006,55.048
Togo,2007,55.577999
Togo,2008,56.174
Togo,2009,56.813999
Togo,2010,57.465
Togo,2011,58.091999
Togo,2012,58.667999
Togo,2013,59.174
Tonga,2003,71.228996
Tonga,2004,71.366997
Tonga,2005,71.503998
Tonga,2006,71.639
Tonga,2007,71.773003
Tonga,2008,71.905998
Tonga,2009,72.039001
Tonga,2010,72.172997
Tonga,2011,72.307999
Tonga,2012,72.445999
Tonga,2013,72.587997
Trinidad and Tobago,2003,68.723999
Trinidad and Tobago,2004,68.816002
Trinidad and Tobago,2005,68.927002
Trinidad and Tobago,2006,69.059998
Trinidad and Tobago,2007,69.213997
Trinidad and Tobago,2008,69.384003
Trinidad and Tobago,2009,69.567001
Trinidad and Tobago,2010,69.755997
Trinidad and Tobago,2011,69.942001
Trinidad and Tobago,2012,70.117996
Trinidad and Tobago,2013,70.279999
Tunisia,2003,73.835999
Tunisia,2004,74.026001
Tunisia,2005,74.199997
Tunisia,2006,74.351997
Tunisia,2007,74.483002
Tunisia,2008,74.595001
Tunisia,2009,74.695
Tunisia,2010,74.792999
Tunisia,2011,74.900002
Tunisia,2012,75.023003
Tunisia,2013,75.167
Turkey,2003,71.599998
Turkey,2004,72.059998
Turkey,2005,72.481003
Turkey,2006,72.865997
Turkey,2007,73.219002
Turkey,2008,73.549004
Turkey,2009,73.859001
Turkey,2010,74.153999
Turkey,2011,74.436996
Turkey,2012,74.710999
Turkey,2013,74.976997
Turkmenistan,2003,64.386002
Turkmenistan,2004,64.693001
Turkmenistan,2005,65.016998
Turkmenistan,2006,65.353996
Turkmenistan,2007,65.695
Turkmenistan,2008,66.030998
Turkmenistan,2009,66.355003
Turkmenistan,2010,66.656998
Turkmenistan,2011,66.928001
Turkmenistan,2012,67.167
Turkmenistan,2013,67.375
Uganda,2003,50.394001
Uganda,2004,51.537998
Uganda,2005,52.639999
Uganda,2006,53.681
Uganda,2007,54.66
Uganda,2008,55.574001
Uganda,2009,56.409
Uganda,2010,57.153
Uganda,2011,57.796001
Uganda,2012,58.347
Uganda,2013,58.819
Ukraine,2003,67.306
Ukraine,2004,67.346001
Ukraine,2005,67.434998
Ukraine,2006,67.614998
Ukraine,2007,67.914001
Ukraine,2008,68.334
Ukraine,2009,68.862
Ukraine,2010,69.457001
Ukraine,2011,70.065002
Ukraine,2012,70.629997
Ukraine,2013,71.112
United Arab Emirates,2003,74.968002
United Arab Emirates,2004,75.199997
United Arab Emirates,2005,75.421997
United Arab Emirates,2006,75.632004
United Arab Emirates,2007,75.828003
United Arab Emirates,2008,76.012001
United Arab Emirates,2009,76.182999
United Arab Emirates,2010,76.344002
United Arab Emirates,2011,76.498001
United Arab Emirates,2012,76.648003
United Arab Emirates,2013,76.797997
United Kingdom,2003,78.528999
United Kingdom,2004,78.788002
United Kingdom,2005,79.049004
United Kingdom,2006,79.310997
United Kingdom,2007,79.577003
United Kingdom,2008,79.843002
United Kingdom,2009,80.108002
United Kingdom,2010,80.365997
United Kingdom,2011,80.610001
United Kingdom,2012,80.836998
United Kingdom,2013,81.044998
United States,2003,77.292
United States,2004,77.474998
United States,2005,77.667
United States,2006,77.859001
United States,2007,78.045998
United States,2008,78.223
United States,2009,78.387001
United States,2010,78.539001
United States,2011,78.681999
United States,2012,78.820999
United States,2013,78.959999
United States Virgin Islands,2003,77.140999
United States Virgin Islands,2004,77.289001
United States Virgin Islands,2005,77.438004
United States Virgin Islands,2006,77.598999
United States Virgin Islands,2007,77.778999
United States Virgin Islands,2008,77.982002
United States Virgin Islands,2009,78.207001
United States Virgin Islands,2010,78.447998
United States Virgin Islands,2011,78.695999
United States Virgin Islands,2012,78.939003
United States Virgin Islands,2013,79.167999
Uruguay,2003,75.427002
Uruguay,2004,75.613998
Uruguay,2005,75.792
Uruguay,2006,75.960999
Uruguay,2007,76.124001
Uruguay,2008,76.281998
Uruguay,2009,76.435997
Uruguay,2010,76.587997
Uruguay,2011,76.738998
Uruguay,2012,76.889999
Uruguay,2013,77.040001
Uzbekistan,2003,67.836998
Uzbekistan,2004,68.094002
Uzbekistan,2005,68.366997
Uzbekistan,2006,68.663002
Uzbekistan,2007,68.982002
Uzbekistan,2008,69.319
Uzbekistan,2009,69.665001
Uzbekistan,2010,70.004997
Uzbekistan,2011,70.321999
Uzbekistan,2012,70.603996
Uzbekistan,2013,70.844002
Vanuatu,2003,68.544998
Vanuatu,2004,68.889
Vanuatu,2005,69.221001
Vanuatu,2006,69.541
Vanuatu,2007,69.851997
Vanuatu,2008,70.152
Vanuatu,2009,70.442001
Vanuatu,2010,70.721001
Vanuatu,2011,70.987999
Vanuatu,2012,71.240997
Vanuatu,2013,71.481003
Venezuela,2003,72.872002
Venezuela,2004,73.014999
Venezuela,2005,73.134003
Venezuela,2006,73.235001
Venezuela,2007,73.327003
Venezuela,2008,73.418999
Venezuela,2009,73.515999
Venezuela,2010,73.625
Venezuela,2011,73.748001
Venezuela,2012,73.885002
Venezuela,2013,74.035004
Vietnam,2003,73.892998
Vietnam,2004,74.082001
Vietnam,2005,74.263
Vietnam,2006,74.438004
Vietnam,2007,74.609001
Vietnam,2008,74.777
Vietnam,2009,74.945999
Vietnam,2010,75.116997
Vietnam,2011,75.293999
Vietnam,2012,75.475998
Vietnam,2013,75.663002
Western Sahara,2003,64.142998
Western Sahara,2004,64.625
Western Sahara,2005,65.094002
Western Sahara,2006,65.556999
Western Sahara,2007,66.016998
Western Sahara,2008,66.474998
Western Sahara,2009,66.929001
Western Sahara,2010,67.372002
Western Sahara,2011,67.796997
Western Sahara,2012,68.195999
Western Sahara,2013,68.565002
Yemen,2003,61.200001
Yemen,2004,61.52
Yemen,2005,61.856998
Yemen,2006,62.205002
Yemen,2007,62.551998
Yemen,2008,62.888
Yemen,2009,63.208
Yemen,2010,63.507999
Yemen,2011,63.785999
Yemen,2012,64.045998
Yemen,2013,64.291
Zambia,2003,47.330002
Zambia,2004,48.431999
Zambia,2005,49.630001
Zambia,2006,50.929001
Zambia,2007,52.313
Zambia,2008,53.749001
Zambia,2009,55.194
Zambia,2010,56.588001
Zambia,2011,57.872002
Zambia,2012,59.011002
Zambia,2013,59.981998
Zimbabwe,2003,44.188
Zimbabwe,2004,44.570999
Zimbabwe,2005,45.282001
Zimbabwe,2006,46.344002
Zimbabwe,2007,47.719002
Zimbabwe,2008,49.337002
Zimbabwe,2009,51.122002
Zimbabwe,2010,52.974998
Zimbabwe,2011,54.799999
Zimbabwe,2012,56.515999
Zimbabwe,2013,58.053001
