Entity,Code,Year, (% of GDP)
Afghanistan,2003,8.81605343,
Afghanistan,2004,8.78670722,
Afghanistan,2005,8.06810435,
Afghanistan,2006,7.43397155,
Afghanistan,2007,6.72831635,
Afghanistan,2008,8.32809334,
Afghanistan,2009,9.41897064,
Afghanistan,2010,9.19772273,
Afghanistan,2011,7.87199189,
Afghanistan,2012,8.51891268,
Afghanistan,2013,8.13486556,
Albania,2003,6.26700723,
Albania,2004,6.37953469,
Albania,2005,6.11631076,
Albania,2006,5.86129625,
Albania,2007,6.10393525,
Albania,2008,5.86941616,
Albania,2009,5.79133946,
Albania,2010,5.33503501,
Albania,2011,5.71466526,
Albania,2012,5.58917285,
Albania,2013,5.65513948,
Algeria,2003,3.60102674,
Algeria,2004,3.54406326,
Algeria,2005,3.23516801,
Algeria,2006,3.35511843,
Algeria,2007,3.82141191,
Algeria,2008,4.20191141,
Algeria,2009,5.35942501,
Algeria,2010,5.11715468,
Algeria,2011,5.29292834,
Algeria,2012,6.14311272,
Algeria,2013,7.12438268,
Andorra,2003,5.74503291,
Andorra,2004,5.70388241,
Andorra,2005,5.22335314,
Andorra,2006,5.31389324,
Andorra,2007,6.33545578,
Andorra,2008,6.5674086,
Andorra,2009,6.75968963,
Andorra,2010,7.99926652,
Andorra,2011,6.70379149,
Andorra,2012,7.54733741,
Andorra,2013,11.4780464,
Angola,2003,4.40528442,
Angola,2004,4.70732007,
Angola,2005,4.10396002,
Angola,2006,4.54243749,
Angola,2007,3.38311163,
Angola,2008,3.84493395,
Angola,2009,4.37177378,
Angola,2010,3.39114609,
Angola,2011,3.3795827,
Angola,2012,3.30479422,
Angola,2013,4.26303169,
Antigua and Barbuda,2003,4.53434099,
Antigua and Barbuda,2004,4.20698542,
Antigua and Barbuda,2005,4.41010035,
Antigua and Barbuda,2006,4.34002161,
Antigua and Barbuda,2007,4.26972324,
Antigua and Barbuda,2008,4.69201433,
Antigua and Barbuda,2009,4.86206202,
Antigua and Barbuda,2010,5.6285144,
Antigua and Barbuda,2011,5.64852918,
Antigua and Barbuda,2012,5.38593825,
Antigua and Barbuda,2013,5.33222783,
Argentina,2003,8.21606274,
Argentina,2004,6.84056093,
Argentina,2005,6.84561938,
Argentina,2006,6.68187054,
Argentina,2007,6.49458405,
Argentina,2008,6.66371839,
Argentina,2009,7.63475841,
Argentina,2010,6.55015616,
Argentina,2011,5.89274265,
Argentina,2012,5.01904817,
Argentina,2013,4.98687258,
Armenia,2003,5.56388068,
Armenia,2004,5.50118169,
Armenia,2005,5.25211644,
Armenia,2006,4.57775072,
Armenia,2007,4.30883082,
Armenia,2008,3.79932298,
Armenia,2009,4.54532341,
Armenia,2010,4.56226302,
Armenia,2011,3.71354097,
Armenia,2012,4.48215825,
Armenia,2013,4.55022679,
Australia,2003,8.31845119,
Australia,2004,8.57432053,
Australia,2005,8.45389263,
Australia,2006,8.49118995,
Australia,2007,8.5306305,
Australia,2008,8.78349607,
Australia,2009,9.04605596,
Australia,2010,9.01527191,
Australia,2011,9.19934655,
Australia,2012,9.35738514,
Australia,2013,9.36373848,
Austria,2003,10.48033992,
Austria,2004,10.55988254,
Austria,2005,10.53141508,
Austria,2006,10.35154773,
Austria,2007,10.40127692,
Austria,2008,10.60392998,
Austria,2009,11.19443731,
Austria,2010,11.16524816,
Austria,2011,10.93557307,
Austria,2012,11.16821981,
Austria,2013,11.1377909,
Azerbaijan,2003,6.56328804,
Azerbaijan,2004,7.92454395,
Azerbaijan,2005,7.8639081,
Azerbaijan,2006,6.16806759,
Azerbaijan,2007,5.09525293,
Azerbaijan,2008,4.37406647,
Azerbaijan,2009,5.85024048,
Azerbaijan,2010,5.3336001,
Azerbaijan,2011,5.00932503,
Azerbaijan,2012,5.36689762,
Azerbaijan,2013,5.53755045,
Bahamas,2003,5.6180021,
Bahamas,2004,6.02453452,
Bahamas,2005,5.95416502,
Bahamas,2006,6.93251788,
Bahamas,2007,7.07559268,
Bahamas,2008,7.3029743,
Bahamas,2009,7.4319201,
Bahamas,2010,7.43658423,
Bahamas,2011,7.63371738,
Bahamas,2012,7.43010401,
Bahamas,2013,7.04554853,
Bahrain,2003,3.73972896,
Bahrain,2004,3.36600777,
Bahrain,2005,3.15804988,
Bahrain,2006,3.07675509,
Bahrain,2007,3.07767478,
Bahrain,2008,3.16848651,
Bahrain,2009,3.786504,
Bahrain,2010,3.63764959,
Bahrain,2011,3.40195337,
Bahrain,2012,4.36591164,
Bahrain,2013,4.68637938,
Bangladesh,2003,2.51003846,
Bangladesh,2004,2.61548602,
Bangladesh,2005,2.67725039,
Bangladesh,2006,2.79623022,
Bangladesh,2007,2.79895606,
Bangladesh,2008,2.84653391,
Bangladesh,2009,2.90958368,
Bangladesh,2010,3.06355993,
Bangladesh,2011,3.155874,
Bangladesh,2012,3.08120807,
Bangladesh,2013,2.88285726,
Barbados,2003,5.81503159,
Barbados,2004,5.71254394,
Barbados,2005,5.37770788,
Barbados,2006,5.27479782,
Barbados,2007,5.63907522,
Barbados,2008,6.01496305,
Barbados,2009,6.21396814,
Barbados,2010,6.16899137,
Barbados,2011,6.66975378,
Barbados,2012,7.42925203,
Barbados,2013,7.5687307,
Belarus,2003,6.58928033,
Belarus,2004,6.58678934,
Belarus,2005,6.88634578,
Belarus,2006,6.33679804,
Belarus,2007,6.43772703,
Belarus,2008,5.94918995,
Belarus,2009,6.08504113,
Belarus,2010,5.55420409,
Belarus,2011,4.92365904,
Belarus,2012,5.00822363,
Belarus,2013,6.07206556,
Belgium,2003,9.30359795,
Belgium,2004,9.32102699,
Belgium,2005,9.24428757,
Belgium,2006,9.17112797,
Belgium,2007,9.25207442,
Belgium,2008,9.59842645,
Belgium,2009,10.39434014,
Belgium,2010,10.16564067,
Belgium,2011,10.42349563,
Belgium,2012,10.53975001,
Belgium,2013,10.57290301,
Belize,2003,4.5348229,
Belize,2004,4.39392269,
Belize,2005,4.45271318,
Belize,2006,4.40074319,
Belize,2007,4.76058357,
Belize,2008,5.09281839,
Belize,2009,5.80764478,
Belize,2010,5.84584806,
Belize,2011,5.60522062,
Belize,2012,5.45306037,
Belize,2013,5.79061965,
Benin,2003,4.63066141,
Benin,2004,4.56185468,
Benin,2005,4.73384847,
Benin,2006,4.75046608,
Benin,2007,4.54583981,
Benin,2008,4.19564004,
Benin,2009,4.46430984,
Benin,2010,4.94824039,
Benin,2011,5.36875255,
Benin,2012,4.85686602,
Benin,2013,4.59205377,
Bhutan,2003,4.9041054,
Bhutan,2004,4.40750213,
Bhutan,2005,5.28092275,
Bhutan,2006,5.26868823,
Bhutan,2007,5.87866065,
Bhutan,2008,6.57982434,
Bhutan,2009,6.02784218,
Bhutan,2010,5.17176159,
Bhutan,2011,4.73145771,
Bhutan,2012,3.70384573,
Bhutan,2013,3.82579516,
Bolivia,2003,5.30411075,
Bolivia,2004,5.21561551,
Bolivia,2005,5.66626332,
Bolivia,2006,5.19483534,
Bolivia,2007,4.96364424,
Bolivia,2008,5.00221817,
Bolivia,2009,5.76173626,
Bolivia,2010,5.44301385,
Bolivia,2011,5.49176327,
Bolivia,2012,5.5569911,
Bolivia,2013,5.9649866,
Botswana,2003,4.64786115,
Botswana,2004,5.55872796,
Botswana,2005,5.62371187,
Botswana,2006,4.92953585,
Botswana,2007,4.71306526,
Botswana,2008,5.55037104,
Botswana,2009,6.38817073,
Botswana,2010,5.64265217,
Botswana,2011,5.24916763,
Botswana,2012,6.27218857,
Botswana,2013,5.83806784,
Brazil,2003,6.94296392,
Brazil,2004,7.06793519,
Brazil,2005,8.26702693,
Brazil,2006,8.35570723,
Brazil,2007,8.28058988,
Brazil,2008,8.23798966,
Brazil,2009,8.64909707,
Brazil,2010,8.26736921,
Brazil,2011,8.0901717,
Brazil,2012,8.26089862,
Brazil,2013,8.48312451,
Bulgaria,2003,7.43475437,
Bulgaria,2004,7.08595529,
Bulgaria,2005,7.07978092,
Bulgaria,2006,6.6734753,
Bulgaria,2007,6.41034419,
Bulgaria,2008,6.61156197,
Bulgaria,2009,6.77819389,
Bulgaria,2010,7.24456053,
Bulgaria,2011,6.88297734,
Bulgaria,2012,7.10569778,
Bulgaria,2013,7.93021922,
Burkina Faso,2003,5.60978869,
Burkina Faso,2004,6.45328338,
Burkina Faso,2005,6.87238586,
Burkina Faso,2006,6.57889926,
Burkina Faso,2007,6.62938957,
Burkina Faso,2008,6.76855996,
Burkina Faso,2009,7.40543097,
Burkina Faso,2010,7.17005016,
Burkina Faso,2011,5.16945672,
Burkina Faso,2012,5.32688534,
Burkina Faso,2013,5.91240213,
Burundi,2003,5.24840706,
Burundi,2004,7.10205754,
Burundi,2005,9.83776739,
Burundi,2006,11.49013252,
Burundi,2007,10.02676743,
Burundi,2008,7.85946357,
Burundi,2009,6.96418727,
Burundi,2010,8.82066864,
Burundi,2011,8.57801472,
Burundi,2012,8.20755375,
Burundi,2013,8.03161378,
Cambodia,2003,6.74284618,
Cambodia,2004,6.43218295,
Cambodia,2005,5.84121965,
Cambodia,2006,4.47935339,
Cambodia,2007,3.7458317,
Cambodia,2008,5.55434947,
Cambodia,2009,6.35516894,
Cambodia,2010,5.95280478,
Cambodia,2011,5.64142819,
Cambodia,2012,6.23920837,
Cambodia,2013,5.93281822,
Cameroon,2003,4.97339975,
Cameroon,2004,4.73054345,
Cameroon,2005,4.75114245,
Cameroon,2006,4.68549975,
Cameroon,2007,4.75670352,
Cameroon,2008,5.17618655,
Cameroon,2009,5.06998858,
Cameroon,2010,5.28483734,
Cameroon,2011,3.96167517,
Cameroon,2012,4.33911457,
Cameroon,2013,4.29309731,
Canada,2003,9.54031491,
Canada,2004,9.55593893,
Canada,2005,9.57259884,
Canada,2006,9.75077613,
Canada,2007,9.834884,
Canada,2008,10.0314672,
Canada,2009,11.17309256,
Canada,2010,11.20113293,
Canada,2011,10.82129629,
Canada,2012,10.77921223,
Canada,2013,10.66516682,
Cape Verde,2003,4.99736722,
Cape Verde,2004,5.06127652,
Cape Verde,2005,4.85837167,
Cape Verde,2006,5.11488034,
Cape Verde,2007,4.30181632,
Cape Verde,2008,3.96261016,
Cape Verde,2009,4.24249163,
Cape Verde,2010,4.8314955,
Cape Verde,2011,4.5981957,
Cape Verde,2012,4.60767994,
Cape Verde,2013,4.29340629,
Central African Republic,2003,4.30920674,
Central African Republic,2004,4.10144818,
Central African Republic,2005,4.29009912,
Central African Republic,2006,3.98872906,
Central African Republic,2007,4.04420573,
Central African Republic,2008,4.30491314,
Central African Republic,2009,3.57683853,
Central African Republic,2010,3.89743425,
Central African Republic,2011,3.73272849,
Central African Republic,2012,3.62284672,
Central African Republic,2013,3.82208893,
Chad,2003,5.49054134,
Chad,2004,5.71977487,
Chad,2005,3.91024833,
Chad,2006,3.32174296,
Chad,2007,3.34616501,
Chad,2008,2.9164692,
Chad,2009,3.30677754,
Chad,2010,2.94877337,
Chad,2011,3.16873244,
Chad,2012,3.0003298,
Chad,2013,3.41745392,
Chile,2003,7.33944363,
Chile,2004,6.93393245,
Chile,2005,6.69119625,
Chile,2006,6.18107636,
Chile,2007,6.34524532,
Chile,2008,6.8683536,
Chile,2009,7.39252832,
Chile,2010,6.96860594,
Chile,2011,7.00457914,
Chile,2012,7.23794642,
Chile,2013,7.5312947,
China,2003,4.82123292,
China,2004,4.72284375,
China,2005,4.65846996,
China,2006,4.52241742,
China,2007,4.31833293,
China,2008,4.58905193,
China,2009,5.07535532,
China,2010,4.88633979,
China,2011,5.02886408,
China,2012,5.26451547,
China,2013,5.38570406,
Colombia,2003,5.92269295,
Colombia,2004,5.37077635,
Colombia,2005,5.8158366,
Colombia,2006,6.1117047,
Colombia,2007,6.25336641,
Colombia,2008,6.61993597,
Colombia,2009,7.01240715,
Colombia,2010,6.75752454,
Colombia,2011,6.63578902,
Colombia,2012,6.93347013,
Colombia,2013,6.8432,
Comoros,2003,3.64985651,
Comoros,2004,3.95907616,
Comoros,2005,4.31649402,
Comoros,2006,4.57135897,
Comoros,2007,4.93045333,
Comoros,2008,5.13058242,
Comoros,2009,3.8159446,
Comoros,2010,5.82480352,
Comoros,2011,6.09705013,
Comoros,2012,7.10723668,
Comoros,2013,6.50938357,
Congo,2003,2.61050747,
Congo,2004,2.55529589,
Congo,2005,2.42171832,
Congo,2006,2.3727083,
Congo,2007,2.53770363,
Congo,2008,2.08514176,
Congo,2009,2.26558576,
Congo,2010,2.29284845,
Congo,2011,2.79015169,
Congo,2012,3.97634646,
Congo,2013,5.09464112,
Costa Rica,2003,8.44923734,
Costa Rica,2004,7.79839004,
Costa Rica,2005,7.73973795,
Costa Rica,2006,7.8231858,
Costa Rica,2007,8.36985934,
Costa Rica,2008,9.00515369,
Costa Rica,2009,9.68658882,
Costa Rica,2010,9.65747228,
Costa Rica,2011,9.72939981,
Costa Rica,2012,9.55968402,
Costa Rica,2013,9.4665247,
Cote d'Ivoire,2003,4.65208666,
Cote d'Ivoire,2004,5.23740268,
Cote d'Ivoire,2005,5.3896073,
Cote d'Ivoire,2006,5.87099688,
Cote d'Ivoire,2007,6.34588449,
Cote d'Ivoire,2008,6.20550231,
Cote d'Ivoire,2009,6.41352727,
Cote d'Ivoire,2010,6.32384065,
Cote d'Ivoire,2011,6.42052546,
Cote d'Ivoire,2012,6.14322312,
Cote d'Ivoire,2013,5.80954361,
Croatia,2003,6.34665765,
Croatia,2004,6.55583737,
Croatia,2005,6.89409977,
Croatia,2006,6.95312104,
Croatia,2007,7.44334788,
Croatia,2008,7.7045206,
Croatia,2009,8.17701771,
Croatia,2010,8.24785313,
Croatia,2011,7.79909419,
Croatia,2012,7.79722563,
Croatia,2013,7.82827445,
Cuba,2003,6.31477793,
Cuba,2004,6.13763913,
Cuba,2005,9.39424353,
Cuba,2006,7.67119625,
Cuba,2007,10.41968483,
Cuba,2008,10.79330726,
Cuba,2009,11.78167488,
Cuba,2010,10.19428176,
Cuba,2011,10.59691898,
Cuba,2012,8.59069933,
Cuba,2013,9.48202921,
Cyprus,2003,6.83046446,
Cyprus,2004,6.41800628,
Cyprus,2005,6.3690867,
Cyprus,2006,6.27810151,
Cyprus,2007,6.05253416,
Cyprus,2008,6.89217292,
Cyprus,2009,7.40220132,
Cyprus,2010,7.2339653,
Cyprus,2011,7.53731961,
Cyprus,2012,7.43887767,
Cyprus,2013,7.45866684,
Czech Republic,2003,7.13181689,
Czech Republic,2004,6.90346859,
Czech Republic,2005,6.93394326,
Czech Republic,2006,6.69370303,
Czech Republic,2007,6.522339,
Czech Republic,2008,6.81889577,
Czech Republic,2009,7.84539515,
Czech Republic,2010,7.4318989,
Czech Republic,2011,7.50106056,
Czech Republic,2012,7.54794135,
Czech Republic,2013,7.48649513,
Democratic Republic of Congo,2003,3.20376686,
Democratic Republic of Congo,2004,3.33995801,
Democratic Republic of Congo,2005,3.14461623,
Democratic Republic of Congo,2006,3.38568114,
Democratic Republic of Congo,2007,3.61073821,
Democratic Republic of Congo,2008,4.45778277,
Democratic Republic of Congo,2009,5.6131874,
Democratic Republic of Congo,2010,4.04297925,
Democratic Republic of Congo,2011,3.53486147,
Democratic Republic of Congo,2012,3.7652661,
Democratic Republic of Congo,2013,3.88677527,
Denmark,2003,9.50939145,
Denmark,2004,9.67486939,
Denmark,2005,9.7699606,
Denmark,2006,9.92431629,
Denmark,2007,9.98729401,
Denmark,2008,10.18303034,
Denmark,2009,11.47219769,
Denmark,2010,11.08183797,
Denmark,2011,10.86554541,
Denmark,2012,10.9838191,
Denmark,2013,11.24700751,
Djibouti,2003,6.2210856,
Djibouti,2004,6.7637107,
Djibouti,2005,7.21478463,
Djibouti,2006,7.05121762,
Djibouti,2007,7.72082465,
Djibouti,2008,8.04957964,
Djibouti,2009,8.37116146,
Djibouti,2010,8.84146484,
Djibouti,2011,8.71121911,
Djibouti,2012,8.94711732,
Djibouti,2013,9.13982602,
Dominica,2003,4.58840093,
Dominica,2004,4.31835019,
Dominica,2005,4.5907974,
Dominica,2006,4.54040177,
Dominica,2007,4.66781159,
Dominica,2008,4.54347143,
Dominica,2009,5.259277,
Dominica,2010,5.71976867,
Dominica,2011,5.63311849,
Dominica,2012,5.35510714,
Dominica,2013,5.58003918,
Dominican Republic,2003,5.53403296,
Dominican Republic,2003,5.53403296,
Dominican Republic,2004,4.28073586,
Dominican Republic,2004,4.28073586,
Dominican Republic,2005,4.26151651,
Dominican Republic,2005,4.26151651,
Dominican Republic,2006,4.34435286,
Dominican Republic,2006,4.34435286,
Dominican Republic,2007,4.34354051,
Dominican Republic,2007,4.34354051,
Dominican Republic,2008,4.19632994,
Dominican Republic,2008,4.19632994,
Dominican Republic,2009,4.41085261,
Dominican Republic,2009,4.41085261,
Dominican Republic,2010,4.06246968,
Dominican Republic,2010,4.06246968,
Dominican Republic,2011,4.21893383,
Dominican Republic,2011,4.21893383,
Dominican Republic,2012,4.26412797,
Dominican Republic,2012,4.26412797,
Dominican Republic,2013,4.11902833,
Dominican Republic,2013,4.11902833,
Ecuador,2003,6.46381498,
Ecuador,2004,6.21729056,
Ecuador,2005,5.87295184,
Ecuador,2006,5.85722282,
Ecuador,2007,5.93693781,
Ecuador,2008,5.66029931,
Ecuador,2009,5.57500385,
Ecuador,2010,5.9021487,
Ecuador,2011,5.9151677,
Ecuador,2012,6.47936086,
Ecuador,2013,7.28688971,
Egypt,2003,5.41204355,
Egypt,2004,5.21090557,
Egypt,2005,5.06260429,
Egypt,2006,5.23956984,
Egypt,2007,4.95043355,
Egypt,2008,4.81986313,
Egypt,2009,5.0088987,
Egypt,2010,4.79725822,
Egypt,2011,5.03966667,
Egypt,2012,5.29360162,
Egypt,2013,5.46252124,
El Salvador,2003,7.60620874,
El Salvador,2004,7.29741079,
El Salvador,2005,7.19019921,
El Salvador,2006,6.67646241,
El Salvador,2007,6.31506264,
El Salvador,2008,6.21326237,
El Salvador,2009,6.83139755,
El Salvador,2010,6.912477,
El Salvador,2011,6.8080665,
El Salvador,2012,6.70445412,
El Salvador,2013,6.94580058,
Equatorial Guinea,2003,2.22972919,
Equatorial Guinea,2003,2.22972919,
Equatorial Guinea,2004,2.39764528,
Equatorial Guinea,2004,2.39764528,
Equatorial Guinea,2005,1.63062912,
Equatorial Guinea,2005,1.63062912,
Equatorial Guinea,2006,2.12883668,
Equatorial Guinea,2006,2.12883668,
Equatorial Guinea,2007,2.24801409,
Equatorial Guinea,2007,2.24801409,
Equatorial Guinea,2008,2.311263,
Equatorial Guinea,2008,2.311263,
Equatorial Guinea,2009,5.32060059,
Equatorial Guinea,2009,5.32060059,
Equatorial Guinea,2010,3.83919384,
Equatorial Guinea,2010,3.83919384,
Equatorial Guinea,2011,3.29221335,
Equatorial Guinea,2011,3.29221335,
Equatorial Guinea,2012,4.00084211,
Equatorial Guinea,2012,4.00084211,
Equatorial Guinea,2013,3.73335792,
Equatorial Guinea,2013,3.73335792,
Eritrea,2003,3.50246439,
Eritrea,2004,3.14235447,
Eritrea,2005,2.96792167,
Eritrea,2006,3.29897088,
Eritrea,2007,3.29157461,
Eritrea,2008,3.68846683,
Eritrea,2009,3.30193937,
Eritrea,2010,3.24031896,
Eritrea,2011,3.06088999,
Eritrea,2012,2.97641275,
Eritrea,2013,3.0122195,
Estonia,2003,4.91867721,
Estonia,2004,5.13198242,
Estonia,2005,5.01934025,
Estonia,2006,5.01483256,
Estonia,2007,5.15908483,
Estonia,2008,6.05608547,
Estonia,2009,6.93238582,
Estonia,2010,6.24878186,
Estonia,2011,5.8320426,
Estonia,2012,6.36428657,
Estonia,2013,6.48178731,
Ethiopia,2003,4.63536942,
Ethiopia,2004,4.23459837,
Ethiopia,2005,4.20170809,
Ethiopia,2006,4.46674967,
Ethiopia,2007,4.69032041,
Ethiopia,2008,4.28069284,
Ethiopia,2009,4.40929621,
Ethiopia,2010,6.86140983,
Ethiopia,2011,6.54770287,
Ethiopia,2012,5.76934846,
Ethiopia,2013,5.19220468,
Fiji,2003,3.35233567,
Fiji,2004,3.60774412,
Fiji,2005,3.60776119,
Fiji,2006,3.83604195,
Fiji,2007,3.74015968,
Fiji,2008,3.67865292,
Fiji,2009,4.25794871,
Fiji,2010,4.22789631,
Fiji,2011,4.05573589,
Fiji,2012,4.16378175,
Fiji,2013,4.26284098,
Finland,2003,8.15119542,
Finland,2004,8.20952406,
Finland,2005,8.42946509,
Finland,2006,8.38132513,
Finland,2007,8.09335361,
Finland,2008,8.35417138,
Finland,2009,9.20360107,
Finland,2010,9.0454216,
Finland,2011,9.01149493,
Finland,2012,9.29823712,
Finland,2013,9.54669008,
France,2003,10.42832417,
France,2004,10.53472683,
France,2005,10.59988615,
France,2006,10.52922033,
France,2007,10.44898821,
France,2008,10.5698701,
France,2009,11.28059369,
France,2010,11.19721933,
France,2011,11.33488998,
France,2012,11.43898967,
France,2013,11.56028303,
Gabon,2003,3.47902086,
Gabon,2004,3.25513645,
Gabon,2005,2.75520343,
Gabon,2006,2.88201626,
Gabon,2007,2.8583196,
Gabon,2008,2.535878,
Gabon,2009,3.42794074,
Gabon,2010,3.4057095,
Gabon,2011,3.12257014,
Gabon,2012,3.13156309,
Gabon,2013,3.98331084,
Gambia,2003,4.21918804,
Gambia,2004,4.3519662,
Gambia,2005,4.96685998,
Gambia,2006,5.52277969,
Gambia,2007,5.76134541,
Gambia,2008,5.9455552,
Gambia,2009,5.84983434,
Gambia,2010,5.75051063,
Gambia,2011,6.24125427,
Gambia,2012,6.12343327,
Gambia,2013,6.49113393,
Georgia,2003,8.48522551,
Georgia,2004,8.53107694,
Georgia,2005,8.59882617,
Georgia,2006,8.39422247,
Georgia,2007,8.16731799,
Georgia,2008,8.99319466,
Georgia,2009,10.19421933,
Georgia,2010,10.05158367,
Georgia,2011,9.38218863,
Georgia,2012,8.57085151,
Georgia,2013,7.2473647,
Germany,2003,10.61578862,
Germany,2004,10.37086787,
Germany,2005,10.51754561,
Germany,2006,10.34100073,
Germany,2007,10.1804053,
Germany,2008,10.39246762,
Germany,2009,11.40325491,
Germany,2010,11.25156004,
Germany,2011,10.93273699,
Germany,2012,10.99191973,
Germany,2013,11.16480314,
Ghana,2003,3.12389313,
Ghana,2004,3.95738509,
Ghana,2005,4.50784786,
Ghana,2006,4.63638188,
Ghana,2007,5.30044343,
Ghana,2008,4.85068811,
Ghana,2009,5.17304409,
Ghana,2010,5.33452117,
Ghana,2011,4.80741948,
Ghana,2012,4.7900551,
Ghana,2013,4.62620018,
Greece,2003,8.60848417,
Greece,2004,8.30236873,
Greece,2005,9.36146591,
Greece,2006,9.33528442,
Greece,2007,9.4084693,
Greece,2008,9.75879775,
Greece,2009,9.76326668,
Greece,2010,9.18486746,
Greece,2011,9.77188991,
Greece,2012,9.24254484,
Greece,2013,9.25694494,
Grenada,2003,5.89385798,
Grenada,2004,5.23515143,
Grenada,2005,5.50415611,
Grenada,2006,5.99301739,
Grenada,2007,5.87601597,
Grenada,2008,5.76329049,
Grenada,2009,6.24465331,
Grenada,2010,6.40660082,
Grenada,2011,6.34947937,
Grenada,2012,6.35657502,
Grenada,2013,6.1524108,
Guatemala,2003,6.88412953,
Guatemala,2004,6.77302634,
Guatemala,2005,6.78948738,
Guatemala,2006,7.07207735,
Guatemala,2007,6.85595784,
Guatemala,2008,6.64882824,
Guatemala,2009,6.78776437,
Guatemala,2010,6.63841729,
Guatemala,2011,6.28384359,
Guatemala,2012,6.32933891,
Guatemala,2013,6.29628068,
Guinea,2003,3.44611461,
Guinea,2004,3.13747392,
Guinea,2005,2.82148862,
Guinea,2006,3.02029095,
Guinea,2007,3.07812234,
Guinea,2008,3.2070461,
Guinea,2009,3.84851388,
Guinea,2010,4.54713891,
Guinea,2011,4.73099737,
Guinea,2012,5.39134293,
Guinea,2013,5.49316028,
Guinea-Bissau,2003,5.61914548,
Guinea-Bissau,2003,5.61914548,
Guinea-Bissau,2004,5.41321192,
Guinea-Bissau,2004,5.41321192,
Guinea-Bissau,2005,5.71621565,
Guinea-Bissau,2005,5.71621565,
Guinea-Bissau,2006,5.8746927,
Guinea-Bissau,2006,5.8746927,
Guinea-Bissau,2007,6.1035278,
Guinea-Bissau,2007,6.1035278,
Guinea-Bissau,2008,6.04978909,
Guinea-Bissau,2008,6.04978909,
Guinea-Bissau,2009,6.80645346,
Guinea-Bissau,2009,6.80645346,
Guinea-Bissau,2010,6.69821693,
Guinea-Bissau,2010,6.69821693,
Guinea-Bissau,2011,5.45611123,
Guinea-Bissau,2011,5.45611123,
Guinea-Bissau,2012,5.96143163,
Guinea-Bissau,2012,5.96143163,
Guinea-Bissau,2013,6.13947839,
Guinea-Bissau,2013,6.13947839,
Guyana,2003,5.96831608,
Guyana,2004,5.72841269,
Guyana,2005,5.82749382,
Guyana,2006,4.66920858,
Guyana,2007,6.45346258,
Guyana,2008,7.46423673,
Guyana,2009,7.32019596,
Guyana,2010,6.60294394,
Guyana,2011,6.79708665,
Guyana,2012,6.56510789,
Guyana,2013,5.09615344,
Haiti,2003,5.31704135,
Haiti,2004,5.61151004,
Haiti,2005,4.40741512,
Haiti,2006,5.69978142,
Haiti,2007,5.55702995,
Haiti,2008,5.92248802,
Haiti,2009,6.6786433,
Haiti,2010,8.09463583,
Haiti,2011,10.41487851,
Haiti,2012,9.88320415,
Haiti,2013,8.10279783,
Honduras,2003,8.29433272,
Honduras,2004,7.88885252,
Honduras,2005,7.81458832,
Honduras,2006,7.63244921,
Honduras,2007,7.89426555,
Honduras,2008,8.40137585,
Honduras,2009,8.84061142,
Honduras,2010,8.4510228,
Honduras,2011,8.56802118,
Honduras,2012,9.7798508,
Honduras,2013,9.15018328,
Hungary,2003,8.42191484,
Hungary,2004,8.08316836,
Hungary,2005,8.27979357,
Hungary,2006,8.09995208,
Hungary,2007,7.50953251,
Hungary,2008,7.32650666,
Hungary,2009,7.54933377,
Hungary,2010,7.85048555,
Hungary,2011,7.84003067,
Hungary,2012,7.74065817,
Hungary,2013,7.52727617,
Iceland,2003,10.07437408,
Iceland,2004,9.58713484,
Iceland,2005,9.20976024,
Iceland,2006,8.96470691,
Iceland,2007,8.75292103,
Iceland,2008,8.80337292,
Iceland,2009,9.12074545,
Iceland,2010,8.85548842,
Iceland,2011,8.65326311,
Iceland,2012,8.68327575,
Iceland,2013,8.75450051,
India,2003,4.29653759,
India,2004,4.22013959,
India,2005,4.28217471,
India,2006,4.24668128,
India,2007,4.22653116,
India,2008,4.33949245,
India,2009,4.37573742,
India,2010,4.27967981,
India,2011,4.33115071,
India,2012,4.389042,
India,2013,4.52911807,
Indonesia,2003,2.53372429,
Indonesia,2004,2.36774828,
Indonesia,2005,2.78958066,
Indonesia,2006,2.90514781,
Indonesia,2007,3.09844209,
Indonesia,2008,2.80594493,
Indonesia,2009,2.82545945,
Indonesia,2010,2.7406754,
Indonesia,2011,2.7131643,
Indonesia,2012,2.89787034,
Indonesia,2013,2.92591721,
Iran,2003,5.41582194,
Iran,2004,5.8876663,
Iran,2005,6.06355948,
Iran,2006,5.94523503,
Iran,2007,5.84412037,
Iran,2008,6.28314503,
Iran,2009,7.63154127,
Iran,2010,8.01924969,
Iran,2011,7.12442249,
Iran,2012,6.9838344,
Iran,2013,6.49275923,
Iraq,2003,4.36364226,
Iraq,2004,5.61200838,
Iraq,2005,4.13339428,
Iraq,2006,2.99905461,
Iraq,2007,3.69178171,
Iraq,2008,3.9279652,
Iraq,2009,4.64971686,
Iraq,2010,3.82046695,
Iraq,2011,3.31821307,
Iraq,2012,5.26411877,
Iraq,2013,5.9199233,
Ireland,2003,7.04763499,
Ireland,2004,7.33848733,
Ireland,2005,7.26683559,
Ireland,2006,7.22353538,
Ireland,2007,7.57001772,
Ireland,2008,8.64102477,
Ireland,2009,9.53009384,
Ireland,2010,8.76096475,
Ireland,2011,8.14533747,
Ireland,2012,8.32055052,
Ireland,2013,8.00927632,
Israel,2003,7.43618123,
Israel,2004,7.34611873,
Israel,2005,7.43511313,
Israel,2006,7.37962269,
Israel,2007,7.36888637,
Israel,2008,7.32999547,
Israel,2009,7.45871596,
Israel,2010,7.35697387,
Israel,2011,7.39438605,
Israel,2012,7.73373175,
Israel,2013,7.89399062,
Italy,2003,8.17185036,
Italy,2004,8.49431614,
Italy,2005,8.70707069,
Italy,2006,8.81849072,
Italy,2007,8.48168567,
Italy,2008,8.88584923,
Italy,2009,9.41489657,
Italy,2010,9.41991203,
Italy,2011,9.27499911,
Italy,2012,9.28206804,
Italy,2013,9.21721878,
Jamaica,2003,4.55821974,
Jamaica,2004,4.80457328,
Jamaica,2005,4.06830563,
Jamaica,2006,4.22114615,
Jamaica,2007,4.87190883,
Jamaica,2008,5.40429222,
Jamaica,2009,5.15809611,
Jamaica,2010,5.29687787,
Jamaica,2011,5.21156436,
Jamaica,2012,5.65711987,
Jamaica,2013,5.90574802,
Japan,2003,7.99594428,
Japan,2004,8.03487741,
Japan,2005,8.18154267,
Japan,2006,8.19413457,
Japan,2007,8.24853451,
Japan,2008,8.59902664,
Japan,2009,9.51396085,
Japan,2010,9.57849715,
Japan,2011,10.07184997,
Japan,2012,10.16980518,
Japan,2013,10.24737667,
Jordan,2003,9.15453269,
Jordan,2004,9.05278809,
Jordan,2005,8.88253327,
Jordan,2006,8.08490328,
Jordan,2007,8.34550992,
Jordan,2008,8.77647005,
Jordan,2009,9.54302829,
Jordan,2010,8.4176322,
Jordan,2011,8.38611431,
Jordan,2012,8.00466753,
Jordan,2013,7.23316979,
Kazakhstan,2003,3.69562808,
Kazakhstan,2004,3.95180407,
Kazakhstan,2005,4.06951322,
Kazakhstan,2006,3.72656036,
Kazakhstan,2007,3.18543508,
Kazakhstan,2008,3.64857277,
Kazakhstan,2009,4.13485255,
Kazakhstan,2010,4.42042194,
Kazakhstan,2011,4.05524966,
Kazakhstan,2012,4.3153085,
Kazakhstan,2013,4.29914863,
Kenya,2003,4.44734056,
Kenya,2004,4.28974554,
Kenya,2005,4.36354595,
Kenya,2006,4.24362134,
Kenya,2007,4.07795506,
Kenya,2008,3.89959146,
Kenya,2009,4.16756719,
Kenya,2010,3.97371597,
Kenya,2011,5.2314281,
Kenya,2012,5.49053237,
Kenya,2013,5.56790477,
Kiribati,2003,9.97939239,
Kiribati,2004,10.39189376,
Kiribati,2005,10.05853597,
Kiribati,2006,10.92704338,
Kiribati,2007,13.65860476,
Kiribati,2008,12.22926894,
Kiribati,2009,12.24187853,
Kiribati,2010,10.51872977,
Kiribati,2011,10.42241736,
Kiribati,2012,10.37479425,
Kiribati,2013,10.15483768,
Kuwait,2003,3.22905642,
Kuwait,2004,2.7557707,
Kuwait,2005,2.37794798,
Kuwait,2006,2.25224274,
Kuwait,2007,2.13286507,
Kuwait,2008,1.93147895,
Kuwait,2009,3.87051709,
Kuwait,2010,2.7596631,
Kuwait,2011,2.61661289,
Kuwait,2012,2.57201714,
Kuwait,2013,2.5600271,
Kyrgyzstan,2003,5.42793328,
Kyrgyzstan,2004,5.57289951,
Kyrgyzstan,2005,5.82230709,
Kyrgyzstan,2006,6.73429073,
Kyrgyzstan,2007,6.87338793,
Kyrgyzstan,2008,6.07102722,
Kyrgyzstan,2009,6.79492613,
Kyrgyzstan,2010,6.65733621,
Kyrgyzstan,2011,6.17973864,
Kyrgyzstan,2012,6.97356873,
Kyrgyzstan,2013,6.6786385,
Latvia,2003,6.15252413,
Latvia,2004,6.51218398,
Latvia,2005,6.37415759,
Latvia,2006,6.7991405,
Latvia,2007,7.01215151,
Latvia,2008,6.63050503,
Latvia,2009,6.83979658,
Latvia,2010,6.55480303,
Latvia,2011,6.09974017,
Latvia,2012,5.90778351,
Latvia,2013,5.66928247,
Lebanon,2003,9.3023934,
Lebanon,2004,8.90980781,
Lebanon,2005,8.41980531,
Lebanon,2006,8.83001398,
Lebanon,2007,8.9037559,
Lebanon,2008,8.07052509,
Lebanon,2009,7.42448512,
Lebanon,2010,7.19133602,
Lebanon,2011,7.12492597,
Lebanon,2012,6.9909271,
Lebanon,2013,6.63325169,
Lesotho,2003,7.1297893,
Lesotho,2004,6.96398382,
Lesotho,2005,6.29584414,
Lesotho,2006,7.11552059,
Lesotho,2007,8.46770338,
Lesotho,2008,8.85089519,
Lesotho,2009,9.79523187,
Lesotho,2010,10.87000705,
Lesotho,2011,11.78852824,
Lesotho,2012,11.14497984,
Lesotho,2013,11.07282138,
Liberia,2003,3.43834059,
Liberia,2004,8.77485716,
Liberia,2005,8.0358831,
Liberia,2006,10.90408771,
Liberia,2007,10.23524323,
Liberia,2008,11.82501159,
Liberia,2009,14.39018881,
Liberia,2010,11.86712183,
Liberia,2011,11.23228864,
Liberia,2012,10.18650065,
Liberia,2013,9.25436605,
Lithuania,2003,6.45979375,
Lithuania,2004,5.67346919,
Lithuania,2005,5.83432657,
Lithuania,2006,6.19588569,
Lithuania,2007,6.22384874,
Lithuania,2008,6.60837899,
Lithuania,2009,7.53257874,
Lithuania,2010,7.09033823,
Lithuania,2011,6.85596808,
Lithuania,2012,6.66789481,
Lithuania,2013,6.59045056,
Luxembourg,2003,7.66728887,
Luxembourg,2004,8.20455465,
Luxembourg,2005,7.94570112,
Luxembourg,2006,7.74947883,
Luxembourg,2007,6.79800543,
Luxembourg,2008,7.33859064,
Luxembourg,2009,8.1146262,
Luxembourg,2010,7.68088676,
Luxembourg,2011,7.3409169,
Luxembourg,2012,7.17505184,
Luxembourg,2013,7.09750397,
Madagascar,2003,4.81306658,
Madagascar,2004,4.8875444,
Madagascar,2005,5.03002085,
Madagascar,2006,5.11190088,
Madagascar,2007,4.98399653,
Madagascar,2008,4.49573889,
Madagascar,2009,4.70033897,
Madagascar,2010,4.86435014,
Madagascar,2011,4.2355947,
Madagascar,2012,3.45623205,
Madagascar,2013,4.14767794,
Malawi,2003,6.34731849,
Malawi,2004,7.81617071,
Malawi,2005,8.20169881,
Malawi,2006,8.99284504,
Malawi,2007,9.31250037,
Malawi,2008,10.69761085,
Malawi,2009,10.17733374,
Malawi,2010,10.04536369,
Malawi,2011,11.67225735,
Malawi,2012,12.05577458,
Malawi,2013,10.96199023,
Malaysia,2003,3.95394002,
Malaysia,2004,3.74492489,
Malaysia,2005,3.29181275,
Malaysia,2006,3.65423211,
Malaysia,2007,3.60562884,
Malaysia,2008,3.4712822,
Malaysia,2009,3.97454959,
Malaysia,2010,3.99044068,
Malaysia,2011,3.88778674,
Malaysia,2012,4.01140506,
Malaysia,2013,4.01811554,
Maldives,2003,5.89706416,
Maldives,2004,5.88874714,
Maldives,2005,9.52452498,
Maldives,2006,7.37121198,
Maldives,2007,6.64152393,
Maldives,2008,9.30458288,
Maldives,2009,9.21822502,
Maldives,2010,7.92926355,
Maldives,2011,8.11412868,
Maldives,2012,9.16358288,
Maldives,2013,11.16425478,
Mali,2003,6.25006856,
Mali,2004,6.2798959,
Mali,2005,6.33580578,
Mali,2006,6.55543828,
Mali,2007,6.97251095,
Mali,2008,6.7369722,
Mali,2009,6.84936871,
Mali,2010,6.35206417,
Mali,2011,6.58863181,
Mali,2012,6.46533952,
Mali,2013,6.5777895,
Malta,2003,8.05680621,
Malta,2004,8.46267194,
Malta,2005,8.83355332,
Malta,2006,8.93281432,
Malta,2007,8.35676141,
Malta,2008,8.15397796,
Malta,2009,8.33140474,
Malta,2010,8.29921427,
Malta,2011,9.59870689,
Malta,2012,9.95129454,
Malta,2013,9.89183881,
Marshall Islands,2003,16.86879662,
Marshall Islands,2004,17.8403202,
Marshall Islands,2005,17.4250474,
Marshall Islands,2006,19.79982033,
Marshall Islands,2007,20.42172636,
Marshall Islands,2008,19.43177259,
Marshall Islands,2009,18.97912934,
Marshall Islands,2010,17.3351136,
Marshall Islands,2011,17.18970115,
Marshall Islands,2012,16.67534375,
Marshall Islands,2013,17.23845225,
Mauritania,2003,4.52840343,
Mauritania,2004,4.70454966,
Mauritania,2005,4.2060502,
Mauritania,2006,3.20757593,
Mauritania,2007,3.53528514,
Mauritania,2008,3.22665716,
Mauritania,2009,3.78735326,
Mauritania,2010,3.27934195,
Mauritania,2011,2.86968767,
Mauritania,2012,3.36153201,
Mauritania,2013,3.63447484,
Mauritius,2003,4.14728086,
Mauritius,2004,4.29214123,
Mauritius,2005,4.46865768,
Mauritius,2006,4.37870539,
Mauritius,2007,4.24109725,
Mauritius,2008,4.60310258,
Mauritius,2009,4.96772048,
Mauritius,2010,5.28526703,
Mauritius,2011,5.02482988,
Mauritius,2012,4.7562462,
Mauritius,2013,4.82151957,
Mexico,2003,6.02185177,
Mexico,2004,6.11044039,
Mexico,2005,6.0443102,
Mexico,2006,5.83217814,
Mexico,2007,5.91563943,
Mexico,2008,6.06132066,
Mexico,2009,6.59579987,
Mexico,2010,6.39444283,
Mexico,2011,6.04343893,
Mexico,2012,6.21482997,
Mexico,2013,6.29528345,
Monaco,2003,3.9340387,
Monaco,2004,4.02616923,
Monaco,2005,4.00135654,
Monaco,2006,3.81972113,
Monaco,2007,3.38073993,
Monaco,2008,3.63699333,
Monaco,2009,4.29791231,
Monaco,2010,4.40020002,
Monaco,2011,4.19310875,
Monaco,2012,4.25538691,
Monaco,2013,4.0300074,
Mongolia,2003,6.17936733,
Mongolia,2004,5.99465876,
Mongolia,2005,5.08566386,
Mongolia,2006,4.67597361,
Mongolia,2007,5.06366434,
Mongolia,2008,5.57702988,
Mongolia,2009,5.2898624,
Mongolia,2010,4.69693758,
Mongolia,2011,4.45434197,
Mongolia,2012,4.21982325,
Mongolia,2013,4.21146824,
Morocco,2003,5.25177742,
Morocco,2004,5.21554804,
Morocco,2005,5.05803376,
Morocco,2006,5.23396796,
Morocco,2007,5.47518256,
Morocco,2008,5.41489757,
Morocco,2009,5.66551271,
Morocco,2010,5.85885463,
Morocco,2011,5.98875179,
Morocco,2012,6.14685256,
Morocco,2013,5.93534584,
Mozambique,2003,6.3923101,
Mozambique,2004,5.91276381,
Mozambique,2005,6.86781935,
Mozambique,2006,6.51278626,
Mozambique,2007,5.25271234,
Mozambique,2008,4.91337392,
Mozambique,2009,5.43496409,
Mozambique,2010,5.3803234,
Mozambique,2011,6.23470157,
Mozambique,2012,5.57950644,
Mozambique,2013,5.89790701,
Myanmar,2003,1.96630795,
Myanmar,2004,1.96873038,
Myanmar,2005,1.83009783,
Myanmar,2006,1.77640517,
Myanmar,2007,1.68461292,
Myanmar,2008,1.87462274,
Myanmar,2009,2.04583935,
Myanmar,2010,1.92028227,
Myanmar,2011,1.86845552,
Myanmar,2012,2.21823163,
Myanmar,2013,2.15820037,
Namibia,2003,6.52403029,
Namibia,2004,6.47197619,
Namibia,2005,7.31871061,
Namibia,2006,7.19928741,
Namibia,2007,6.99321064,
Namibia,2008,7.14986622,
Namibia,2009,8.05232515,
Namibia,2010,7.89329936,
Namibia,2011,8.78046547,
Namibia,2012,8.23537727,
Namibia,2013,8.52898331,
Nauru,2003,14.40901784,
Nauru,2004,11.62229274,
Nauru,2005,12.57138688,
Nauru,2006,13.54904504,
Nauru,2007,19.14755531,
Nauru,2008,16.44113877,
Nauru,2009,9.45726812,
Nauru,2010,9.10349444,
Nauru,2011,7.66603943,
Nauru,2012,6.96990224,
Nauru,2013,4.65114671,
Nepal,2003,5.48432085,
Nepal,2004,5.82296493,
Nepal,2005,5.72405361,
Nepal,2006,5.69674996,
Nepal,2007,5.84111345,
Nepal,2008,6.43595472,
Nepal,2009,6.40782169,
Nepal,2010,6.43130604,
Nepal,2011,6.72915248,
Nepal,2012,5.8926379,
Nepal,2013,5.6862681,
Netherlands,2003,8.45717558,
Netherlands,2004,8.52118682,
Netherlands,2005,9.59771913,
Netherlands,2006,9.35703746,
Netherlands,2007,9.35717394,
Netherlands,2008,9.57126055,
Netherlands,2009,10.29027545,
Netherlands,2010,10.47572212,
Netherlands,2011,10.52716599,
Netherlands,2012,11.01234745,
Netherlands,2013,11.0448661,
New Zealand,2003,7.71206749,
New Zealand,2004,7.8882147,
New Zealand,2005,8.24881468,
New Zealand,2006,8.64627633,
New Zealand,2007,8.35417746,
New Zealand,2008,10.6984593,
New Zealand,2009,11.20574784,
New Zealand,2010,11.1979699,
New Zealand,2011,11.24147297,
New Zealand,2012,11.53033809,
New Zealand,2013,11.17351069,
Nicaragua,2003,6.11615628,
Nicaragua,2004,6.1259658,
Nicaragua,2005,6.11145325,
Nicaragua,2006,6.33185521,
Nicaragua,2007,6.91390603,
Nicaragua,2008,6.98285453,
Nicaragua,2009,6.81780512,
Nicaragua,2010,6.57853535,
Nicaragua,2011,6.39394228,
Nicaragua,2012,8.04170642,
Nicaragua,2013,8.42894257,
Niger,2003,6.23256935,
Niger,2004,6.60998896,
Niger,2005,7.14963764,
Niger,2006,7.39442881,
Niger,2007,6.93941879,
Niger,2008,6.75786887,
Niger,2009,6.97831587,
Niger,2010,6.36161217,
Niger,2011,6.66032034,
Niger,2012,6.10930646,
Niger,2013,5.0897826,
Nigeria,2003,4.04693455,
Nigeria,2003,4.04693455,
Nigeria,2004,4.32750562,
Nigeria,2004,4.32750562,
Nigeria,2005,4.10629745,
Nigeria,2005,4.10629745,
Nigeria,2006,3.65686026,
Nigeria,2006,3.65686026,
Nigeria,2007,4.4733267,
Nigeria,2007,4.4733267,
Nigeria,2008,3.99807623,
Nigeria,2008,3.99807623,
Nigeria,2009,4.23500082,
Nigeria,2009,4.23500082,
Nigeria,2010,3.47052573,
Nigeria,2010,3.47052573,
Nigeria,2011,3.68701062,
Nigeria,2011,3.68701062,
Nigeria,2012,3.2990842,
Nigeria,2012,3.2990842,
Nigeria,2013,3.70392576,
Nigeria,2013,3.70392576,
Norway,2003,9.85260059,
Norway,2004,9.44112199,
Norway,2005,8.89402506,
Norway,2006,8.43055064,
Norway,2007,8.58441414,
Norway,2008,8.4020757,
Norway,2009,9.48566447,
Norway,2010,9.2556665,
Norway,2011,9.13551098,
Norway,2012,9.15682812,
Norway,2013,9.39187284,
Oman,2003,3.17288586,
Oman,2004,2.97575695,
Oman,2005,2.58713523,
Oman,2006,2.31084657,
Oman,2007,2.42579068,
Oman,2008,2.01221452,
Oman,2009,2.83003846,
Oman,2010,2.74408324,
Oman,2011,2.49265722,
Oman,2012,2.523264,
Oman,2013,2.76083902,
Pakistan,2003,2.60877636,
Pakistan,2004,2.55792322,
Pakistan,2005,2.91358382,
Pakistan,2006,3.40168643,
Pakistan,2007,3.35353968,
Pakistan,2008,3.2590847,
Pakistan,2009,2.93914413,
Pakistan,2010,3.01609686,
Pakistan,2011,3.00636984,
Pakistan,2012,2.75972728,
Pakistan,2013,2.70392397,
Palau,2003,8.47729758,
Palau,2004,8.80431634,
Palau,2005,8.21470499,
Palau,2006,8.71445874,
Palau,2007,9.0090566,
Palau,2008,9.0740546,
Palau,2009,9.52643642,
Palau,2010,10.6424429,
Palau,2011,9.29484695,
Palau,2012,9.35998673,
Palau,2013,9.26707342,
Panama,2003,7.60445984,
Panama,2004,8.08643586,
Panama,2005,7.47896823,
Panama,2006,6.99655716,
Panama,2007,6.30662961,
Panama,2008,6.75011236,
Panama,2009,7.56026325,
Panama,2010,8.04716512,
Panama,2011,7.50141666,
Panama,2012,7.24519314,
Panama,2013,8.08587822,
Papua New Guinea,2003,6.79231045,
Papua New Guinea,2003,6.79231045,
Papua New Guinea,2004,8.39248669,
Papua New Guinea,2004,8.39248669,
Papua New Guinea,2005,6.41591818,
Papua New Guinea,2005,6.41591818,
Papua New Guinea,2006,5.91902791,
Papua New Guinea,2006,5.91902791,
Papua New Guinea,2007,4.03723822,
Papua New Guinea,2007,4.03723822,
Papua New Guinea,2008,4.05603415,
Papua New Guinea,2008,4.05603415,
Papua New Guinea,2009,4.35763089,
Papua New Guinea,2009,4.35763089,
Papua New Guinea,2010,4.17576533,
Papua New Guinea,2010,4.17576533,
Papua New Guinea,2011,4.94295908,
Papua New Guinea,2011,4.94295908,
Papua New Guinea,2012,4.55003511,
Papua New Guinea,2012,4.55003511,
Papua New Guinea,2013,4.7785428,
Papua New Guinea,2013,4.7785428,
Paraguay,2003,5.98546934,
Paraguay,2004,5.77699347,
Paraguay,2005,6.07399547,
Paraguay,2006,6.42732062,
Paraguay,2007,6.4115059,
Paraguay,2008,7.06394059,
Paraguay,2009,9.13992194,
Paraguay,2010,9.10170096,
Paraguay,2011,9.4235562,
Paraguay,2012,10.33407449,
Paraguay,2013,10.49411979,
Peru,2003,4.5988428,
Peru,2004,4.56192538,
Peru,2005,4.71800204,
Peru,2006,4.46819608,
Peru,2007,4.59945033,
Peru,2008,4.72994861,
Peru,2009,5.36154745,
Peru,2010,5.03167838,
Peru,2011,4.92714048,
Peru,2012,5.17591754,
Peru,2013,5.23182008,
Philippines,2003,3.24713196,
Philippines,2004,3.22814859,
Philippines,2005,3.9138542,
Philippines,2006,3.95164594,
Philippines,2007,3.94034192,
Philippines,2008,4.04747517,
Philippines,2009,4.41043729,
Philippines,2010,4.37397274,
Philippines,2011,4.28992635,
Philippines,2012,4.45815444,
Philippines,2013,4.55778632,
Poland,2003,6.2217914,
Poland,2004,6.18540158,
Poland,2005,6.20353532,
Poland,2006,6.1706712,
Poland,2007,6.27954647,
Poland,2008,6.87653481,
Poland,2009,7.12088233,
Poland,2010,6.88449165,
Poland,2011,6.7023798,
Poland,2012,6.61772998,
Poland,2013,6.4042609,
Portugal,2003,9.54101957,
Portugal,2004,9.83769679,
Portugal,2005,9.97647249,
Portugal,2006,9.67265428,
Portugal,2007,9.61953682,
Portugal,2008,9.89868879,
Portugal,2009,10.41844886,
Portugal,2010,10.43672755,
Portugal,2011,10.06864127,
Portugal,2012,9.74360978,
Portugal,2013,9.55334024,
Qatar,2003,4.14216222,
Qatar,2004,3.60739107,
Qatar,2005,3.01330669,
Qatar,2006,2.58341286,
Qatar,2007,2.31281695,
Qatar,2008,1.87470035,
Qatar,2009,2.63380793,
Qatar,2010,2.09267664,
Qatar,2011,1.92658264,
Qatar,2012,2.15608952,
Qatar,2013,2.14592773,
Romania,2003,5.29882356,
Romania,2004,5.43201221,
Romania,2005,5.46905767,
Romania,2006,5.05987966,
Romania,2007,5.21089978,
Romania,2008,5.33489757,
Romania,2009,5.55959499,
Romania,2010,5.83283431,
Romania,2011,5.52618204,
Romania,2012,5.47833245,
Romania,2013,5.59558777,
Rwanda,2003,6.34215334,
Rwanda,2004,6.24465499,
Rwanda,2005,6.83378867,
Rwanda,2006,10.01649788,
Rwanda,2007,8.49068054,
Rwanda,2008,7.66066411,
Rwanda,2009,7.20190506,
Rwanda,2010,7.90988034,
Rwanda,2011,7.71014085,
Rwanda,2012,7.67761838,
Rwanda,2013,7.6883653,
Saint Kitts and Nevis,2003,4.94841062,
Saint Kitts and Nevis,2004,4.72913659,
Saint Kitts and Nevis,2005,4.80077315,
Saint Kitts and Nevis,2006,5.45901566,
Saint Kitts and Nevis,2007,5.29182061,
Saint Kitts and Nevis,2008,5.91390479,
Saint Kitts and Nevis,2009,5.00208583,
Saint Kitts and Nevis,2010,5.49998123,
Saint Kitts and Nevis,2011,5.88112635,
Saint Kitts and Nevis,2012,5.78722052,
Saint Kitts and Nevis,2013,6.13575203,
Saint Lucia,2003,6.10343642,
Saint Lucia,2004,6.19944529,
Saint Lucia,2005,6.24652588,
Saint Lucia,2006,6.37266722,
Saint Lucia,2007,6.8131974,
Saint Lucia,2008,7.43456753,
Saint Lucia,2009,8.11908183,
Saint Lucia,2010,8.09611928,
Saint Lucia,2011,7.58420617,
Saint Lucia,2012,8.34772855,
Saint Lucia,2013,7.85441263,
Saint Vincent and the Grenadines,2003,3.90559599,
Saint Vincent and the Grenadines,2004,3.72254162,
Saint Vincent and the Grenadines,2005,3.65905803,
Saint Vincent and the Grenadines,2006,3.88350892,
Saint Vincent and the Grenadines,2007,3.92014582,
Saint Vincent and the Grenadines,2008,4.69654243,
Saint Vincent and the Grenadines,2009,5.13037013,
Saint Vincent and the Grenadines,2010,4.70791229,
Saint Vincent and the Grenadines,2011,4.99199565,
Saint Vincent and the Grenadines,2012,8.47719837,
Saint Vincent and the Grenadines,2013,5.2086,
Samoa,2003,4.70708479,
Samoa,2004,4.44716302,
Samoa,2005,4.4674683,
Samoa,2006,4.67689122,
Samoa,2007,5.25092298,
Samoa,2008,4.51961091,
Samoa,2009,5.04306066,
Samoa,2010,5.70478027,
Samoa,2011,5.79833054,
Samoa,2012,5.01570584,
Samoa,2013,6.90784194,
San Marino,2003,4.25442586,
San Marino,2004,4.17137933,
San Marino,2005,4.08634536,
San Marino,2006,3.85005378,
San Marino,2007,3.87083755,
San Marino,2008,3.94560934,
San Marino,2009,4.57007456,
San Marino,2010,5.01688731,
San Marino,2011,5.71712772,
San Marino,2012,6.28075946,
San Marino,2013,6.04907828,
Sao Tome and Principe,2003,11.1180666,
Sao Tome and Principe,2004,9.93609895,
Sao Tome and Principe,2005,10.03778171,
Sao Tome and Principe,2006,7.84085755,
Sao Tome and Principe,2007,7.43878143,
Sao Tome and Principe,2008,5.66213472,
Sao Tome and Principe,2009,6.6527575,
Sao Tome and Principe,2010,5.24180131,
Sao Tome and Principe,2011,5.44255012,
Sao Tome and Principe,2012,8.60347569,
Sao Tome and Principe,2013,9.76121412,
Saudi Arabia,2003,4.01870035,
Saudi Arabia,2004,3.5839803,
Saudi Arabia,2005,3.4187517,
Saudi Arabia,2006,3.54970413,
Saudi Arabia,2007,3.48745137,
Saudi Arabia,2008,2.87015066,
Saudi Arabia,2009,4.08644859,
Saudi Arabia,2010,3.49296819,
Saudi Arabia,2011,3.56571403,
Saudi Arabia,2012,3.86342862,
Saudi Arabia,2013,4.24536506,
Senegal,2003,5.39898595,
Senegal,2004,5.68098678,
Senegal,2005,5.35462391,
Senegal,2006,5.4435566,
Senegal,2007,4.72179722,
Senegal,2008,4.93514752,
Senegal,2009,4.8075596,
Senegal,2010,4.62149151,
Senegal,2011,4.41690185,
Senegal,2012,4.31118548,
Senegal,2013,4.51055336,
Seychelles,2003,4.64427154,
Seychelles,2004,4.17338663,
Seychelles,2005,3.90758098,
Seychelles,2006,3.72881909,
Seychelles,2007,3.30160537,
Seychelles,2008,2.6367745,
Seychelles,2009,2.63590921,
Seychelles,2010,3.59400354,
Seychelles,2011,3.38253043,
Seychelles,2012,4.08323853,
Seychelles,2013,3.57848961,
Sierra Leone,2003,11.69246204,
Sierra Leone,2004,11.66277367,
Sierra Leone,2005,12.24678485,
Sierra Leone,2006,10.67789154,
Sierra Leone,2007,10.1169446,
Sierra Leone,2008,10.29246346,
Sierra Leone,2009,13.13439594,
Sierra Leone,2010,10.31962615,
Sierra Leone,2011,11.98498249,
Sierra Leone,2012,11.23526449,
Sierra Leone,2013,11.58532421,
Singapore,2003,3.62564229,
Singapore,2004,3.17368627,
Singapore,2005,3.7437377,
Singapore,2006,3.65590488,
Singapore,2007,3.45830706,
Singapore,2008,3.91164646,
Singapore,2009,4.27307275,
Singapore,2010,3.95624757,
Singapore,2011,3.93233174,
Singapore,2012,4.22285179,
Singapore,2013,4.52704132,
Slovakia,2003,5.81850192,
Slovakia,2004,7.21098106,
Slovakia,2005,7.04485118,
Slovakia,2006,7.34768079,
Slovakia,2007,7.75529417,
Slovakia,2008,8.0208281,
Slovakia,2009,9.15199445,
Slovakia,2010,8.50861648,
Slovakia,2011,7.95706221,
Slovakia,2012,8.14522055,
Slovakia,2013,8.00422824,
Slovenia,2003,8.76732486,
Slovenia,2004,8.46523245,
Slovenia,2005,8.49586245,
Slovenia,2006,8.41787985,
Slovenia,2007,7.98322378,
Slovenia,2008,8.46557039,
Slovenia,2009,9.37871271,
Slovenia,2010,9.06859821,
Slovenia,2011,9.0771408,
Slovenia,2012,9.36723766,
Slovenia,2013,9.29292245,
Solomon Islands,2003,6.00398587,
Solomon Islands,2004,5.64064416,
Solomon Islands,2005,7.83435685,
Solomon Islands,2006,6.6640115,
Solomon Islands,2007,6.42147919,
Solomon Islands,2008,5.97100604,
Solomon Islands,2009,7.92179206,
Solomon Islands,2010,7.46783612,
Solomon Islands,2011,5.08309566,
Solomon Islands,2012,5.48036406,
Solomon Islands,2013,5.42167209,
South Africa,2003,8.25734824,
South Africa,2004,7.92666753,
South Africa,2005,7.76856193,
South Africa,2006,7.56779385,
South Africa,2007,7.53305757,
South Africa,2008,7.74694468,
South Africa,2009,8.38628739,
South Africa,2010,8.5041601,
South Africa,2011,8.61362713,
South Africa,2012,8.79451471,
South Africa,2013,8.77541891,
South Sudan,2012,2.7738404,
South Sudan,2013,2.61923747,
Spain,2003,7.98814212,
Spain,2004,8.04569615,
Spain,2005,8.11898424,
Spain,2006,8.23258934,
Spain,2007,8.35762244,
Spain,2008,8.80496468,
Spain,2009,9.52140118,
Spain,2010,9.55574089,
Spain,2011,9.47835693,
Spain,2012,9.38884953,
Spain,2013,9.09572402,
Sri Lanka,2003,3.9535948,
Sri Lanka,2004,4.28272642,
Sri Lanka,2005,4.06081747,
Sri Lanka,2006,4.06216396,
Sri Lanka,2007,3.75875181,
Sri Lanka,2008,3.44475072,
Sri Lanka,2009,3.36899956,
Sri Lanka,2010,3.43256993,
Sri Lanka,2011,3.2814775,
Sri Lanka,2012,3.20966147,
Sri Lanka,2013,3.67699093,
Sudan,2003,3.17703293,
Sudan,2004,3.39271563,
Sudan,2005,3.1765208,
Sudan,2006,3.92670182,
Sudan,2007,4.72342094,
Sudan,2008,8.16712987,
Sudan,2009,8.0387379,
Sudan,2010,7.96507777,
Sudan,2011,8.02944311,
Sudan,2012,8.20038881,
Sudan,2013,8.42182058,
Suriname,2003,6.62355609,
Suriname,2004,6.87614002,
Suriname,2005,6.7755102,
Suriname,2006,6.21722335,
Suriname,2007,5.92394468,
Suriname,2008,5.92226887,
Suriname,2009,6.13576782,
Suriname,2010,5.80511399,
Suriname,2011,5.93024378,
Suriname,2012,6.08716678,
Suriname,2013,5.96477182,
Swaziland,2003,5.70622138,
Swaziland,2004,5.88376476,
Swaziland,2005,6.79799069,
Swaziland,2006,6.81322502,
Swaziland,2007,7.0494846,
Swaziland,2008,8.19474448,
Swaziland,2009,8.46365405,
Swaziland,2010,8.46995395,
Swaziland,2011,8.61329306,
Swaziland,2012,8.75829595,
Swaziland,2013,9.65813772,
Sweden,2003,9.31003467,
Sweden,2004,9.08797098,
Sweden,2005,9.06150305,
Sweden,2006,8.94799761,
Sweden,2007,8.91722313,
Sweden,2008,9.22835422,
Sweden,2009,9.93895273,
Sweden,2010,9.46876598,
Sweden,2011,11.70251308,
Sweden,2012,11.80240408,
Sweden,2013,11.96648921,
Switzerland,2003,10.933913,
Switzerland,2004,10.96120293,
Switzerland,2005,10.86294204,
Switzerland,2006,10.38772207,
Switzerland,2007,10.20985654,
Switzerland,2008,10.2889506,
Switzerland,2009,11.00053859,
Switzerland,2010,11.07054472,
Switzerland,2011,11.21213823,
Switzerland,2012,11.58918948,
Switzerland,2013,11.70740988,
Tajikistan,2003,4.46175837,
Tajikistan,2004,5.07023451,
Tajikistan,2005,5.88684129,
Tajikistan,2006,5.70209357,
Tajikistan,2007,5.34661226,
Tajikistan,2008,5.58479823,
Tajikistan,2009,5.92820612,
Tajikistan,2010,6.04279741,
Tajikistan,2011,5.98248817,
Tajikistan,2012,6.39187459,
Tajikistan,2013,6.75199215,
Thailand,2003,3.58195153961161,
Thailand,2004,3.51401499905385,
Thailand,2005,3.54852822395601,
Thailand,2006,3.49340077723995,
Thailand,2007,3.5641741768548,
Thailand,2008,3.92353575246028,
Thailand,2009,4.11247893198855,
Thailand,2010,3.80909637093027,
Thailand,2011,4.11984591467243,
Thailand,2012,4.16954890790603,
Thailand,2013,4.00404729300765,
Togo,2003,4.99880284,
Togo,2004,5.06130245,
Togo,2005,5.17180825,
Togo,2006,5.56021357,
Togo,2007,5.54708083,
Togo,2008,5.73187263,
Togo,2009,6.63672007,
Togo,2010,5.36773553,
Togo,2011,5.20927104,
Togo,2012,5.11056848,
Togo,2013,5.11926485,
Tonga,2003,5.08974932,
Tonga,2004,4.87078703,
Tonga,2005,6.52379264,
Tonga,2006,5.60594356,
Tonga,2007,5.81765428,
Tonga,2008,5.12973873,
Tonga,2009,4.66848316,
Tonga,2010,4.59400374,
Tonga,2011,4.06038924,
Tonga,2012,4.51094427,
Tonga,2013,4.98418762,
Trinidad and Tobago,2003,5.12558072,
Trinidad and Tobago,2004,5.2241969,
Trinidad and Tobago,2005,5.31033616,
Trinidad and Tobago,2006,4.48975901,
Trinidad and Tobago,2007,4.82306179,
Trinidad and Tobago,2008,4.3981753,
Trinidad and Tobago,2009,6.47087206,
Trinidad and Tobago,2010,5.28531009,
Trinidad and Tobago,2011,5.05638554,
Trinidad and Tobago,2012,5.78214255,
Trinidad and Tobago,2013,5.98343264,
Tunisia,2003,5.35778086,
Tunisia,2004,5.62538521,
Tunisia,2005,5.56702876,
Tunisia,2006,5.64434473,
Tunisia,2007,5.64191897,
Tunisia,2008,5.6286516,
Tunisia,2009,6.18404687,
Tunisia,2010,6.54360565,
Tunisia,2011,7.15464127,
Tunisia,2012,7.17870481,
Tunisia,2013,7.26466474,
Turkey,2003,5.33861757,
Turkey,2004,5.37016598,
Turkey,2005,5.44880157,
Turkey,2006,5.81085626,
Turkey,2007,6.03715628,
Turkey,2008,6.07447864,
Turkey,2009,6.07952123,
Turkey,2010,5.61321761,
Turkey,2011,5.28676115,
Turkey,2012,5.2363833,
Turkey,2013,5.384456,
Turkmenistan,2003,3.85321101,
Turkmenistan,2004,4.03345977,
Turkmenistan,2005,3.51024521,
Turkmenistan,2006,2.90279089,
Turkmenistan,2007,2.15851852,
Turkmenistan,2008,1.9252072,
Turkmenistan,2009,1.88168599,
Turkmenistan,2010,1.98723852,
Turkmenistan,2011,1.98105412,
Turkmenistan,2012,1.96187546,
Turkmenistan,2013,2.12069027,
Tuvalu,2003,21.88030831,
Tuvalu,2004,16.93131245,
Tuvalu,2005,18.41012845,
Tuvalu,2006,19.37748443,
Tuvalu,2007,16.99930755,
Tuvalu,2008,13.42532962,
Tuvalu,2009,12.8212381,
Tuvalu,2010,16.75279266,
Tuvalu,2011,16.97994463,
Tuvalu,2012,13.77340665,
Tuvalu,2013,16.61044357,
Uganda,2003,7.5364715,
Uganda,2004,8.89591147,
Uganda,2005,9.36187998,
Uganda,2006,9.86250092,
Uganda,2007,9.76286949,
Uganda,2008,9.10394727,
Uganda,2009,8.42938791,
Uganda,2010,11.02478546,
Uganda,2011,9.08972092,
Uganda,2012,7.58352882,
Uganda,2013,7.47352248,
Ukraine,2003,6.93362184,
Ukraine,2004,6.60913962,
Ukraine,2005,6.41043647,
Ukraine,2006,6.39231981,
Ukraine,2007,6.35521436,
Ukraine,2008,6.63441822,
Ukraine,2009,7.79946242,
Ukraine,2010,7.80753352,
Ukraine,2011,6.98430531,
Ukraine,2012,7.46947303,
Ukraine,2013,7.66658213,
United Arab Emirates,2003,2.64640737,
United Arab Emirates,2004,2.46216142,
United Arab Emirates,2005,2.32021865,
United Arab Emirates,2006,2.32534364,
United Arab Emirates,2007,2.56564188,
United Arab Emirates,2008,2.92853487,
United Arab Emirates,2009,4.04992386,
United Arab Emirates,2010,3.92945183,
United Arab Emirates,2011,3.7038587,
United Arab Emirates,2012,3.44599956,
United Arab Emirates,2013,3.48564353,
United Kingdom,2003,7.81211385,
United Kingdom,2004,7.97890281,
United Kingdom,2005,8.23536912,
United Kingdom,2006,8.36326097,
United Kingdom,2007,8.41613855,
United Kingdom,2008,8.85089693,
United Kingdom,2009,9.80995593,
United Kingdom,2010,9.50702943,
United Kingdom,2011,9.33870027,
United Kingdom,2012,9.41083326,
United Kingdom,2013,9.33908653,
United States,2003,15.05869771,
United States,2004,15.13565701,
United States,2005,15.15399054,
United States,2006,15.2700426,
United States,2007,15.56604376,
United States,2008,16.02261006,
United States,2009,16.99914257,
United States,2010,17.0167582,
United States,2011,17.05713122,
United States,2012,17.01736133,
United States,2013,16.89772211,
Uruguay,2003,6.51517001,
Uruguay,2004,11.58763842,
Uruguay,2005,11.1496572,
Uruguay,2006,11.17178456,
Uruguay,2007,8.22815252,
Uruguay,2008,8.17280036,
Uruguay,2009,8.78469846,
Uruguay,2010,8.62826624,
Uruguay,2011,8.55410488,
Uruguay,2012,8.7407876,
Uruguay,2013,8.67769884,
Uzbekistan,2003,5.16997656,
Uzbekistan,2004,5.11436038,
Uzbekistan,2005,5.11296685,
Uzbekistan,2006,5.49300901,
Uzbekistan,2007,5.81239577,
Uzbekistan,2008,5.92163254,
Uzbekistan,2009,6.31487791,
Uzbekistan,2010,5.34396144,
Uzbekistan,2011,5.64815804,
Uzbekistan,2012,6.49281819,
Uzbekistan,2013,6.31652519,
Vanuatu,2003,4.01906287,
Vanuatu,2004,4.11663165,
Vanuatu,2005,3.86851559,
Vanuatu,2006,3.96261637,
Vanuatu,2007,3.67007251,
Vanuatu,2008,3.66361488,
Vanuatu,2009,3.90267183,
Vanuatu,2010,4.71116665,
Vanuatu,2011,3.84552673,
Vanuatu,2012,3.70249939,
Vanuatu,2013,3.92031081,
Venezuela,2003,4.93347186,
Venezuela,2004,4.77964216,
Venezuela,2005,4.6940286,
Venezuela,2006,4.85046028,
Venezuela,2007,5.25316087,
Venezuela,2008,3.98047064,
Venezuela,2009,5.81361503,
Venezuela,2010,5.03666547,
Venezuela,2011,5.2449473,
Venezuela,2012,4.80160508,
Venezuela,2013,4.93680816,
Vietnam,2003,4.83899044,
Vietnam,2004,5.08710719,
Vietnam,2005,5.37666261,
Vietnam,2006,5.56258599,
Vietnam,2007,6.0923572,
Vietnam,2008,5.52834177,
Vietnam,2009,6.0398131,
Vietnam,2010,6.36084929,
Vietnam,2011,6.2016319,
Vietnam,2012,6.96358104,
Vietnam,2013,7.16550866,
Yemen,2003,5.00406928,
Yemen,2004,4.8988836,
Yemen,2005,4.5804801,
Yemen,2006,4.81712889,
Yemen,2007,4.91766097,
Yemen,2008,5.11744651,
Yemen,2009,5.31633725,
Yemen,2010,5.17144739,
Yemen,2011,5.0414585,
Yemen,2012,5.73349373,
Yemen,2013,5.77556499,
Zambia,2003,8.17601711,
Zambia,2004,7.32536011,
Zambia,2005,7.55610861,
Zambia,2006,6.10709037,
Zambia,2007,4.36579232,
Zambia,2008,4.8719934,
Zambia,2009,4.72867894,
Zambia,2010,4.40728156,
Zambia,2011,4.262571,
Zambia,2012,4.91328998,
Zambia,2013,4.99279017,
Zimbabwe,2003,6.51500899,
Zimbabwe,2004,7.13051837,
Zimbabwe,2005,6.43560337,
Zimbabwe,2006,5.1241363,
Zimbabwe,2007,4.47385581,
Zimbabwe,2008,4.95530438,
Zimbabwe,2009,6.25858308,
Zimbabwe,2010,5.37316536,
Zimbabwe,2011,6.30657418,
Zimbabwe,2012,6.68618346,
Zimbabwe,2013,6.88119338,
