Country, Year,both,,
Afghanistan,2003,295,312,279
Afghanistan,2004,293,310,275
Afghanistan,2005,291,309,272
Afghanistan,2006,295,316,273
Afghanistan,2007,295,318,271
Afghanistan,2008,287,309,264
Afghanistan,2009,281,302,259
Afghanistan,2010,279,300,256
Afghanistan,2011,275,297,252
Afghanistan,2012,272,293,249
Afghanistan,2013,268,289,245
Albania,2003,108,143,70
Albania,2004,107,144,66
Albania,2005,105,137,70
Albania,2006,99,129,67
Albania,2007,90,121,59
Albania,2008,100,134,63
Albania,2009,91,125,56
Albania,2010,91,123,57
Albania,2011,88,119,56
Albania,2012,86,116,55
Albania,2013,84,113,54
Algeria,2003,146,164,127
Algeria,2004,140,159,121
Algeria,2005,136,155,116
Algeria,2006,132,152,111
Algeria,2007,129,151,107
Algeria,2008,126,149,103
Algeria,2009,123,147,98
Algeria,2010,119,143,94
Algeria,2011,116,141,90
Algeria,2012,113,139,87
Algeria,2013,112,137,85
Angola,2003,388,414,363
Angola,2004,386,411,362
Angola,2005,382,406,360
Angola,2006,381,404,359
Angola,2007,375,399,353
Angola,2008,371,395,349
Angola,2009,369,392,346
Angola,2010,365,388,342
Angola,2011,361,385,339
Angola,2012,358,381,336
Angola,2013,355,378,332
Antigua and Barbuda,2003,151,176,127
Antigua and Barbuda,2004,149,174,125
Antigua and Barbuda,2005,147,172,123
Antigua and Barbuda,2006,145,170,121
Antigua and Barbuda,2007,144,169,119
Antigua and Barbuda,2008,142,167,118
Antigua and Barbuda,2009,140,165,116
Antigua and Barbuda,2010,138,163,115
Antigua and Barbuda,2011,136,161,113
Antigua and Barbuda,2012,134,159,112
Antigua and Barbuda,2013,133,157,110
Argentina,2003,137,178,95
Argentina,2004,130,169,91
Argentina,2005,127,167,88
Argentina,2006,127,167,87
Argentina,2007,129,170,88
Argentina,2008,126,167,85
Argentina,2009,126,164,88
Argentina,2010,121,159,84
Argentina,2011,120,158,83
Argentina,2012,120,157,83
Argentina,2013,119,156,82
Armenia,2003,134,184,89
Armenia,2004,132,182,87
Armenia,2005,137,188,90
Armenia,2006,141,193,92
Armenia,2007,132,178,87
Armenia,2008,140,185,95
Armenia,2009,137,183,90
Armenia,2010,132,176,89
Armenia,2011,128,174,82
Armenia,2012,121,168,77
Armenia,2013,123,169,80
Australia,2003,71,90,51
Australia,2004,69,87,50
Australia,2005,67,86,48
Australia,2006,66,84,48
Australia,2007,66,84,48
Australia,2008,66,84,47
Australia,2009,66,83,49
Australia,2010,64,82,47
Australia,2011,63,79,47
Australia,2012,61,77,45
Australia,2013,61,77,45
Austria,2003,88,116,59
Austria,2004,86,115,55
Austria,2005,85,113,56
Austria,2006,81,108,53
Austria,2007,80,106,53
Austria,2008,76,101,51
Austria,2009,77,104,50
Austria,2010,75,101,49
Austria,2011,73,95,50
Austria,2012,70,92,47
Austria,2013,68,90,45
Azerbaijan,2013,121,163,79
Azerbaijan,2012,123,166,81
Azerbaijan,2011,125,170,83
Azerbaijan,2010,130,174,87
Azerbaijan,2009,132,174,90
Azerbaijan,2008,141,189,94
Azerbaijan,2007,140,186,96
Azerbaijan,2006,154,208,102
Azerbaijan,2005,162,217,109
Azerbaijan,2004,154,203,107
Azerbaijan,2003,154,201,109
Bahamas,2003,189,236,144
Bahamas,2004,174,219,129
Bahamas,2005,172,217,129
Bahamas,2006,171,216,127
Bahamas,2007,167,216,119
Bahamas,2008,167,215,119
Bahamas,2009,168,217,119
Bahamas,2010,161,207,115
Bahamas,2011,162,201,123
Bahamas,2012,167,208,128
Bahamas,2013,172,212,132
Bahrain,2003,85,92,74
Bahrain,2004,83,89,72
Bahrain,2005,81,87,70
Bahrain,2006,79,85,68
Bahrain,2007,77,83,66
Bahrain,2008,76,81,65
Bahrain,2009,74,80,64
Bahrain,2010,73,79,63
Bahrain,2011,76,83,64
Bahrain,2012,71,77,62
Bahrain,2013,70,76,61
Bangladesh,2003,161,171,150
Bangladesh,2004,158,169,146
Bangladesh,2005,155,167,142
Bangladesh,2006,152,166,137
Bangladesh,2007,151,166,134
Bangladesh,2008,147,163,129
Bangladesh,2009,144,161,126
Bangladesh,2010,142,160,122
Bangladesh,2011,140,159,119
Bangladesh,2012,137,158,115
Bangladesh,2013,135,157,112
Barbados,2003,121,150,94
Barbados,2004,119,147,92
Barbados,2005,117,145,91
Barbados,2006,115,143,89
Barbados,2007,113,140,87
Barbados,2008,111,138,85
Barbados,2009,109,136,83
Barbados,2010,106,133,81
Barbados,2011,104,131,79
Barbados,2012,102,129,78
Barbados,2013,101,127,76
Belarus,2003,253,364,136
Belarus,2004,247,355,135
Belarus,2005,252,363,136
Belarus,2006,243,351,131
Belarus,2007,226,328,123
Belarus,2008,224,329,119
Belarus,2009,226,330,120
Belarus,2010,222,330,112
Belarus,2011,232,343,118
Belarus,2012,194,289,99
Belarus,2013,203,303,103
Belgium,2003,95,124,66
Belgium,2004,91,118,63
Belgium,2005,89,116,62
Belgium,2006,85,110,60
Belgium,2007,86,110,63
Belgium,2008,87,112,61
Belgium,2009,85,108,61
Belgium,2010,81,103,59
Belgium,2011,80,101,59
Belgium,2012,78,99,56
Belgium,2013,77,97,57
Belize,2003,201,251,149
Belize,2004,197,245,145
Belize,2005,191,236,143
Belize,2006,184,227,139
Belize,2007,181,221,137
Belize,2008,181,222,136
Belize,2009,184,226,138
Belize,2010,186,228,140
Belize,2011,188,232,140
Belize,2012,189,235,140
Belize,2013,180,223,135
Benin,2003,285,313,259
Benin,2004,285,313,260
Benin,2005,285,311,261
Benin,2006,284,309,261
Benin,2007,283,307,261
Benin,2008,278,301,255
Benin,2009,259,285,234
Benin,2010,254,280,229
Benin,2011,251,275,226
Benin,2012,251,274,227
Benin,2013,251,274,228
Bhutan,2003,273,269,278
Bhutan,2004,263,260,267
Bhutan,2005,254,251,256
Bhutan,2006,245,244,247
Bhutan,2007,238,237,239
Bhutan,2008,234,232,236
Bhutan,2009,232,229,235
Bhutan,2010,228,224,232
Bhutan,2011,225,221,231
Bhutan,2012,223,217,229
Bhutan,2013,219,214,226
Bolivia (Plurinational State of),2003,230,262,197
Bolivia (Plurinational State of),2004,226,258,193
Bolivia (Plurinational State of),2005,222,254,189
Bolivia (Plurinational State of),2006,219,251,186
Bolivia (Plurinational State of),2007,216,248,182
Bolivia (Plurinational State of),2008,211,243,178
Bolivia (Plurinational State of),2009,207,238,174
Bolivia (Plurinational State of),2010,202,233,171
Bolivia (Plurinational State of),2011,198,229,167
Bolivia (Plurinational State of),2012,194,224,163
Bolivia (Plurinational State of),2013,192,222,160
Botswana,2003,693,684,703
Botswana,2004,652,644,660
Botswana,2005,566,563,569
Botswana,2006,491,494,489
Botswana,2007,436,443,430
Botswana,2008,427,434,420
Botswana,2009,393,413,374
Botswana,2010,349,400,294
Botswana,2011,325,375,272
Botswana,2012,300,349,249
Botswana,2013,286,343,225
Brazil,2003,172,229,114
Brazil,2004,170,227,113
Brazil,2005,163,218,108
Brazil,2006,161,215,107
Brazil,2007,159,212,105
Brazil,2008,158,211,104
Brazil,2009,157,209,104
Brazil,2010,154,207,101
Brazil,2011,152,203,100
Brazil,2012,148,198,97
Brazil,2013,146,196,96
Brunei Darussalam,2003,89,109,68
Brunei Darussalam,2004,89,91,88
Brunei Darussalam,2005,92,113,69
Brunei Darussalam,2006,93,106,79
Brunei Darussalam,2007,100,121,77
Brunei Darussalam,2008,84,99,69
Brunei Darussalam,2009,88,101,75
Brunei Darussalam,2010,79,94,63
Brunei Darussalam,2011,79,96,61
Brunei Darussalam,2012,79,93,64
Brunei Darussalam,2013,84,95,73
Bulgaria,2003,155,217,92
Bulgaria,2004,157,218,94
Bulgaria,2005,160,224,94
Bulgaria,2006,161,224,95
Bulgaria,2007,157,219,94
Bulgaria,2008,155,216,91
Bulgaria,2009,152,211,90
Bulgaria,2010,147,202,90
Bulgaria,2011,144,198,88
Bulgaria,2012,139,192,84
Bulgaria,2013,140,192,85
Burkina Faso,2003,332,347,320
Burkina Faso,2004,323,338,311
Burkina Faso,2005,313,330,300
Burkina Faso,2006,302,321,288
Burkina Faso,2007,293,313,277
Burkina Faso,2008,288,307,273
Burkina Faso,2009,283,301,268
Burkina Faso,2010,279,296,266
Burkina Faso,2011,275,290,263
Burkina Faso,2012,271,287,258
Burkina Faso,2013,270,287,256
Burundi,2003,387,419,353
Burundi,2004,378,407,349
Burundi,2005,369,398,340
Burundi,2006,361,389,333
Burundi,2007,355,382,328
Burundi,2008,350,377,321
Burundi,2009,338,365,310
Burundi,2010,330,356,302
Burundi,2011,321,349,293
Burundi,2012,312,340,283
Burundi,2013,303,334,271
Cambodia,2003,268,312,229
Cambodia,2004,253,295,217
Cambodia,2005,234,270,203
Cambodia,2006,216,248,189
Cambodia,2007,204,233,179
Cambodia,2008,199,228,173
Cambodia,2009,195,225,169
Cambodia,2010,192,223,165
Cambodia,2011,190,222,162
Cambodia,2012,186,220,158
Cambodia,2013,183,218,154
Cameroon,2003,412,424,400
Cameroon,2004,412,424,401
Cameroon,2005,400,413,388
Cameroon,2006,394,407,382
Cameroon,2007,395,407,383
Cameroon,2008,382,396,369
Cameroon,2009,373,387,360
Cameroon,2010,370,384,357
Cameroon,2011,371,385,357
Cameroon,2012,369,385,354
Cameroon,2013,364,393,335
Canada,2003,78,98,59
Canada,2004,77,95,57
Canada,2005,76,95,58
Canada,2006,75,93,56
Canada,2007,74,92,56
Canada,2008,74,91,56
Canada,2009,72,89,55
Canada,2010,70,87,53
Canada,2011,68,83,53
Canada,2012,68,83,52
Canada,2013,67,81,52
Central African Republic,2003,510,522,500
Central African Republic,2004,512,523,502
Central African Republic,2005,511,522,502
Central African Republic,2006,506,518,495
Central African Republic,2007,495,508,483
Central African Republic,2008,477,492,463
Central African Republic,2009,453,473,435
Central African Republic,2010,446,464,431
Central African Republic,2011,443,461,427
Central African Republic,2012,439,456,423
Central African Republic,2013,451,479,424
Chad,2003,403,422,386
Chad,2004,405,423,388
Chad,2005,406,423,390
Chad,2006,414,435,393
Chad,2007,394,410,379
Chad,2008,394,413,376
Chad,2009,370,389,353
Chad,2010,364,386,344
Chad,2011,365,387,342
Chad,2012,367,389,346
Chad,2013,366,388,344
Chile,2003,100,133,67
Chile,2004,97,129,64
Chile,2005,93,124,62
Chile,2006,91,121,61
Chile,2007,90,119,61
Chile,2008,88,119,57
Chile,2009,91,122,58
Chile,2010,89,120,58
Chile,2011,86,115,56
Chile,2012,84,113,55
Chile,2013,84,113,55
China,2003,103,116,89
China,2004,101,114,87
China,2005,99,113,85
China,2006,98,112,83
China,2007,96,110,82
China,2008,97,111,82
China,2009,93,107,79
China,2010,92,106,77
China,2011,91,104,76
China,2012,89,103,75
China,2013,88,101,74
Colombia,2003,150,200,100
Colombia,2004,148,198,98
Colombia,2005,144,191,95
Colombia,2006,147,198,96
Colombia,2007,144,193,94
Colombia,2008,146,197,94
Colombia,2009,150,204,96
Colombia,2010,150,201,97
Colombia,2011,144,193,95
Colombia,2012,143,191,94
Colombia,2013,145,194,94
Comoros,2003,271,297,244
Comoros,2004,269,295,242
Comoros,2005,266,292,239
Comoros,2006,262,288,236
Comoros,2007,259,284,233
Comoros,2008,255,280,229
Comoros,2009,251,276,225
Comoros,2010,246,271,220
Comoros,2011,241,266,215
Comoros,2012,237,262,211
Comoros,2013,233,258,208
Congo,2003,417,430,405
Congo,2004,408,420,396
Congo,2005,394,407,382
Congo,2006,368,382,354
Congo,2007,354,368,340
Congo,2008,338,352,324
Congo,2009,314,330,298
Congo,2010,298,313,282
Congo,2011,285,300,269
Congo,2012,273,294,252
Congo,2013,274,295,254
Costa Rica,2003,100,129,71
Costa Rica,2004,102,132,71
Costa Rica,2005,97,122,70
Costa Rica,2006,106,134,76
Costa Rica,2007,93,122,63
Costa Rica,2008,99,129,68
Costa Rica,2009,96,123,69
Costa Rica,2010,106,137,74
Costa Rica,2011,98,127,69
Costa Rica,2012,97,126,68
Costa Rica,2013,96,124,66
Croatia,2013,97,132,61
Croatia,2012,104,144,62
Croatia,2011,104,144,64
Croatia,2010,106,146,65
Croatia,2009,109,154,63
Croatia,2008,116,163,68
Croatia,2007,114,159,67
Croatia,2006,113,160,65
Croatia,2005,116,164,66
Croatia,2004,114,158,68
Croatia,2003,122,171,71
Cuba,2003,108,128,87
Cuba,2004,107,129,85
Cuba,2005,109,132,86
Cuba,2006,104,126,81
Cuba,2007,104,125,82
Cuba,2008,102,122,83
Cuba,2009,101,121,79
Cuba,2010,98,119,77
Cuba,2011,92,112,72
Cuba,2012,96,118,74
Cuba,2013,96,118,73
Cyprus,2003,66,87,45
Cyprus,2004,65,86,45
Cyprus,2005,65,85,44
Cyprus,2006,64,84,43
Cyprus,2007,63,82,42
Cyprus,2008,62,81,41
Cyprus,2009,60,79,40
Cyprus,2010,59,78,38
Cyprus,2011,57,76,37
Cyprus,2012,56,74,36
Cyprus,2013,54,73,35
Democratic Republic of the Congo,2003,332,359,305
Democratic Republic of the Congo,2004,323,349,298
Democratic Republic of the Congo,2005,314,340,289
Democratic Republic of the Congo,2006,306,332,281
Democratic Republic of the Congo,2007,299,325,273
Democratic Republic of the Congo,2008,295,320,270
Democratic Republic of the Congo,2009,292,317,267
Democratic Republic of the Congo,2010,283,306,260
Democratic Republic of the Congo,2011,278,301,255
Democratic Republic of the Congo,2012,277,301,252
Democratic Republic of the Congo,2013,272,297,247
Denmark,2003,101,125,76
Denmark,2004,98,121,74
Denmark,2005,92,113,70
Denmark,2006,93,116,69
Denmark,2007,93,116,70
Denmark,2008,88,107,67
Denmark,2009,86,106,65
Denmark,2010,84,104,62
Denmark,2011,79,98,59
Denmark,2012,76,94,58
Denmark,2013,75,93,56
Djibouti,2003,325,349,301
Djibouti,2004,326,349,302
Djibouti,2005,318,341,296
Djibouti,2006,309,332,286
Djibouti,2007,296,318,273
Djibouti,2008,289,312,265
Djibouti,2009,279,301,256
Djibouti,2010,273,296,250
Djibouti,2011,268,290,245
Djibouti,2012,263,285,240
Djibouti,2013,256,278,233
Dominican Republic,2008,161,199,121
Dominican Republic,2009,157,196,117
Dominican Republic,2009,157,196,117
Dominican Republic,2010,166,209,122
Dominican Republic,2010,166,209,122
Dominican Republic,2011,160,198,121
Dominican Republic,2011,160,198,121
Dominican Republic,2012,174,220,126
Dominican Republic,2012,174,220,126
Dominican Republic,2013,157,198,114
Dominican Republic,2013,157,198,114
Dominican Republic,2003,202,248,153
Dominican Republic,2003,202,248,153
Dominican Republic,2004,214,262,165
Dominican Republic,2004,214,262,165
Dominican Republic,2005,208,255,158
Dominican Republic,2005,208,255,158
Dominican Republic,2006,178,220,135
Dominican Republic,2006,178,220,135
Dominican Republic,2007,164,201,127
Dominican Republic,2007,164,201,127
Dominican Republic,2008,161,199,121
Ecuador,2003,151,192,108
Ecuador,2004,148,189,106
Ecuador,2005,151,193,107
Ecuador,2006,144,184,103
Ecuador,2007,140,181,98
Ecuador,2008,139,181,97
Ecuador,2009,137,177,95
Ecuador,2010,134,176,92
Ecuador,2011,131,170,92
Ecuador,2012,127,163,90
Ecuador,2013,121,155,86
Egypt,2003,178,219,134
Egypt,2004,176,216,132
Egypt,2005,174,213,132
Egypt,2006,175,214,132
Egypt,2007,171,211,129
Egypt,2008,172,211,130
Egypt,2009,174,213,133
Egypt,2010,173,210,133
Egypt,2011,168,208,125
Egypt,2012,165,202,126
Egypt,2013,159,196,118
El Salvador,2003,209,300,125
El Salvador,2004,215,309,127
El Salvador,2005,213,306,126
El Salvador,2006,211,306,124
El Salvador,2007,203,292,121
El Salvador,2008,194,282,115
El Salvador,2009,203,294,121
El Salvador,2010,191,277,114
El Salvador,2011,197,287,117
El Salvador,2012,181,265,107
El Salvador,2013,184,269,109
Equatorial Guinea,2013,327,342,309
Equatorial Guinea,2012,337,351,321
Equatorial Guinea,2011,344,357,330
Equatorial Guinea,2010,339,352,324
Equatorial Guinea,2009,340,355,323
Equatorial Guinea,2008,338,354,319
Equatorial Guinea,2007,339,355,320
Equatorial Guinea,2006,337,353,317
Equatorial Guinea,2005,337,354,316
Equatorial Guinea,2004,336,353,315
Equatorial Guinea,2003,334,353,311
Eritrea,2003,343,374,313
Eritrea,2004,342,374,309
Eritrea,2005,340,376,304
Eritrea,2006,336,375,297
Eritrea,2007,329,372,287
Eritrea,2008,322,369,276
Eritrea,2009,311,356,265
Eritrea,2010,298,339,258
Eritrea,2011,286,322,250
Eritrea,2012,274,308,241
Eritrea,2013,266,299,234
Estonia,2003,199,291,107
Estonia,2004,195,290,100
Estonia,2005,189,278,101
Estonia,2006,188,278,98
Estonia,2007,189,283,94
Estonia,2008,167,248,86
Estonia,2009,156,234,79
Estonia,2010,137,205,70
Estonia,2011,138,206,72
Estonia,2012,135,201,70
Estonia,2013,127,189,65
Ethiopia,2003,363,379,348
Ethiopia,2004,354,369,341
Ethiopia,2005,343,356,330
Ethiopia,2006,328,342,316
Ethiopia,2007,309,324,295
Ethiopia,2008,289,307,272
Ethiopia,2009,274,295,254
Ethiopia,2010,261,284,238
Ethiopia,2011,249,275,224
Ethiopia,2012,241,269,214
Ethiopia,2013,237,263,212
Fiji,2003,220,265,171
Fiji,2004,218,263,168
Fiji,2005,214,260,164
Fiji,2006,211,258,161
Fiji,2007,209,255,157
Fiji,2008,206,253,155
Fiji,2009,203,250,152
Fiji,2010,200,246,149
Fiji,2011,197,243,147
Fiji,2012,195,241,145
Fiji,2013,192,238,142
Finland,2003,98,136,58
Finland,2004,102,139,63
Finland,2005,101,138,62
Finland,2006,96,133,57
Finland,2007,96,134,57
Finland,2008,94,130,57
Finland,2009,91,125,56
Finland,2010,89,122,55
Finland,2011,86,117,53
Finland,2012,82,110,53
Finland,2013,79,107,51
France,2003,99,137,60
France,2004,94,129,58
France,2005,93,129,57
France,2006,92,126,56
France,2007,89,123,55
France,2008,88,121,55
France,2009,88,120,56
France,2010,86,117,54
France,2011,83,113,53
France,2012,83,112,54
France,2013,81,109,52
Gabon,2003,320,304,336
Gabon,2004,322,303,342
Gabon,2005,307,286,329
Gabon,2006,288,268,308
Gabon,2007,291,266,316
Gabon,2008,298,270,326
Gabon,2009,301,275,329
Gabon,2010,294,268,320
Gabon,2011,289,264,315
Gabon,2012,276,255,299
Gabon,2013,255,252,259
Gambia,2003,297,319,271
Gambia,2004,296,317,270
Gambia,2005,294,315,269
Gambia,2006,288,310,264
Gambia,2007,288,309,263
Gambia,2008,287,309,263
Gambia,2009,286,308,263
Gambia,2010,284,306,261
Gambia,2011,277,300,252
Gambia,2012,269,298,241
Gambia,2013,266,295,237
Georgia,2003,132,186,82
Georgia,2004,134,198,74
Georgia,2005,128,186,74
Georgia,2006,126,191,65
Georgia,2007,120,177,66
Georgia,2008,128,189,69
Georgia,2009,133,191,79
Georgia,2010,132,193,74
Georgia,2011,127,185,74
Georgia,2012,130,191,72
Georgia,2013,128,191,70
Germany,2003,90,118,61
Germany,2004,86,112,58
Germany,2005,85,111,58
Germany,2006,84,109,57
Germany,2007,82,107,56
Germany,2008,80,104,55
Germany,2009,79,102,54
Germany,2010,76,100,52
Germany,2011,74,96,51
Germany,2012,71,92,49
Germany,2013,71,92,50
Ghana,2003,308,332,285
Ghana,2004,304,327,281
Ghana,2005,296,317,274
Ghana,2006,288,308,268
Ghana,2007,280,300,261
Ghana,2008,275,295,256
Ghana,2009,271,290,251
Ghana,2010,267,287,249
Ghana,2011,263,283,244
Ghana,2012,257,280,235
Ghana,2013,254,278,230
Greece,2003,81,114,48
Greece,2004,81,114,48
Greece,2005,81,112,48
Greece,2006,77,107,46
Greece,2007,80,111,48
Greece,2008,77,106,47
Greece,2009,78,108,47
Greece,2010,76,104,47
Greece,2011,76,105,47
Greece,2012,76,104,48
Greece,2013,74,103,46
Grenada,2003,173,221,125
Grenada,2004,187,236,135
Grenada,2005,169,216,120
Grenada,2006,167,213,118
Grenada,2007,164,210,116
Grenada,2008,162,207,113
Grenada,2009,158,203,110
Grenada,2010,154,198,107
Grenada,2011,150,193,104
Grenada,2012,146,190,101
Grenada,2013,144,187,100
Guatemala,2003,204,268,144
Guatemala,2004,201,263,143
Guatemala,2005,208,274,147
Guatemala,2006,204,270,142
Guatemala,2007,192,249,138
Guatemala,2008,190,251,134
Guatemala,2009,198,260,141
Guatemala,2010,196,258,140
Guatemala,2011,193,253,138
Guatemala,2012,189,247,135
Guatemala,2013,189,251,132
Guinea,2003,338,344,332
Guinea,2004,334,343,324
Guinea,2005,327,341,312
Guinea,2006,317,337,297
Guinea,2007,306,329,282
Guinea,2008,303,326,281
Guinea,2009,297,317,277
Guinea,2010,291,307,274
Guinea,2011,290,302,278
Guinea,2012,288,296,280
Guinea,2013,284,294,275
Guinea-Bissau,2003,308,312,306
Guinea-Bissau,2004,308,316,302
Guinea-Bissau,2005,307,321,294
Guinea-Bissau,2006,306,326,287
Guinea-Bissau,2007,302,326,279
Guinea-Bissau,2008,297,322,273
Guinea-Bissau,2009,288,313,263
Guinea-Bissau,2010,287,311,264
Guinea-Bissau,2011,289,311,268
Guinea-Bissau,2012,285,308,263
Guinea-Bissau,2013,279,309,251
Guyana,2003,237,292,179
Guyana,2004,237,287,185
Guyana,2005,238,284,191
Guyana,2006,240,283,195
Guyana,2007,232,274,189
Guyana,2008,218,258,178
Guyana,2009,218,260,176
Guyana,2010,221,265,176
Guyana,2011,229,274,182
Guyana,2012,220,261,177
Guyana,2013,218,259,176
Haiti,2003,300,330,271
Haiti,2004,320,355,285
Haiti,2005,290,319,262
Haiti,2006,280,309,252
Haiti,2007,266,296,237
Haiti,2008,259,290,229
Haiti,2009,251,282,221
Haiti,2010,682,769,572
Haiti,2011,259,286,232
Haiti,2012,259,287,233
Haiti,2013,253,283,223
Honduras,2003,166,193,139
Honduras,2004,165,192,137
Honduras,2005,163,190,136
Honduras,2006,161,188,134
Honduras,2007,160,186,133
Honduras,2008,159,185,132
Honduras,2009,157,183,130
Honduras,2010,156,183,129
Honduras,2011,153,179,126
Honduras,2012,151,177,125
Honduras,2013,150,176,123
Hungary,2003,184,258,111
Hungary,2004,180,253,108
Hungary,2005,182,256,107
Hungary,2006,177,251,104
Hungary,2007,176,246,106
Hungary,2008,165,232,100
Hungary,2009,162,227,98
Hungary,2010,156,218,94
Hungary,2011,150,208,94
Hungary,2012,146,202,92
Hungary,2013,139,190,89
Iceland,2003,65,77,53
Iceland,2004,65,75,53
Iceland,2005,62,73,51
Iceland,2006,61,72,48
Iceland,2007,59,72,46
Iceland,2008,58,72,44
Iceland,2009,55,68,41
Iceland,2010,53,67,39
Iceland,2011,51,65,38
Iceland,2012,50,63,37
Iceland,2013,50,64,36
India,2003,216,244,186
India,2004,214,242,184
India,2005,211,239,181
India,2006,208,236,178
India,2007,206,234,175
India,2008,203,232,171
India,2009,200,230,167
India,2010,196,228,162
India,2011,193,226,156
India,2012,190,224,152
India,2013,187,222,148
Indonesia,2003,189,214,163
Indonesia,2004,213,245,180
Indonesia,2005,190,217,161
Indonesia,2006,191,219,161
Indonesia,2007,190,219,159
Indonesia,2008,189,219,158
Indonesia,2009,189,218,157
Indonesia,2010,187,216,156
Indonesia,2011,185,213,155
Indonesia,2012,183,211,154
Indonesia,2013,181,209,152
Iran (Islamic Republic of),2003,154,185,122
Iran (Islamic Republic of),2004,139,168,107
Iran (Islamic Republic of),2005,139,171,104
Iran (Islamic Republic of),2006,139,174,101
Iran (Islamic Republic of),2007,138,175,98
Iran (Islamic Republic of),2008,135,173,93
Iran (Islamic Republic of),2009,122,157,85
Iran (Islamic Republic of),2010,106,134,77
Iran (Islamic Republic of),2011,93,116,70
Iran (Islamic Republic of),2012,85,104,65
Iran (Islamic Republic of),2013,83,102,64
Iraq,2003,213,268,155
Iraq,2004,201,251,148
Iraq,2005,209,262,153
Iraq,2006,249,315,177
Iraq,2007,227,286,164
Iraq,2008,167,204,130
Iraq,2009,148,177,119
Iraq,2010,145,174,118
Iraq,2011,144,173,117
Iraq,2012,147,176,118
Iraq,2013,170,208,131
Ireland,2003,82,103,61
Ireland,2004,82,102,61
Ireland,2005,78,97,59
Ireland,2006,78,96,59
Ireland,2007,75,95,54
Ireland,2008,75,91,58
Ireland,2009,77,97,57
Ireland,2010,68,85,51
Ireland,2011,70,88,52
Ireland,2012,69,85,52
Ireland,2013,67,83,51
Israel,2003,71,90,51
Israel,2004,69,90,49
Israel,2005,71,91,51
Israel,2006,68,89,48
Israel,2007,68,88,48
Israel,2008,65,85,45
Israel,2009,63,80,45
Israel,2010,61,79,43
Israel,2011,61,78,44
Israel,2012,60,79,41
Israel,2013,61,79,43
Italy,2003,72,95,48
Italy,2004,66,86,45
Italy,2005,66,87,45
Italy,2006,65,85,44
Italy,2007,63,82,43
Italy,2008,61,80,43
Italy,2009,61,79,44
Italy,2010,60,77,43
Italy,2011,60,77,44
Italy,2012,60,76,43
Italy,2013,58,73,43
Jamaica,2003,166,209,122
Jamaica,2004,165,206,123
Jamaica,2005,161,201,122
Jamaica,2006,150,187,113
Jamaica,2007,148,184,112
Jamaica,2008,145,180,109
Jamaica,2009,142,177,106
Jamaica,2010,138,173,104
Jamaica,2011,139,172,106
Jamaica,2012,138,171,106
Jamaica,2013,136,168,104
Japan,2003,70,95,45
Japan,2004,68,91,45
Japan,2005,69,93,45
Japan,2006,68,91,45
Japan,2007,67,90,44
Japan,2008,66,88,44
Japan,2009,64,86,42
Japan,2010,62,83,41
Japan,2011,64,83,45
Japan,2012,58,76,39
Japan,2013,56,74,38
Jordan,2003,127,144,109
Jordan,2004,125,142,108
Jordan,2005,127,146,107
Jordan,2006,121,138,104
Jordan,2007,120,136,103
Jordan,2008,119,135,101
Jordan,2009,118,134,100
Jordan,2010,117,133,99
Jordan,2011,116,132,98
Jordan,2012,115,131,97
Jordan,2013,114,132,96
Kazakhstan,2003,282,399,163
Kazakhstan,2004,287,407,163
Kazakhstan,2005,294,415,168
Kazakhstan,2006,295,418,167
Kazakhstan,2007,288,409,161
Kazakhstan,2008,258,366,148
Kazakhstan,2009,235,332,138
Kazakhstan,2010,236,334,139
Kazakhstan,2011,224,317,132
Kazakhstan,2012,214,303,127
Kazakhstan,2013,208,294,124
Kenya,2003,437,447,428
Kenya,2004,432,441,424
Kenya,2005,412,422,404
Kenya,2006,388,399,378
Kenya,2007,356,369,344
Kenya,2008,339,354,326
Kenya,2009,317,334,303
Kenya,2010,294,313,275
Kenya,2011,278,301,256
Kenya,2012,263,296,229
Kenya,2013,258,300,215
Kiribati,2003,215,254,178
Kiribati,2004,214,253,176
Kiribati,2005,213,253,175
Kiribati,2006,212,252,174
Kiribati,2007,211,251,173
Kiribati,2008,210,250,171
Kiribati,2009,208,249,170
Kiribati,2010,207,248,168
Kiribati,2011,206,247,167
Kiribati,2012,204,246,165
Kiribati,2013,202,244,163
Kuwait,2003,93,107,68
Kuwait,2004,91,107,67
Kuwait,2005,90,106,66
Kuwait,2006,89,105,65
Kuwait,2007,89,104,64
Kuwait,2008,88,104,63
Kuwait,2009,87,103,63
Kuwait,2010,86,102,62
Kuwait,2011,85,101,61
Kuwait,2012,84,100,61
Kuwait,2013,83,99,60
Kyrgyzstan,2003,217,290,143
Kyrgyzstan,2004,218,290,143
Kyrgyzstan,2005,224,300,146
Kyrgyzstan,2006,234,317,149
Kyrgyzstan,2007,229,316,141
Kyrgyzstan,2008,217,296,138
Kyrgyzstan,2009,201,275,127
Kyrgyzstan,2010,199,277,121
Kyrgyzstan,2011,188,259,119
Kyrgyzstan,2012,180,249,112
Kyrgyzstan,2013,174,240,108
Latvia,2003,209,304,117
Latvia,2004,206,301,113
Latvia,2005,216,320,113
Latvia,2006,229,334,125
Latvia,2007,221,326,117
Latvia,2008,199,293,106
Latvia,2009,184,271,101
Latvia,2010,180,265,97
Latvia,2011,169,247,93
Latvia,2012,163,242,85
Latvia,2013,161,237,86
Lebanon,2003,105,119,91
Lebanon,2004,103,116,89
Lebanon,2005,101,114,88
Lebanon,2006,100,113,87
Lebanon,2007,98,109,85
Lebanon,2008,98,110,85
Lebanon,2009,95,106,83
Lebanon,2010,94,104,82
Lebanon,2011,93,103,82
Lebanon,2012,93,103,81
Lebanon,2013,97,110,83
Lesotho,2003,648,656,644
Lesotho,2004,666,672,664
Lesotho,2005,675,681,675
Lesotho,2006,654,664,651
Lesotho,2007,633,638,634
Lesotho,2008,592,602,590
Lesotho,2009,566,581,560
Lesotho,2010,527,567,498
Lesotho,2011,502,549,466
Lesotho,2012,513,549,487
Lesotho,2013,518,561,485
Liberia,2003,402,443,359
Liberia,2004,329,341,318
Liberia,2005,316,332,301
Liberia,2006,302,322,283
Liberia,2007,286,309,265
Liberia,2008,281,303,260
Liberia,2009,277,298,257
Liberia,2010,272,293,252
Liberia,2011,266,287,246
Liberia,2012,261,282,241
Liberia,2013,258,279,238
Lithuania,2003,202,299,105
Lithuania,2004,204,304,103
Lithuania,2005,222,330,111
Lithuania,2006,229,341,115
Lithuania,2007,240,357,119
Lithuania,2008,224,328,118
Lithuania,2009,192,286,99
Lithuania,2010,188,281,96
Lithuania,2011,180,267,95
Lithuania,2012,176,262,92
Lithuania,2013,178,264,92
Luxembourg,2003,92,121,60
Luxembourg,2004,92,122,60
Luxembourg,2005,90,118,59
Luxembourg,2006,85,111,59
Luxembourg,2007,82,106,58
Luxembourg,2008,80,102,57
Luxembourg,2009,76,95,55
Luxembourg,2010,73,93,52
Luxembourg,2011,72,91,52
Luxembourg,2012,70,87,51
Luxembourg,2013,68,84,51
Madagascar,2003,268,289,248
Madagascar,2004,267,289,246
Madagascar,2005,265,288,243
Madagascar,2006,263,287,240
Madagascar,2007,261,286,237
Madagascar,2008,259,284,234
Madagascar,2009,254,279,228
Madagascar,2010,248,273,222
Madagascar,2011,241,266,216
Madagascar,2012,235,260,210
Madagascar,2013,230,254,205
Malawi,2003,613,614,614
Malawi,2004,615,615,618
Malawi,2005,606,608,607
Malawi,2006,587,592,585
Malawi,2007,559,569,550
Malawi,2008,525,541,511
Malawi,2009,491,512,471
Malawi,2010,462,486,438
Malawi,2011,441,467,415
Malawi,2012,420,450,391
Malawi,2013,394,427,360
Malaysia,2003,138,176,98
Malaysia,2004,137,176,96
Malaysia,2005,135,175,93
Malaysia,2006,134,175,91
Malaysia,2007,133,175,89
Malaysia,2008,132,175,88
Malaysia,2009,131,174,87
Malaysia,2010,131,174,86
Malaysia,2011,130,174,86
Malaysia,2012,129,173,85
Malaysia,2013,128,172,83
Maldives,2003,112,125,99
Maldives,2004,106,119,92
Maldives,2005,93,105,81
Maldives,2006,88,101,75
Maldives,2007,82,95,69
Maldives,2008,81,95,66
Maldives,2009,75,90,59
Maldives,2010,73,89,56
Maldives,2011,67,85,49
Maldives,2012,65,83,48
Maldives,2013,64,82,46
Mali,2003,299,296,302
Mali,2004,296,294,298
Mali,2005,290,289,291
Mali,2006,288,287,289
Mali,2007,282,282,282
Mali,2008,278,278,278
Mali,2009,276,276,277
Mali,2010,273,273,275
Mali,2011,271,270,273
Mali,2012,270,272,269
Mali,2013,275,279,273
Malta,2003,71,88,54
Malta,2004,69,84,53
Malta,2005,67,82,52
Malta,2006,66,81,50
Malta,2007,65,81,48
Malta,2008,64,81,45
Malta,2009,63,79,45
Malta,2010,62,79,44
Malta,2011,59,75,43
Malta,2012,58,75,41
Malta,2013,57,74,40
Mauritania,2003,226,253,201
Mauritania,2004,224,251,200
Mauritania,2005,223,249,198
Mauritania,2006,221,246,197
Mauritania,2007,219,243,195
Mauritania,2008,217,241,193
Mauritania,2009,215,238,192
Mauritania,2010,214,237,190
Mauritania,2011,212,234,189
Mauritania,2012,209,231,187
Mauritania,2013,208,230,185
Mauritius,2003,174,224,123
Mauritius,2004,168,220,114
Mauritius,2005,168,220,113
Mauritius,2006,165,214,113
Mauritius,2007,161,213,107
Mauritius,2008,166,219,109
Mauritius,2009,166,225,104
Mauritius,2010,163,214,110
Mauritius,2011,158,212,100
Mauritius,2012,154,199,106
Mauritius,2013,147,192,99
Mexico,2003,127,162,91
Mexico,2004,124,159,89
Mexico,2005,126,162,90
Mexico,2006,125,161,88
Mexico,2007,123,159,87
Mexico,2008,127,167,88
Mexico,2009,130,168,91
Mexico,2010,127,168,86
Mexico,2011,124,164,84
Mexico,2012,123,162,85
Mexico,2013,120,157,83
Mongolia,2003,271,344,194
Mongolia,2004,284,371,189
Mongolia,2005,274,358,183
Mongolia,2006,271,362,173
Mongolia,2007,260,354,159
Mongolia,2008,225,297,149
Mongolia,2009,235,311,156
Mongolia,2010,250,334,162
Mongolia,2011,235,320,148
Mongolia,2012,231,316,143
Mongolia,2013,227,313,140
Morocco,2003,146,165,127
Morocco,2004,142,160,124
Morocco,2005,137,154,120
Morocco,2006,133,149,117
Morocco,2007,128,143,113
Morocco,2008,123,137,109
Morocco,2009,116,129,104
Morocco,2010,110,120,99
Morocco,2011,104,113,94
Morocco,2012,99,108,91
Morocco,2013,97,106,89
Mozambique,2003,424,457,394
Mozambique,2004,429,461,402
Mozambique,2005,434,463,409
Mozambique,2006,434,461,411
Mozambique,2007,425,452,403
Mozambique,2008,405,436,379
Mozambique,2009,400,430,374
Mozambique,2010,407,439,380
Mozambique,2011,407,441,379
Mozambique,2012,408,441,380
Mozambique,2013,406,441,375
Myanmar,2003,231,261,203
Myanmar,2004,228,257,201
Myanmar,2005,224,252,197
Myanmar,2006,220,248,194
Myanmar,2007,217,245,192
Myanmar,2008,296,343,251
Myanmar,2009,211,239,186
Myanmar,2010,209,237,183
Myanmar,2011,207,236,181
Myanmar,2012,205,234,178
Myanmar,2013,202,231,176
Namibia,2003,471,474,469
Namibia,2004,483,484,483
Namibia,2005,477,477,478
Namibia,2006,431,434,429
Namibia,2007,356,367,349
Namibia,2008,317,336,301
Namibia,2009,306,330,286
Namibia,2010,299,324,278
Namibia,2011,268,298,242
Namibia,2012,232,266,203
Namibia,2013,232,273,196
Nepal,2003,220,240,200
Nepal,2004,218,241,195
Nepal,2005,208,229,187
Nepal,2006,201,220,181
Nepal,2007,194,213,175
Nepal,2008,189,208,169
Nepal,2009,183,202,164
Nepal,2010,178,197,158
Nepal,2011,172,191,153
Nepal,2012,167,186,148
Nepal,2013,162,181,144
Netherlands,2003,80,94,66
Netherlands,2004,77,89,63
Netherlands,2005,72,83,61
Netherlands,2006,71,81,59
Netherlands,2007,68,78,57
Netherlands,2008,68,78,57
Netherlands,2009,65,75,56
Netherlands,2010,64,74,54
Netherlands,2011,63,71,55
Netherlands,2012,62,71,53
Netherlands,2013,60,69,50
New Zealand,2003,82,99,65
New Zealand,2004,79,95,64
New Zealand,2005,78,96,60
New Zealand,2006,76,92,60
New Zealand,2007,76,93,59
New Zealand,2008,75,90,60
New Zealand,2009,73,89,58
New Zealand,2010,71,87,56
New Zealand,2011,72,87,58
New Zealand,2012,70,85,56
New Zealand,2013,69,83,55
Nicaragua,2003,198,255,143
Nicaragua,2004,194,246,144
Nicaragua,2005,194,248,142
Nicaragua,2006,170,222,120
Nicaragua,2007,173,223,125
Nicaragua,2008,169,220,121
Nicaragua,2009,163,212,117
Nicaragua,2010,154,201,111
Nicaragua,2011,147,193,105
Nicaragua,2012,157,208,108
Nicaragua,2013,157,208,109
Niger,2003,280,283,276
Niger,2004,279,282,275
Niger,2005,278,281,273
Niger,2006,277,280,271
Niger,2007,276,280,269
Niger,2008,272,277,264
Niger,2009,263,270,252
Niger,2010,252,263,237
Niger,2011,241,255,223
Niger,2012,232,248,212
Niger,2013,227,243,206
Nigeria,2003,410,426,393
Nigeria,2004,407,423,391
Nigeria,2005,400,416,385
Nigeria,2006,396,411,381
Nigeria,2007,388,403,373
Nigeria,2008,386,401,372
Nigeria,2009,376,392,361
Nigeria,2010,374,389,358
Nigeria,2011,375,390,361
Nigeria,2012,374,389,359
Nigeria,2013,367,387,347
Norway,2003,78,97,58
Norway,2004,77,95,58
Norway,2005,73,89,56
Norway,2006,70,87,53
Norway,2007,67,81,53
Norway,2008,67,83,50
Norway,2009,67,84,50
Norway,2010,66,80,51
Norway,2011,67,82,50
Norway,2012,61,76,46
Norway,2013,62,77,47
Oman,2003,127,148,94
Oman,2004,122,143,90
Oman,2005,118,138,87
Oman,2006,115,134,84
Oman,2007,113,132,82
Oman,2008,109,128,79
Oman,2009,108,125,78
Oman,2010,106,123,76
Oman,2011,105,121,75
Oman,2012,104,118,73
Oman,2013,102,116,72
Pakistan,2003,185,199,170
Pakistan,2004,183,197,168
Pakistan,2005,200,219,179
Pakistan,2006,179,195,162
Pakistan,2007,178,195,160
Pakistan,2008,177,195,158
Pakistan,2009,175,194,155
Pakistan,2010,172,191,153
Pakistan,2011,167,184,149
Pakistan,2012,165,182,146
Pakistan,2013,163,181,145
Panama,2013,118,151,85
Panama,2012,120,157,81
Panama,2011,121,156,84
Panama,2010,122,159,84
Panama,2009,127,166,86
Panama,2008,127,165,88
Panama,2007,124,158,89
Panama,2006,125,160,89
Panama,2005,122,156,87
Panama,2004,123,155,90
Panama,2003,126,162,89
Papua New Guinea,2003,321,360,281
Papua New Guinea,2004,314,352,274
Papua New Guinea,2005,307,344,267
Papua New Guinea,2006,299,337,260
Papua New Guinea,2007,295,332,256
Papua New Guinea,2008,290,328,252
Papua New Guinea,2009,288,326,250
Papua New Guinea,2010,286,324,248
Papua New Guinea,2011,285,322,246
Papua New Guinea,2012,284,321,245
Papua New Guinea,2013,281,318,242
Paraguay,2003,166,186,145
Paraguay,2004,165,185,143
Paraguay,2005,163,183,141
Paraguay,2006,161,181,139
Paraguay,2007,159,179,137
Paraguay,2008,157,177,135
Paraguay,2009,155,175,133
Paraguay,2010,152,172,131
Paraguay,2011,150,169,129
Paraguay,2012,148,168,128
Paraguay,2013,148,167,127
Peru,2003,152,183,119
Peru,2004,151,183,120
Peru,2005,148,179,116
Peru,2006,134,164,103
Peru,2007,133,163,103
Peru,2008,138,169,108
Peru,2009,140,172,108
Peru,2010,140,172,107
Peru,2011,133,164,102
Peru,2012,129,159,99
Peru,2013,125,155,94
Philippines,2003,217,274,158
Philippines,2004,218,275,157
Philippines,2005,223,282,160
Philippines,2006,219,278,158
Philippines,2007,216,274,154
Philippines,2008,217,275,154
Philippines,2009,219,277,156
Philippines,2010,218,277,154
Philippines,2011,218,278,153
Philippines,2012,217,278,152
Philippines,2013,219,280,152
Poland,2003,142,203,79
Poland,2004,143,207,78
Poland,2005,144,208,77
Poland,2006,144,210,77
Poland,2007,144,209,75
Poland,2008,140,205,73
Poland,2009,136,196,73
Poland,2010,130,188,70
Poland,2011,128,183,71
Poland,2012,125,178,71
Poland,2013,120,171,69
Portugal,2003,105,146,64
Portugal,2004,99,139,60
Portugal,2005,101,142,60
Portugal,2006,96,138,55
Portugal,2007,94,133,56
Portugal,2008,92,129,55
Portugal,2009,90,126,55
Portugal,2010,88,124,53
Portugal,2011,85,120,51
Portugal,2012,81,115,49
Portugal,2013,79,112,47
Qatar,2003,85,94,61
Qatar,2004,84,93,59
Qatar,2005,84,93,56
Qatar,2006,83,92,54
Qatar,2007,83,91,52
Qatar,2008,82,90,51
Qatar,2009,79,88,51
Qatar,2010,76,84,50
Qatar,2011,74,81,50
Qatar,2012,72,78,49
Qatar,2013,70,77,48
Romania,2003,174,238,107
Romania,2004,165,228,100
Romania,2005,162,222,100
Romania,2006,157,217,96
Romania,2007,154,214,92
Romania,2008,159,222,93
Romania,2009,158,222,92
Romania,2010,153,217,87
Romania,2011,139,197,80
Romania,2012,138,196,80
Romania,2013,138,196,78
Russian Federation,2003,322,459,170
Russian Federation,2004,321,459,170
Russian Federation,2005,327,466,173
Russian Federation,2006,300,432,159
Russian Federation,2007,282,407,149
Russian Federation,2008,278,403,148
Russian Federation,2009,261,378,139
Russian Federation,2010,256,372,136
Russian Federation,2011,242,353,129
Russian Federation,2012,237,346,126
Russian Federation,2013,229,335,122
Rwanda,2003,408,500,324
Rwanda,2004,397,489,315
Rwanda,2005,370,463,286
Rwanda,2006,328,427,239
Rwanda,2007,295,395,205
Rwanda,2008,282,379,196
Rwanda,2009,288,390,196
Rwanda,2010,260,353,178
Rwanda,2011,247,339,167
Rwanda,2012,239,328,161
Rwanda,2013,233,321,157
Saint Lucia,2003,171,195,147
Saint Lucia,2004,166,192,140
Saint Lucia,2005,160,188,133
Saint Lucia,2006,155,184,126
Saint Lucia,2007,151,181,121
Saint Lucia,2008,149,178,118
Saint Lucia,2009,147,176,116
Saint Lucia,2010,147,178,117
Saint Lucia,2011,143,173,113
Saint Lucia,2012,142,171,112
Saint Lucia,2013,141,171,112
Saint Vincent and the Grenadines,2003,184,213,152
Saint Vincent and the Grenadines,2004,181,210,149
Saint Vincent and the Grenadines,2005,177,205,147
Saint Vincent and the Grenadines,2006,173,199,144
Saint Vincent and the Grenadines,2007,170,195,142
Saint Vincent and the Grenadines,2008,167,192,140
Saint Vincent and the Grenadines,2009,165,189,137
Saint Vincent and the Grenadines,2010,162,187,135
Saint Vincent and the Grenadines,2011,160,185,133
Saint Vincent and the Grenadines,2012,159,183,132
Saint Vincent and the Grenadines,2013,161,187,133
Samoa,2003,169,209,125
Samoa,2004,162,200,120
Samoa,2005,160,197,118
Samoa,2006,153,189,113
Samoa,2007,149,185,110
Samoa,2008,146,181,108
Samoa,2009,172,212,128
Samoa,2010,144,178,106
Samoa,2011,139,172,102
Samoa,2012,136,169,99
Samoa,2013,131,163,95
Sao Tome and Principe,2003,225,255,198
Sao Tome and Principe,2004,224,255,196
Sao Tome and Principe,2005,222,254,193
Sao Tome and Principe,2006,220,252,190
Sao Tome and Principe,2007,217,250,187
Sao Tome and Principe,2008,215,248,184
Sao Tome and Principe,2009,210,242,180
Sao Tome and Principe,2010,204,234,176
Sao Tome and Principe,2011,198,226,171
Sao Tome and Principe,2012,194,221,168
Sao Tome and Principe,2013,192,219,166
Saudi Arabia,2003,103,113,92
Saudi Arabia,2004,102,111,92
Saudi Arabia,2005,101,109,93
Saudi Arabia,2006,100,107,93
Saudi Arabia,2007,99,106,93
Saudi Arabia,2008,98,104,92
Saudi Arabia,2009,97,102,90
Saudi Arabia,2010,94,100,87
Saudi Arabia,2011,92,98,85
Saudi Arabia,2012,90,96,83
Saudi Arabia,2013,89,95,81
Senegal,2003,251,284,221
Senegal,2004,247,279,219
Senegal,2005,242,272,215
Senegal,2006,236,264,212
Senegal,2007,230,256,207
Senegal,2008,225,251,202
Senegal,2009,219,247,195
Senegal,2010,212,243,186
Senegal,2011,206,239,178
Senegal,2012,200,235,170
Senegal,2013,196,232,165
Seychelles,2003,185,254,103
Seychelles,2004,186,256,104
Seychelles,2005,185,256,102
Seychelles,2006,185,256,101
Seychelles,2007,185,257,100
Seychelles,2008,184,256,99
Seychelles,2009,182,254,98
Seychelles,2010,180,251,97
Seychelles,2011,177,247,96
Seychelles,2012,174,244,94
Seychelles,2013,172,241,93
Sierra Leone,2003,507,528,487
Sierra Leone,2004,496,515,477
Sierra Leone,2005,480,496,465
Sierra Leone,2006,464,475,452
Sierra Leone,2007,450,458,442
Sierra Leone,2008,441,447,436
Sierra Leone,2009,433,437,429
Sierra Leone,2010,424,427,421
Sierra Leone,2011,418,419,416
Sierra Leone,2012,411,412,410
Sierra Leone,2013,407,409,405
Singapore,2003,73,94,52
Singapore,2004,71,91,50
Singapore,2005,69,88,49
Singapore,2006,66,85,48
Singapore,2007,65,82,47
Singapore,2008,64,81,46
Singapore,2009,62,79,45
Singapore,2010,61,77,44
Singapore,2011,60,76,43
Singapore,2012,59,75,42
Singapore,2013,57,74,41
Slovakia,2003,144,208,79
Slovakia,2004,138,197,79
Slovakia,2005,141,202,78
Slovakia,2006,138,198,77
Slovakia,2007,140,199,79
Slovakia,2008,136,197,73
Slovakia,2009,131,186,75
Slovakia,2010,124,177,69
Slovakia,2011,122,174,70
Slovakia,2012,118,169,67
Slovakia,2013,114,162,67
Slovenia,2003,119,167,68
Slovenia,2004,113,154,70
Slovenia,2005,104,142,64
Slovenia,2006,107,152,57
Slovenia,2007,102,142,59
Slovenia,2008,96,135,54
Slovenia,2009,90,124,53
Slovenia,2010,87,120,51
Slovenia,2011,84,117,49
Slovenia,2012,81,112,47
Slovenia,2013,78,108,46
Solomon Islands,2003,215,239,190
Solomon Islands,2004,209,232,186
Solomon Islands,2005,204,226,183
Solomon Islands,2006,200,220,179
Solomon Islands,2007,200,220,180
Solomon Islands,2008,193,211,173
Solomon Islands,2009,192,211,172
Solomon Islands,2010,188,207,168
Solomon Islands,2011,186,205,166
Solomon Islands,2012,184,203,163
Solomon Islands,2013,182,202,161
Somalia,2003,344,371,317
Somalia,2004,341,368,315
Somalia,2005,334,358,310
Somalia,2006,337,364,310
Somalia,2007,340,370,309
Somalia,2008,336,366,306
Somalia,2009,335,365,304
Somalia,2010,336,370,303
Somalia,2011,329,360,298
Somalia,2012,336,372,299
Somalia,2013,318,346,289
South Africa,2003,485,532,451
South Africa,2004,497,541,467
South Africa,2005,498,542,467
South Africa,2006,496,538,466
South Africa,2007,486,529,454
South Africa,2008,473,516,439
South Africa,2009,449,495,412
South Africa,2010,428,476,389
South Africa,2011,413,464,368
South Africa,2012,408,465,356
South Africa,2013,371,435,310
South Sudan,2003,383,401,365
South Sudan,2004,383,400,366
South Sudan,2005,383,400,367
South Sudan,2006,383,398,368
South Sudan,2007,381,395,366
South Sudan,2008,377,391,363
South Sudan,2009,369,383,357
South Sudan,2010,359,371,347
South Sudan,2011,355,370,342
South Sudan,2012,347,362,333
South Sudan,2013,345,361,329
Spain,2003,83,117,49
Spain,2004,79,112,45
Spain,2005,77,109,43
Spain,2006,73,104,42
Spain,2007,72,102,41
Spain,2008,70,97,41
Spain,2009,66,92,40
Spain,2010,64,88,39
Spain,2011,63,85,40
Spain,2012,61,83,39
Spain,2013,60,80,39
Sri Lanka,2003,146,206,84
Sri Lanka,2004,197,267,123
Sri Lanka,2005,138,197,79
Sri Lanka,2006,145,208,81
Sri Lanka,2007,146,210,81
Sri Lanka,2008,172,250,92
Sri Lanka,2009,183,266,96
Sri Lanka,2010,138,200,77
Sri Lanka,2011,141,204,78
Sri Lanka,2012,143,207,78
Sri Lanka,2013,142,207,78
Sudan,2003,278,314,241
Sudan,2004,278,316,239
Sudan,2005,261,292,230
Sudan,2006,260,292,228
Sudan,2007,254,284,223
Sudan,2008,251,281,220
Sudan,2009,248,279,217
Sudan,2010,243,274,212
Sudan,2011,241,273,209
Sudan,2012,235,266,205
Sudan,2013,232,262,202
Suriname,2003,223,275,166
Suriname,2004,214,273,151
Suriname,2005,205,260,147
Suriname,2006,199,253,142
Suriname,2007,202,253,149
Suriname,2008,196,248,142
Suriname,2009,196,248,141
Suriname,2010,190,240,137
Suriname,2011,187,234,137
Suriname,2012,178,222,131
Suriname,2013,179,224,131
Swaziland,2003,600,634,571
Swaziland,2004,609,640,583
Swaziland,2005,603,631,580
Swaziland,2006,564,594,541
Swaziland,2007,510,546,481
Swaziland,2008,477,537,422
Swaziland,2009,460,518,408
Swaziland,2010,459,516,408
Swaziland,2011,438,503,379
Swaziland,2012,412,479,351
Swaziland,2013,393,454,336
Sweden,2003,69,84,53
Sweden,2004,70,86,54
Sweden,2005,66,81,52
Sweden,2006,64,79,50
Sweden,2007,63,78,48
Sweden,2008,62,77,48
Sweden,2009,62,75,47
Sweden,2010,58,73,44
Sweden,2011,58,72,45
Sweden,2012,57,69,45
Sweden,2013,57,68,45
Switzerland,2003,72,92,51
Switzerland,2004,69,89,48
Switzerland,2005,66,85,47
Switzerland,2006,65,81,47
Switzerland,2007,63,79,46
Switzerland,2008,60,76,43
Switzerland,2009,60,77,42
Switzerland,2010,57,71,43
Switzerland,2011,55,69,40
Switzerland,2012,54,67,40
Switzerland,2013,52,65,39
Syrian Arab Republic,2003,134,169,96
Syrian Arab Republic,2004,131,164,95
Syrian Arab Republic,2005,127,156,94
Syrian Arab Republic,2006,123,150,94
Syrian Arab Republic,2007,121,146,95
Syrian Arab Republic,2008,122,146,96
Syrian Arab Republic,2009,124,149,98
Syrian Arab Republic,2010,127,155,99
Syrian Arab Republic,2011,163,206,117
Syrian Arab Republic,2012,320,416,210
Syrian Arab Republic,2013,307,399,200
Tajikistan,2003,182,231,130
Tajikistan,2004,177,231,120
Tajikistan,2005,194,253,132
Tajikistan,2006,183,238,126
Tajikistan,2007,181,235,125
Tajikistan,2008,178,231,123
Tajikistan,2009,174,226,120
Tajikistan,2010,171,221,119
Tajikistan,2011,166,213,118
Tajikistan,2012,164,209,118
Tajikistan,2013,163,207,118
Thailand,2003,189,241,138
Thailand,2004,189,241,137
Thailand,2005,177,227,126
Thailand,2006,168,217,119
Thailand,2007,165,213,116
Thailand,2008,162,210,114
Thailand,2009,160,208,112
Thailand,2010,158,205,110
Thailand,2011,155,201,109
Thailand,2012,154,199,108
Thailand,2013,153,198,108
Togo,2003,355,373,338
Togo,2004,355,372,340
Togo,2005,357,374,341
Togo,2006,345,359,332
Togo,2007,344,357,333
Togo,2008,344,355,333
Togo,2009,336,347,326
Togo,2010,323,335,312
Togo,2011,304,317,293
Togo,2012,294,309,281
Togo,2013,287,306,269
Tonga,2003,153,184,124
Tonga,2004,151,184,122
Tonga,2005,150,183,119
Tonga,2006,148,182,116
Tonga,2007,146,181,114
Tonga,2008,145,179,112
Tonga,2009,147,182,113
Tonga,2010,142,176,109
Tonga,2011,140,174,107
Tonga,2012,138,172,106
Tonga,2013,137,170,105
Trinidad and Tobago,2003,191,241,137
Trinidad and Tobago,2004,190,240,137
Trinidad and Tobago,2005,189,239,136
Trinidad and Tobago,2006,188,237,136
Trinidad and Tobago,2007,187,235,136
Trinidad and Tobago,2008,185,233,135
Trinidad and Tobago,2009,183,230,133
Trinidad and Tobago,2010,179,226,131
Trinidad and Tobago,2011,176,222,129
Trinidad and Tobago,2012,174,219,126
Trinidad and Tobago,2013,172,217,125
Tunisia,2003,107,135,80
Tunisia,2004,105,133,78
Tunisia,2005,104,131,77
Tunisia,2006,102,130,75
Tunisia,2007,102,129,75
Tunisia,2008,102,129,75
Tunisia,2009,102,129,75
Tunisia,2010,102,129,75
Tunisia,2011,103,130,75
Tunisia,2012,103,130,75
Tunisia,2013,103,130,75
Turkey,2003,135,177,94
Turkey,2004,132,174,92
Turkey,2005,129,172,89
Turkey,2006,126,168,86
Turkey,2007,124,166,84
Turkey,2008,121,163,82
Turkey,2009,118,158,80
Turkey,2010,116,155,79
Turkey,2011,114,153,78
Turkey,2012,112,150,77
Turkey,2013,109,145,75
Turkmenistan,2003,231,306,155
Turkmenistan,2004,238,315,159
Turkmenistan,2005,248,328,166
Turkmenistan,2006,245,322,166
Turkmenistan,2007,241,321,159
Turkmenistan,2008,235,312,158
Turkmenistan,2009,215,287,144
Turkmenistan,2010,211,282,140
Turkmenistan,2011,217,287,147
Turkmenistan,2012,220,292,149
Turkmenistan,2013,228,308,148
Uganda,2003,503,524,485
Uganda,2004,485,506,468
Uganda,2005,446,465,429
Uganda,2006,410,427,395
Uganda,2007,410,424,398
Uganda,2008,401,414,389
Uganda,2009,378,392,366
Uganda,2010,362,375,350
Uganda,2011,347,360,335
Uganda,2012,339,353,326
Uganda,2013,325,354,297
Ukraine,2003,256,370,138
Ukraine,2004,267,385,143
Ukraine,2005,278,400,149
Ukraine,2006,267,387,143
Ukraine,2007,277,401,148
Ukraine,2008,273,395,145
Ukraine,2009,231,335,127
Ukraine,2010,212,309,117
Ukraine,2011,204,297,112
Ukraine,2012,205,299,114
Ukraine,2013,198,289,110
United Arab Emirates,2003,98,105,79
United Arab Emirates,2004,95,101,75
United Arab Emirates,2005,92,98,71
United Arab Emirates,2006,89,95,68
United Arab Emirates,2007,87,93,65
United Arab Emirates,2008,85,91,64
United Arab Emirates,2009,84,89,62
United Arab Emirates,2010,82,88,62
United Arab Emirates,2011,81,87,61
United Arab Emirates,2012,80,85,60
United Arab Emirates,2013,78,84,59
United Kingdom of Great Britain and Northern Ireland,2003,86,106,66
United Kingdom of Great Britain and Northern Ireland,2004,83,102,63
United Kingdom of Great Britain and Northern Ireland,2005,82,101,63
United Kingdom of Great Britain and Northern Ireland,2006,82,101,62
United Kingdom of Great Britain and Northern Ireland,2007,80,99,61
United Kingdom of Great Britain and Northern Ireland,2008,80,98,61
United Kingdom of Great Britain and Northern Ireland,2009,78,97,59
United Kingdom of Great Britain and Northern Ireland,2010,77,94,59
United Kingdom of Great Britain and Northern Ireland,2011,74,91,58
United Kingdom of Great Britain and Northern Ireland,2012,72,88,56
United Kingdom of Great Britain and Northern Ireland,2013,72,89,55
United States of America,2003,114,144,83
United States of America,2004,111,141,81
United States of America,2005,112,142,82
United States of America,2006,113,142,82
United States of America,2007,110,139,80
United States of America,2008,108,137,79
United States of America,2009,108,135,80
United States of America,2010,105,132,78
United States of America,2011,106,133,79
United States of America,2012,106,132,79
United States of America,2013,106,132,79
Uruguay,2003,121,158,85
Uruguay,2004,122,158,87
Uruguay,2005,123,156,90
Uruguay,2006,117,149,86
Uruguay,2007,124,155,93
Uruguay,2008,119,147,91
Uruguay,2009,118,148,89
Uruguay,2010,118,147,89
Uruguay,2011,111,142,80
Uruguay,2012,118,148,89
Uruguay,2013,117,147,87
Uzbekistan,2003,183,232,134
Uzbekistan,2004,183,232,135
Uzbekistan,2005,192,245,140
Uzbekistan,2006,185,235,136
Uzbekistan,2007,184,234,136
Uzbekistan,2008,184,233,135
Uzbekistan,2009,183,232,135
Uzbekistan,2010,183,233,134
Uzbekistan,2011,183,234,134
Uzbekistan,2012,184,236,134
Uzbekistan,2013,185,237,134
Vanuatu,2003,173,196,147
Vanuatu,2004,169,193,144
Vanuatu,2005,165,189,139
Vanuatu,2006,161,185,135
Vanuatu,2007,157,181,131
Vanuatu,2008,153,177,127
Vanuatu,2009,149,173,124
Vanuatu,2010,145,169,120
Vanuatu,2011,141,165,117
Vanuatu,2012,138,162,114
Vanuatu,2013,135,159,111
Venezuela (Bolivarian Republic of),2003,172,229,111
Venezuela (Bolivarian Republic of),2004,161,214,106
Venezuela (Bolivarian Republic of),2005,158,207,107
Venezuela (Bolivarian Republic of),2006,163,214,108
Venezuela (Bolivarian Republic of),2007,165,220,107
Venezuela (Bolivarian Republic of),2008,168,224,109
Venezuela (Bolivarian Republic of),2009,166,220,108
Venezuela (Bolivarian Republic of),2010,158,208,107
Venezuela (Bolivarian Republic of),2011,158,207,106
Venezuela (Bolivarian Republic of),2012,161,214,104
Venezuela (Bolivarian Republic of),2013,159,211,105
Yemen,2003,249,271,226
Yemen,2004,247,269,225
Yemen,2005,245,267,223
Yemen,2006,242,264,221
Yemen,2007,240,262,219
Yemen,2008,238,259,217
Yemen,2009,235,256,215
Yemen,2010,233,255,213
Yemen,2011,234,257,211
Yemen,2012,236,262,211
Yemen,2013,226,248,206
Zambia,2003,604,639,571
Zambia,2004,578,614,544
Zambia,2005,554,590,520
Zambia,2006,526,562,491
Zambia,2007,487,525,450
Zambia,2008,405,448,363
Zambia,2009,368,408,329
Zambia,2010,363,398,328
Zambia,2011,366,408,325
Zambia,2012,349,393,303
Zambia,2013,328,374,281
Zimbabwe,2003,715,697,732
Zimbabwe,2004,723,703,741
Zimbabwe,2005,717,697,736
Zimbabwe,2006,700,679,720
Zimbabwe,2007,670,648,692
Zimbabwe,2008,632,630,636
Zimbabwe,2009,587,598,578
Zimbabwe,2010,527,542,513
Zimbabwe,2011,464,486,443
Zimbabwe,2012,429,453,407
Zimbabwe,2013,399,426,373
